,Symbol,Security Name,ETF
0,AAAP,Pacer Barings CLO Market Flex ETF,Y
1,AACG,"ATA Creativity Global - American Depositary Shares, each representing two common shares",N
2,AACI,Armada Acquisition Corp. III - Class A Ordinary Share,N
3,AACIU,Armada Acquisition Corp. III - Units,N
4,AACIW,Armada Acquisition Corp. III - Warrant,N
5,AACO,Abony Acquisition Corp. I - Class A Ordinary Share,N
6,AACOU,Abony Acquisition Corp. I - Units,N
7,AACOW,Abony Acquisition Corp. I - Warrants,N
8,AACP,Apogee Acquisition Corp - Class A Ordinary Shares,N
9,AACPR,Apogee Acquisition Corp - Rights,N
10,AACPU,Apogee Acquisition Corp - Units,N
11,AACPW,Apogee Acquisition Corp - Warrant,N
12,AADR,AdvisorShares Dorsey Wright ADR ETF,Y
13,AAEQ,Alpha Architect US Equity 2 ETF,Y
14,AAL,"American Airlines Group, Inc. - Common Stock",N
15,AALG,Leverage Shares 2X Long AAL Daily ETF,Y
16,AAME,Atlantic American Corporation - Common Stock,N
17,AAOI,"Applied Optoelectronics, Inc. - Common Stock",N
18,AAON,"AAON, Inc. - Common Stock",N
19,AAPB,GraniteShares 2x Long AAPL Daily ETF,Y
20,AAPD,Direxion Daily AAPL Bear 1X ETF,Y
21,AAPG,Ascentage Pharma Group International - American Depository Shares,N
22,AAPL,Apple Inc. - Common Stock,N
23,AAPU,Direxion Daily AAPL Bull 2X ETF,Y
24,AARD,"Aardvark Therapeutics, Inc. - Common Stock",N
25,AAUB,Alpha Architect US Equity 4 ETF,Y
26,AAUS,Alpha Architect US Equity ETF,Y
27,AAVM,Alpha Architect Global Factor Equity ETF,Y
28,AAXJ,iShares MSCI All Country Asia ex Japan ETF,Y
29,ABAT,American Battery Technology Company - Common Stock,N
30,ABCL,AbCellera Biologics Inc. - Common Shares,N
31,ABCS,Alpha Blue Capital US Small-Mid Cap Dynamic ETF,Y
32,ABEO,Abeona Therapeutics Inc. - Common Stock,N
33,ABI,VictoryShares Pioneer Asset-Based Income ETF,Y
34,ABIG,Argent Large Cap ETF,Y
35,ABLV,Able View Global Inc. - Class B Ordinary Shares,N
36,ABLVW,Able View Global Inc. - Warrant,N
37,ABNB,"Airbnb, Inc. - Class A Common Stock",N
38,ABOS,"Acumen Pharmaceuticals, Inc. - Common Stock",N
39,ABSI,Absci Corporation - Common Stock,N
40,ABTC,American Bitcoin Corp. - Class A Common Stock,N
41,ABTS,Abits Group Inc - Ordinary Shares,N
42,ABUS,Arbutus Biopharma Corporation - Common Stock,N
43,ABVC,"ABVC BioPharma, Inc. - Common Stock",N
44,ABVX,Abivax SA - American Depositary Shares,N
45,ACAA,Averin Capital Acquisition Corp. - Class A Ordinary Shares,N
46,ACAAU,Averin Capital Acquisition Corp. - Units,N
47,ACAAW,Averin Capital Acquisition Corp. - Warrants,N
48,ACAD,ACADIA Pharmaceuticals Inc. - Common Stock,N
49,ACB,Aurora Cannabis Inc. - Common Shares,N
50,ACCL,Acco Group Holdings Limited - Class A Ordinary Shares,N
51,ACDC,ProFrac Holding Corp. - Class A Common Stock,N
52,ACEP,ARS Core Equity Portfolio ETF,Y
53,ACET,"Adicet Bio, Inc. - Common Stock",N
54,ACFN,"Acorn Energy, Inc. - Common Stock",N
55,ACGC,ACP Holdings Acquisition Corp. - Class A Ordinary Shares,N
56,ACGCU,ACP Holdings Acquisition Corp. - Units,N
57,ACGCW,ACP Holdings Acquisition Corp. - Warrants,N
58,ACGL,Arch Capital Group Ltd. - Common Stock,N
59,ACGLN,"Arch Capital Group Ltd. - Depositary Shares, each Representing a 1/1,000th Interest in a 4.550% Non-Cumulative Preferred Share, Series G",N
60,ACGLO,"Arch Capital Group Ltd. - Depositary Shares Each Representing 1/1,000th Interest in a Share of5.45% Non-Cumulative Preferred Shares, Series F",N
61,ACHC,"Acadia Healthcare Company, Inc. - Common Stock",N
62,ACHV,"Achieve Life Sciences, Inc.  - Common Shares",N
63,ACIC,American Coastal Insurance Corporation - Common Stock,N
64,ACIU,AC Immune SA - Common Stock,N
65,ACIW,"ACI Worldwide, Inc. - Common Stock",N
66,ACLS,"Axcelis Technologies, Inc. - Common Stock",N
67,ACMR,"ACM Research, Inc. - Class A Common Stock",N
68,ACNB,ACNB Corporation - Common Stock,N
69,ACNT,Ascent Industries Co. - Common Stock,N
70,ACOG,Alpha Cognition Inc. - Common Stock,N
71,ACON,"Aclarion, Inc. - Common Stock",N
72,ACONW,"Aclarion, Inc. - Warrant",N
73,ACQQ,ProShares Nasdaq-100 Autocallable Income ETF,Y
74,ACRS,"Aclaris Therapeutics, Inc. - Common Stock",N
75,ACRT,ProShares Russell 2000 Autocallable Income ETF,Y
76,ACRV,"Acrivon Therapeutics, Inc. - Common Stock",N
77,ACSP,ProShares S&P 500 Autocallable Income ETF,Y
78,ACT,"Enact Holdings, Inc. - Common Stock",N
79,ACTG,Acacia Research Corporation - Common Stock,N
80,ACTU,"Actuate Therapeutics, Inc. - Common stock",N
81,ACWI,iShares MSCI ACWI ETF,Y
82,ACWX,iShares MSCI ACWI ex U.S. ETF,Y
83,ACXP,"Acurx Pharmaceuticals, Inc. - Common Stock",N
84,ADAC,American Drive Acquisition Company - Class A Ordinary Shares,N
85,ADACU,American Drive Acquisition Company - Units,N
86,ADACW,American Drive Acquisition Company - Warrant,N
87,ADAG,"Adagene Inc. - ADS, each representing 1.25 ordinary shares",N
88,ADAM,"Adamas Trust, Inc. - Common Stock",N
89,ADAMG,"Adamas Trust, Inc. - 9.125% Senior Notes Due 2030",N
90,ADAMH,"Adamas Trust, Inc. - 9.875% Senior Notes Due 2030",N
91,ADAMI,"Adamas Trust, Inc. - 9.125% Senior Notes Due 2029",N
92,ADAMK,"Adamas Trust, Inc. - 9.600% Senior Notes Due 2031",N
93,ADAML,"Adamas Trust, Inc. - 6.875% Series F Fixed-to-Floating Rate Cumulative Redeemable Preferred Stock, $0.01 par value per share",N
94,ADAMM,"Adamas Trust, Inc. - 7.875% Series E Fixed-to-Floating Rate Cumulative Redeemable Preferred Stock",N
95,ADAMN,"Adamas Trust, Inc. - 8.00% Series D Fixed-to-Floating Rate Cumulative Redeemable Preferred Stock",N
96,ADAMO,"Adamas Trust, Inc. - 9.250% Senior Notes Due 2031",N
97,ADAMZ,"Adamas Trust, Inc. - 7.000% Series G Cumulative Redeemable Preferred Stock, $0.01 par value per share",N
98,ADBE,Adobe Inc. - Common Stock,N
99,ADBG,Leverage Shares 2X Long ADBE Daily ETF,Y
100,ADEA,Adeia Inc.  - Common Stock,N
101,ADGM,"Adagio Medical Holdings, Inc - Common Stock",N
102,ADI,"Analog Devices, Inc. - Common Stock",N
103,ADIL,"Adial Pharmaceuticals, Inc - Common Stock",N
104,ADMA,ADMA Biologics Inc - Common Stock,N
105,ADP,"Automatic Data Processing, Inc. - Common Stock",N
106,ADPT,Adaptive Biotechnologies Corporation - Common Stock,N
107,ADSE,ADS-TEC ENERGY PLC - Ordinary Shares,N
108,ADSEW,ADS-TEC ENERGY PLC - Warrant,N
109,ADSK,"Autodesk, Inc. - Common Stock",N
110,ADTN,"ADTRAN Holdings, Inc. - Common Stock",N
111,ADUR,Aduro Clean Technologies Inc. - Common Stock,N
112,ADUS,Addus HomeCare Corporation - Common Stock,N
113,ADV,Advantage Solutions Inc.  - Class A Common Stock,N
114,ADVB,Advanced Biomed Inc. - Common Stock,N
115,ADXN,Addex Therapeutics Ltd - American Depositary Shares,N
116,AEAQ,Activate Energy Acquisition Corp. - Class A Ordinary Share,N
117,AEAQU,Activate Energy Acquisition Corp. - Unit,N
118,AEAQW,Activate Energy Acquisition Corp. - Warrant,N
119,AEBI,Aebi Schmidt Holding AG - Common Stock,N
120,AEC,Anfield Energy Inc. - Common Shares,N
121,AEHL,Antelope Enterprise Holdings Limited - Class A Ordinary Shares,N
122,AEHR,Aehr Test Systems - Common Stock,N
123,AEI,Alset Inc. - Common Stock,N
124,AEIS,"Advanced Energy Industries, Inc. - Common Stock",N
125,AEMD,"Aethlon Medical, Inc. - Common Stock",N
126,AENT,Alliance Entertainment Holding Corporation - common stock,N
127,AENTW,Alliance Entertainment Holding Corporation - Warrants,N
128,AEP,"American Electric Power Company, Inc. - Common Stock",N
129,AERT,"Aeries Technology, Inc. - Class A Ordinary Share",N
130,AERTW,"Aeries Technology, Inc. - Warrant",N
131,AESP,Aeon Acquisition I Corp. - Class A Ordinary Shares,N
132,AESPR,Aeon Acquisition I Corp. - Rights,N
133,AESPU,Aeon Acquisition I Corp. - Units,N
134,AESPW,Aeon Acquisition I Corp. - Warrants,N
135,AEVA,"Aeva Technologies, Inc. - Common Stock",N
136,AEYE,"AudioEye, Inc. - Common Stock",N
137,AFCG,Advanced Flower Capital Inc. - Common Stock,N
138,AFJK,"Aimei Health Technology Co., Ltd - Ordinary Share",N
139,AFJKR,"Aimei Health Technology Co., Ltd - Right",N
140,AFJKU,"Aimei Health Technology Co., Ltd - Unit",N
141,AFOS,ARS Focused Opportunity Strategy ETF,Y
142,AFRI,Forafric Global PLC - Ordinary Shares,N
143,AFRIW,Forafric Global PLC - Warrants,N
144,AFRM,"Affirm Holdings, Inc. - Class A Common Stock",N
145,AFSC,abrdn Focused U.S. Small Cap Active ETF,Y
146,AFYA,Afya Limited - Class A Common Shares,N
147,AGCC,Agencia Comercial Spirits Ltd - Class A Ordinary Share,N
148,AGEM,abrdn Emerging Markets Dividend Active ETF,Y
149,AGEN,Agenus Inc. - Common Stock,N
150,AGGA,EA Astoria Beacon Dynamic Core US Fixed Income ETF,Y
151,AGIO,"Agios Pharmaceuticals, Inc. - Common Stock",N
152,AGIX,KraneShares Public-Private AI & Technology ETF,Y
153,AGMB,AgomAb Therapeutics NV - ADRs representing one common share.,N
154,AGMH,AGM Group Holdings Inc. - Class A Ordinary Shares,N
155,AGMI,Themes Silver Miners ETF,Y
156,AGNC,AGNC Investment Corp. - Common Stock,N
157,AGNCL,"AGNC Investment Corp. - Depositary Shares Each Representing a 1/1,000th Interest in a Share of 7.75% Series G Fixed-Rate Reset Cumulative Redeemable Preferred Stock",N
158,AGNCM,AGNC Investment Corp. - Depositary Shares rep 6.875% Series D Fixed-to-Floating Cumulative Redeemable Preferred Stock,N
159,AGNCN,"AGNC Investment Corp. - Depositary Shares Each Representing a 1/1,000th Interest in a Share of 7.00% Series C Fixed-To-Floating Rate Cumulative Redeemable Preferred Stock",N
160,AGNCO,"AGNC Investment Corp. - Depositary Shares, each representing a 1/1,000th interest in a share of Series E Fixed-to-Floating Cumulative Redeemable Preferred Stock",N
161,AGNCP,"AGNC Investment Corp. - Depositary Shares Each Representing a 1/1,000th Interest in a Share of 6.125% Series F Fixed-to-Floating Rate Cumulative Redeemable Preferred Stock",N
162,AGNCZ,"AGNC Investment Corp. - Depositary Shares Each Representing a 1/1,000th Interest in a Share of 8.75% Series H Fixed-Rate Cumulative Redeemable Preferred Stock",N
163,AGNG,Global X Aging Population ETF,Y
164,AGNT,"AGNT, Inc. - Common Stock",N
165,AGPU,Axe Compute Inc. - Common Stock,N
166,AGRZ,Agroz Inc. - Class A Ordinary Shares,N
167,AGYS,"Agilysys, Inc. - Common Stock",N
168,AGZD,WisdomTree Interest Rate Hedged U.S. Aggregate Bond Fund,Y
169,AHCO,AdaptHealth Corp.  - Common Stock,N
170,AHD,GraniteShares Autocallable HOOD ETF,Y
171,AHG,Akso Health Group - American Depositary Shares,N
172,AHMA,Ambitions Enterprise Management Co. L.L.C - Class A Ordinary Shares,N
173,AIA,iShares Asia 50 ETF,Y
174,AIAI,AIAI Holdings Corporation - Class A common stock,N
175,AIBZ,Bitzero Holdings Inc. - Common Shares,N
176,AIDX,"20/20 Biolabs, Inc. - Common Stock",N
177,AIFA,"All In FutureTech Alliance, Inc. - Common Stock",N
178,AIFC,AI Financial Corporation - Common Stock,N
179,AIFD,TCW Artificial Intelligence ETF,Y
180,AIFF,"Firefly Neuroscience, Inc.  - Common Stock",N
181,AIFU,AIFU Inc. - Class A Ordinary Share,N
182,AIHS,Senmiao Technology Limited - Common Stock,N
183,AIIO,Robo.ai Inc. - Class B Ordinary Shares,N
184,AIIOW,Robo.ai Inc. - Warrant,N
185,AIIR,Air Global PLC - Ordinary shares,N
186,AIMD,"Ainos, Inc. - Common Stock",N
187,AIMDW,"Ainos, Inc. - warrants",N
188,AIMS,Acuitas Small Cap Active ETF,Y
189,AINF,Defiance Inference AI Chip ETF,Y
190,AIOS,AIOS Tech Inc. - Class A Common Shares,N
191,AIOT,"PowerFleet, Inc. - Common Stock",N
192,AIP,"Arteris, Inc.  - Common Stock",N
193,AIPI,REX AI Equity Premium Income ETF,Y
194,AIPO,Defiance AI & Power Infrastructure ETF,Y
195,AIQ,Global X Artificial Intelligence & Technology ETF,Y
196,AIRE,reAlpha Tech Corp. - Common Stock,N
197,AIRG,"Airgain, Inc. - Common Stock",N
198,AIRJ,AirJoule Technologies Corporation - Class A Common Stock,N
199,AIRJW,AirJoule Technologies Corporation - Warrant,N
200,AIRO,"AIRO Group Holdings, Inc. - Common Stock",N
201,AIRR,First Trust RBA American Industrial Renaissance ETF,Y
202,AIRS,"AirSculpt Technologies, Inc. - Common Stock",N
203,AIRT,"Air T, Inc. - Common Stock",N
204,AIRTP,"Air T, Inc. - Trust Preferred Securities",N
205,AISP,"Airship AI Holdings, Inc - Class A Common Stock",N
206,AISPW,"Airship AI Holdings, Inc - Warrants",N
207,AIX,Defiance US 100 Tech AI Moat ETF,Y
208,AIXC,"AIxCrypto Holdings, Inc. - Common Stock",N
209,AIXI,XIAO-I Corporation - American Depositary Shares,N
210,AKAM,"Akamai Technologies, Inc. - Common Stock",N
211,AKAN,Akanda Corp. - Common Shares,N
212,AKBA,"Akebia Therapeutics, Inc. - Common Stock",N
213,AKTS,"Aktis Oncology, Inc. - Common stock",N
214,AKTX,Akari Therapeutics Plc - American Depositary Shares,N
215,ALAB,"Astera Labs, Inc. - Common Stock",N
216,ALAR,Alarum Technologies Ltd. - American Depositary Shares,N
217,ALBG,Leverage Shares 2X Long ALB Daily ETF,Y
218,ALCO,"Alico, Inc. - Common Stock",N
219,ALDF,Aldel Financial II Inc. - Class A Ordinary Shares,N
220,ALDFU,Aldel Financial II Inc. - Units,N
221,ALDFW,Aldel Financial II Inc. - Warrants,N
222,ALDX,"Aldeyra Therapeutics, Inc. - Common Stock",N
223,ALEC,"Alector, Inc. - Common Stock",N
224,ALF,Centurion Acquisition Corp. - Class A Ordinary Shares,N
225,ALFUU,Centurion Acquisition Corp. - Unit,N
226,ALFUW,Centurion Acquisition Corp. - Warrant,N
227,ALGM,"Allegro MicroSystems, Inc. - Common Stock",N
228,ALGN,"Align Technology, Inc. - Common Stock",N
229,ALGS,"Aligos Therapeutics, Inc. - Common stock",N
230,ALGT,Allegiant Travel Company - Common Stock,N
231,ALHC,"Alignment Healthcare, Inc. - Common Stock",N
232,ALIL,Argent Focused Small Cap ETF,Y
233,ALIS,Calisa Acquisition Corp - Ordinary shares,N
234,ALISR,Calisa Acquisition Corp - Right,N
235,ALISU,Calisa Acquisition Corp - Units,N
236,ALKS,Alkermes plc - Ordinary Shares,N
237,ALKT,"Alkami Technology, Inc. - Common Stock",N
238,ALLO,"Allogene Therapeutics, Inc. - Common Stock",N
239,ALLR,"Allarity Therapeutics, Inc. - Common stock",N
240,ALLT,Allot Ltd. - Ordinary Shares,N
241,ALLW,State Street Bridgewater All Weather ETF,Y
242,ALM,Almonty Industries Inc. - Common Shares,N
243,ALMR,"Alamar Biosciences, Inc. - Class A common stock",N
244,ALMS,Alumis Inc. - Common Stock,N
245,ALMU,"Aeluma, Inc. - Common Stock",N
246,ALNT,Allient Inc. - Common Stock,N
247,ALNY,"Alnylam Pharmaceuticals, Inc. - Common Stock",N
248,ALOT,"AstroNova, Inc. - Common Stock",N
249,ALOV,"Aldabra 4 Liquidity Opportunity Vehicle, Inc. - Class A Ordinary Shares",N
250,ALOVU,"Aldabra 4 Liquidity Opportunity Vehicle, Inc. - Units",N
251,ALOVW,"Aldabra 4 Liquidity Opportunity Vehicle, Inc. - Warrants",N
252,ALOY,REalloys Inc. - Common Stock,N
253,ALP,Alpha Compute Corp  - Common Stock,N
254,ALPS,ALPS Group Inc - Ordinary Share,N
255,ALPX,Alpex Acquisition Corporation - Class A Ordinary Shares,N
256,ALPXR,Alpex Acquisition Corporation - Rights,N
257,ALPXU,Alpex Acquisition Corporation - Units,N
258,ALPXW,Alpex Acquisition Corporation - Warrants,N
259,ALRM,"Alarm.com Holdings, Inc. - Common Stock",N
260,ALRS,Alerus Financial Corporation - Common Stock,N
261,ALT,"Altimmune, Inc. - Common Stock",N
262,ALTI,"AlTi Global, Inc. - Class A Common Stock",N
263,ALTO,"Alto Ingredients, Inc. - Common Stock",N
264,ALTY,Global X Alternative Income ETF,Y
265,ALVO,Alvotech - Ordinary Shares,N
266,ALVOW,Alvotech - Warrant,N
267,ALXO,ALX Oncology Holdings Inc. - Common Stock,N
268,ALZN,"Alzamend Neuro, Inc. - Common Stock",N
269,AMA,Defiance Daily Target 2X Long AMAT ETF,Y
270,AMACU,AMR Resources Acquisition Corp - Units,N
271,AMAL,Amalgamated Financial Corp. - Common Stock,N
272,AMAN,Amanat Acquisition Corp - Class A Ordinary Shares,N
273,AMAT,"Applied Materials, Inc. - Common Stock",N
274,AMBA,"Ambarella, Inc. - Ordinary Shares",N
275,AMBR,Amber International Holding Limited - American Depositary Shares,N
276,AMCI,AMC Robotics Corporation - Common Stock,N
277,AMCX,AMC Global Media Inc. - Class A Common Stock,N
278,AMD,"Advanced Micro Devices, Inc. - Common Stock",N
279,AMDD,Direxion Daily AMD Bear 1X ETF,Y
280,AMDG,Leverage Shares 2X Long AMD Daily ETF,Y
281,AMDL,GraniteShares 2x Long AMD Daily ETF,Y
282,AMEI,Amana Equity Income ETF,Y
283,AMEM,Amana Developing World ETF,Y
284,AMGN,Amgen Inc. - Common Stock,N
285,AMGR,Amana Growth ETF,Y
286,AMID,Argent Mid Cap ETF,Y
287,AMIX,"Autonomix Medical, Inc. - Common Stock",N
288,AMKR,"Amkor Technology, Inc. - Common Stock",N
289,AMLX,"Amylyx Pharmaceuticals, Inc. - Common Stock",N
290,AMOD,"Alpha Modus Holdings, Inc. - Class A Common Stock",N
291,AMODW,"Alpha Modus Holdings, Inc. - Warrant",N
292,AMPG,"Amplitech Group, Inc. - Common Stock",N
293,AMPGZ,"Amplitech Group, Inc. - Series B Right",N
294,AMPH,"Amphastar Pharmaceuticals, Inc. - Common Stock",N
295,AMPL,"Amplitude, Inc. - Class A Common Stock",N
296,AMRN,Amarin Corporation plc - American Depositary Shares,N
297,AMRX,"Amneal Pharmaceuticals, Inc. - Class A Common Stock",N
298,AMSC,American Superconductor Corporation - Common Stock,N
299,AMSF,"AMERISAFE, Inc. - Common Stock",N
300,AMSS,AMASS Brands Inc. - Common Stock,N
301,AMST,Amesite Inc. - Common Stock,N
302,AMTX,"Aemetis, Inc - Common Stock",N
303,AMUN,abrdn Ultra Short Municipal Income Active ETF,Y
304,AMUU,Direxion Daily AMD Bull 2X ETF,Y
305,AMYY,GraniteShares YieldBOOST AMD ETF,Y
306,AMZD,Direxion Daily AMZN Bear 1X ETF,Y
307,AMZN,"Amazon.com, Inc. - Common Stock",N
308,AMZU,Direxion Daily AMZN Bull 2X ETF,Y
309,AMZZ,GraniteShares 2x Long AMZN Daily ETF,Y
310,ANAB,"AnaptysBio, Inc. - Common Stock",N
311,ANDE,"The Andersons, Inc. - Common Stock",N
312,ANEL,Defiance Daily Target 2x Long ANET ETF,Y
313,ANGH,Anghami Inc. - Ordinary Shares,N
314,ANGHW,Anghami Inc. - Warrants,N
315,ANGI,Angi Inc. - Class A Common Stock,N
316,ANGL,VanEck Fallen Angel High Yield Bond ETF,Y
317,ANGO,"AngioDynamics, Inc. - Common Stock",N
318,ANGU,SEI Ang Research Enhanced U.S. Large Cap ETF,Y
319,ANIK,Anika Therapeutics Inc. - Common Stock,N
320,ANIP,"ANI Pharmaceuticals, Inc. - Common Stock",N
321,ANIX,"Anixa Biosciences, Inc. - Common Stock",N
322,ANL,Adlai Nortye Ltd. - American Depositary Shares,N
323,ANNA,"AleAnna, Inc. - Class A Common Stock",N
324,ANNAW,"AleAnna, Inc. - Warrant",N
325,ANNX,"Annexon, Inc. - common stock",N
326,ANPA,Rich Sparkle Holdings Limited - Ordinary Shares,N
327,ANTA,Antalpha Platform Holding Company - Class A Ordinary Shares,N
328,ANTX,"AN2 Therapeutics, Inc. - Common Stock",N
329,ANV,GraniteShares Autocallable NVDA ETF,Y
330,ANY,Sphere 3D Corp. - Common Shares,N
331,AOHY,Angel Oak High Yield Opportunities ETF,Y
332,AOSL,Alpha and Omega Semiconductor Limited - Common Shares,N
333,AOTG,AOT Growth and Innovation ETF,Y
334,AOUT,"American Outdoor Brands, Inc. - Common Stock",N
335,APA,APA Corporation - Common Stock,N
336,APAC,StoneBridge Acquisition II Corporation - Class A Ordinary Shares,N
337,APACR,StoneBridge Acquisition II Corporation - Rights,N
338,APACU,StoneBridge Acquisition II Corporation - Units,N
339,APC,ARKO Petroleum Corp. - Class A Common Stock,N
340,APEI,"American Public Education, Inc. - Common Stock",N
341,APGE,"Apogee Therapeutics, Inc. - Common Stock",N
342,API,"Agora, Inc. - ADS",N
343,APLD,Applied Digital Corporation - Common Stock,N
344,APLM,Apollomics Inc. - Class A Ordinary Shares,N
345,APLMW,Apollomics Inc. - Warrant,N
346,APMC,AmperCap Acquisition Company - Ordinary Shares,N
347,APMCR,AmperCap Acquisition Company - Right,N
348,APMCU,AmperCap Acquisition Company - Unit,N
349,APMD,"Apnimed, Inc. - Common Stock",N
350,APOG,"Apogee Enterprises, Inc. - Common Stock",N
351,APP,Applovin Corporation - Class A Common Stock,N
352,APPF,"AppFolio, Inc. - Class A Common Stock",N
353,APPN,Appian Corporation - Class A Common Stock,N
354,APPS,"Digital Turbine, Inc. - Common Stock",N
355,APPX,Tradr 2X Long APP Daily ETF,Y
356,APRE,"Aprea Therapeutics, Inc. - Common Stock",N
357,APUR,Aperture AC - Class A Ordinary Shares,N
358,APURR,Aperture AC - Rights,N
359,APVO,Aptevo Therapeutics Inc. - Common Stock,N
360,APWC,"Asia Pacific Wire & Cable Corporation Limited  - Common shares, Par value .01 per share",N
361,APXT,Apex Treasury Corporation - Class A Ordinary Share,N
362,APXTU,Apex Treasury Corporation - Units,N
363,APXTW,Apex Treasury Corporation - Warrants,N
364,APYX,Apyx Medical Corporation - Common Stock,N
365,AQB,"AquaBounty Technologies, Inc. - Common Stock",N
366,AQLG,HCM Large Cap Growth ETF,Y
367,AQMS,"Aqua Metals, Inc. - Common Stock",N
368,AQST,"Aquestive Therapeutics, Inc. - Common Stock",N
369,AQWA,Global X Clean Water ETF,Y
370,ARAI,Arrive AI Inc. - Common Stock,N
371,ARAY,Accuray Incorporated - Common Stock,N
372,ARBB,ARB IOT Group Limited - Ordinary Shares,N
373,ARBE,Arbe Robotics Ltd. - Ordinary Shares,N
374,ARBEW,Arbe Robotics Ltd. - Warrant,N
375,ARBK,Argo Blockchain plc - American Depositary Shares,N
376,ARCB,ArcBest Corporation - Common Stock,N
377,ARCC,Ares Capital Corporation - Closed End Fund,N
378,ARCI,Archimedes Tech SPAC Partners III Co. - Ordinary Share,N
379,ARCIU,Archimedes Tech SPAC Partners III Co. - Unit,N
380,ARCIW,Archimedes Tech SPAC Partners III Co. - Warrant,N
381,ARCL,ARC Group Acquisition I Corp - Class A Ordinary Shares,N
382,ARCLR,ARC Group Acquisition I Corp - Right,N
383,ARCLU,ARC Group Acquisition I Corp - Unit,N
384,ARCLW,ARC Group Acquisition I Corp - Warrants,N
385,ARCT,Arcturus Therapeutics Holdings Inc. - Common Stock,N
386,ARDX,"Ardelyx, Inc. - Common Stock",N
387,AREC,American Resources Corporation - Class A Common Stock,N
388,ARGX,argenx SE - American Depositary Shares,N
389,ARHS,"Arhaus, Inc. - Class A Common Stock",N
390,ARKO,ARKO Corp. - Common Stock,N
391,ARKR,Ark Restaurants Corp. - Common Stock,N
392,ARLP,"Alliance Resource Partners, L.P. - Common Units Representing Limited Partnership Interests",N
393,ARM,Arm Holdings plc - American Depositary Shares,N
394,ARMG,Leverage Shares 2X Long ARM Daily ETF,Y
395,ARMY,Tema International Defense ETF,Y
396,AROW,Arrow Financial Corporation - Common Stock,N
397,ARQ,"Arq, Inc. - Common Stock",N
398,ARQQ,Arqit Quantum Inc. - Ordinary Shares,N
399,ARQQW,Arqit Quantum Inc. - Warrants,N
400,ARQT,"Arcutis Biotherapeutics, Inc. - Common stock",N
401,ARRY,"Array Technologies, Inc. - Common Stock",N
402,ARTC,Art Technology Acquisition Corp. - Class A Ordinary Shares,N
403,ARTCU,Art Technology Acquisition Corp. - Units,N
404,ARTCW,Art Technology Acquisition Corp. - Warrants,N
405,ARTL,"Artelo Biosciences, Inc. - Common Stock",N
406,ARTNA,Artesian Resources Corporation - Class A Non-Voting Common Stock,N
407,ARTV,"Artiva Biotherapeutics, Inc. - Common Stock",N
408,ARTW,"Art's-Way Manufacturing Co., Inc. - Common Stock",N
409,ARVN,"Arvinas, Inc. - Common Stock",N
410,ARVR,First Trust Indxx Metaverse ETF,Y
411,ARWR,"Arrowhead Pharmaceuticals, Inc. - Common Stock",N
412,ARXS,"Arxis, Inc. - Class A Common Stock",N
413,ASBP,"Aspire Biopharma Holdings, Inc.  - Common Stock",N
414,ASBPW,"Aspire Biopharma Holdings, Inc.  - Warrant",N
415,ASCI,abrdn International Small Cap Active ETF,Y
416,ASD,Defiance Autism Impact ETF,Y
417,ASEC,American Century Securitized Credit ETF,Y
418,ASLE,AerSale Corporation - Common Stock,N
419,ASMB,"Assembly Biosciences, Inc. - Common Stock",N
420,ASMG,Leverage Shares 2X Long ASML Daily ETF,Y
421,ASML,ASML Holding N.V. - New York Registry Shares,N
422,ASMU,Direxion Daily ASML Bull 2X ETF,Y
423,ASND,Ascendis Pharma A/S - Ordinary Share,N
424,ASO,"Academy Sports and Outdoors, Inc. - Common Stock",N
425,ASPC,A SPAC III Acquisition Corp. - Class A Ordinary Shares,N
426,ASPCR,A SPAC III Acquisition Corp. - Right,N
427,ASPCU,A SPAC III Acquisition Corp. - Unit,N
428,ASPI,ASP Isotopes Inc. - Common Stock,N
429,ASPS,Altisource Portfolio Solutions S.A. - Common Stock,N
430,ASPSW,Altisource Portfolio Solutions S.A. - Net Settle Stakeholder Warrants,N
431,ASPSZ,Altisource Portfolio Solutions S.A. - Cash Exercise Stakeholder Warrants,N
432,ASRV,AmeriServ Financial Inc. - Common Stock,N
433,ASST,"Strive, Inc. - Class A Common Stock",N
434,ASTC,Astrotech Corporation - Common Stock,N
435,ASTE,"Astec Industries, Inc. - Common Stock",N
436,ASTH,Astrana Health Inc. - Common Stock,N
437,ASTI,"Ascent Solar Technologies, Inc - Common Stock",N
438,ASTL,Algoma Steel Group Inc. - Common Shares,N
439,ASTLW,Algoma Steel Group Inc. - Warrant,N
440,ASTS,"AST SpaceMobile, Inc. - Class A Common Stock",N
441,ASUR,Asure Software Inc - Common Stock,N
442,ASYS,"Amtech Systems, Inc. - Common Stock",N
443,ATAI,AtaiBeckley Inc. - Common Stock,N
444,ATAT,Atour Lifestyle Holdings Limited - American Depositary Shares,N
445,ATC,GraniteShares Autocallable COIN ETF,Y
446,ATCX,Atlas Critical Minerals Corporation - Common Stock,N
447,ATEC,"Alphatec Holdings, Inc. - Common Stock",N
448,ATER,"Aterian, Inc. - Common Stock",N
449,ATEX,Anterix Inc. - Common Stock,N
450,ATGL,Alpha Technology Group Limited - Class A Ordinary Shares,N
451,ATHE,Alterity Therapeutics Limited - American Depositary Shares,N
452,ATHR,"Aether Holdings, Inc. - Common Stock",N
453,ATII,Archimedes Tech SPAC Partners II Co. - Ordinary Shares,N
454,ATIIU,Archimedes Tech SPAC Partners II Co. - Unit,N
455,ATIIW,Archimedes Tech SPAC Partners II Co. - Warrant,N
456,ATLC,Atlanticus Holdings Corporation - Common Stock,N
457,ATLCL,Atlanticus Holdings Corporation - 6.125% Senior Notes due 2026,N
458,ATLCP,"Atlanticus Holdings Corporation - 7.625% Series B Cumulative Perpetual Preferred Stock, no par value per share",N
459,ATLCZ,Atlanticus Holdings Corporation - 9.25% Senior Notes due 2029,N
460,ATLO,Ames National Corporation - Common Stock,N
461,ATLX,Atlas Lithium Corporation - Common Stock,N
462,ATNI,"ATN International, Inc. - Common Stock",N
463,ATOM,Atomera Incorporated - Common Stock,N
464,ATOS,"Atossa Therapeutics, Inc. - Common Stock",N
465,ATPC,Agape ATP Corporation - Common Stock,N
466,ATRA,"Atara Biotherapeutics, Inc. - Common Stock",N
467,ATRC,"AtriCure, Inc. - Common Stock",N
468,ATRO,Astronics Corporation - Common Stock,N
469,ATTO,"Attovia Therapeutics, Inc. - Common Stock",N
470,ATXG,Addentax Group Corp. - Common Stock,N
471,ATYR,"aTyr Pharma, Inc. - Common Stock",N
472,AUBN,"Auburn National Bancorporation, Inc. - Common Stock",N
473,AUC,ATIF Holdings Limited - Ordinary Shares,N
474,AUDC,AudioCodes Ltd. - Ordinary Shares,N
475,AUGO,Aura Minerals Inc. - Common Shares,N
476,AUID,authID Inc. - Common Stock,N
477,AUMI,Themes Gold Miners ETF,Y
478,AUPH,Aurinia Pharmaceuticals Inc - Common Shares,N
479,AUR,"Aurora Innovation, Inc.  - Class A Common Stock",N
480,AURA,"Aura Biosciences, Inc. - Common Stock",N
481,AURE,Aurelion Inc.  - Class A Ordinary Shares,N
482,AUROW,"Aurora Innovation, Inc.  - Warrant",N
483,AUTL,Autolus Therapeutics plc - American Depositary Shares,N
484,AUUD,Auddia Inc. - Common Stock,N
485,AVAH,Aveanna Healthcare Holdings Inc. - Common Stock,N
486,AVAT,Avalanche Treasury Corporation - Class A Common Stock,N
487,AVAV,"AeroVironment, Inc. - Common Stock",N
488,AVBH,"Avidbank Holdings, Inc. - Common Stock",N
489,AVBP,"ArriVent BioPharma, Inc. - Common Stock",N
490,AVGB,Avantis Credit ETF,Y
491,AVGG,Leverage Shares 2X Long AVGO Daily ETF,Y
492,AVGO,Broadcom Inc. - Common Stock,N
493,AVGU,GraniteShares 2x Long AVGO Daily ETF,Y
494,AVGX,Defiance Daily Target 2X Long AVGO ETF,Y
495,AVIR,"Atea Pharmaceuticals, Inc. - common stock",N
496,AVL,Direxion Daily AVGO Bull 2X ETF,Y
497,AVLN,Avalyn Pharma Inc. - common stock,N
498,AVNW,"Aviat Networks, Inc. - Common Stock",N
499,AVO,"Mission Produce, Inc. - Common Stock",N
500,AVOS,Avos Global Equities ETF,Y
501,AVPT,"AvePoint, Inc. - Class A Common Stock",N
502,AVR,Anteris Technologies Global Corp. - Common Stock,N
503,AVS,Direxion Daily AVGO Bear 1X ETF,Y
504,AVT,"Avnet, Inc. - Common Stock",N
505,AVTX,"Avalo Therapeutics, Inc. - Common Stock",N
506,AVUQ,Avantis U.S. Quality ETF,Y
507,AVX,Avax One Technology Ltd. - Common Shares,N
508,AVXC,Avantis Emerging Markets ex-China Equity ETF,Y
509,AVXL,Anavex Life Sciences Corp. - Common Stock,N
510,AVXX,Defiance Daily Target 2x Long AVAV ETF,Y
511,AWRE,"Aware, Inc. - Common Stock",N
512,AXG,Solowin Holdings - Class A Ordinary Share,N
513,AXGN,"Axogen, Inc. - Common Stock",N
514,AXIN,Axiom Intelligence Acquisition Corp 1 - Class A Ordinary Shares,N
515,AXINR,Axiom Intelligence Acquisition Corp 1 - Right,N
516,AXINU,Axiom Intelligence Acquisition Corp 1 - Units,N
517,AXON,"Axon Enterprise, Inc. - Common Stock",N
518,AXSM,"Axsome Therapeutics, Inc. - Common Stock",N
519,AXTI,AXT Inc - Common Stock,N
520,AYA,Aya Gold & Silver Inc. - Common Shares,N
521,AYTU,"Aytu BioPharma, Inc.  - Common Stock",N
522,AZ,A2Z Cust2Mate Solutions Corp. - Common Shares,N
523,AZI,Autozi Internet Technology (Global) Ltd. - Class A Ordinary Shares,N
524,AZIO,"Azio AI Holdings, Inc. - Common stock",N
525,AZTA,"Azenta, Inc. - Common Stock",N
526,AZYY,GraniteShares YieldBoost AMZN ETF,Y
527,BABU,Direxion Daily BABA Bull 2X ETF,Y
528,BABX,GraniteShares 2x Long BABA Daily ETF,Y
529,BACC,Blue Acquisition Corp. - Class A Ordinary Shares,N
530,BACCR,Blue Acquisition Corp. - Right,N
531,BACCU,Blue Acquisition Corp. - Unit,N
532,BAER,"Bridger Aerospace Group Holdings, Inc. - Common Stock",N
533,BAERW,"Bridger Aerospace Group Holdings, Inc. - Warrant",N
534,BAFE,Brown Advisory Flexible Equity ETF,Y
535,BAFN,BayFirst Financial Corp. - Common Stock,N
536,BAIG,Leverage Shares 2X Long BBAI Daily ETF,Y
537,BAIV,Brown Advisory International Value Select ETF,Y
538,BALQ,iShares Nasdaq Premium Income Active ETF,Y
539,BAND,Bandwidth Inc. - Class A Common Stock,N
540,BANF,BancFirst Corporation - Common Stock,N
541,BANFP,BancFirst Corporation - 7.2% Cumulative Trust Preferred Securities,N
542,BANL,CBL International Limited - Class B Ordinary Shares,N
543,BANR,Banner Corporation - Common Stock,N
544,BANX,ArrowMark Financial Corp. - Closed End Fund,N
545,BAOS,Baosheng Media Group Holdings Limited - Ordinary shares,N
546,BASG,Brown Advisory Sustainable Growth ETF,Y
547,BASV,Brown Advisory Sustainable Value ETF,Y
548,BATRA,"Atlanta Braves Holdings, Inc. - Series A Common Stock",N
549,BATRK,"Atlanta Braves Holdings, Inc. - Series C Common Stock",N
550,BBB,CYBER HORNET S&P 500 and Bitcoin 75/25 Strategy ETF,Y
551,BBBYW,"Neighborhood Intelligence, Inc.  - Warrant",N
552,BBCP,"Concrete Pumping Holdings, Inc.  - Common Stock",N
553,BBCQ,Bleichroeder Acquisition Corp. II - Class A Ordinary Shares,N
554,BBCQU,Bleichroeder Acquisition Corp. II - Units,N
555,BBCQW,Bleichroeder Acquisition Corp. II - Warrants,N
556,BBGI,"Beasley Broadcast Group, Inc. - Class A Common Stock",N
557,BBH,VanEck Biotech ETF,Y
558,BBIO,"BridgeBio Pharma, Inc. - Common Stock",N
559,BBLG,Bone Biologics Corp - Common Stock,N
560,BBLGW,Bone Biologics Corp - warrants,N
561,BBNX,"Beta Bionics, Inc. - Common Stock",N
562,BBOT,"BridgeBio Oncology Therapeutics, Inc. - Common Stock",N
563,BBSI,"Barrett Business Services, Inc. - Common Stock",N
564,BBUL,GraniteShares 2x Long BB Daily ETF,Y
565,BBYY,GraniteShares YieldBOOST BABA ETF,Y
566,BCAB,"BioAtla, Inc. - Common Stock",N
567,BCAL,California BanCorp - Common Stock,N
568,BCAR,D. Boral ARC Acquisition I Corp. - Class A Ordinary Shares,N
569,BCARU,D. Boral ARC Acquisition I Corp. - Units,N
570,BCARW,D. Boral ARC Acquisition I Corp. - Warrant,N
571,BCAX,Bicara Therapeutics Inc. - Common Stock,N
572,BCBP,"BCB Bancorp, Inc. (NJ) - Common Stock",N
573,BCCQ,Bleichroeder Acquisition Corp. III - Class A Ordinary Shares,N
574,BCCQU,Bleichroeder Acquisition Corp. III - Units,N
575,BCCQW,Bleichroeder Acquisition Corp. III - Warrant,N
576,BCDA,"BioCardia, Inc. - Common Stock",N
577,BCFN,Baron Financials ETF,Y
578,BCG,"Binah Capital Group, Inc. - Common Stock",N
579,BCGWW,"Binah Capital Group, Inc. - Warrants",N
580,BCIC,BCP Investment Corporation - Closed End Fund,N
581,BCLO,iShares BBB-B CLO Active ETF,Y
582,BCML,BayCom Corp - Common Stock,N
583,BCPC,Balchem Corporation - Common Stock,N
584,BCRX,"BioCryst Pharmaceuticals, Inc. - Common Stock",N
585,BCTK,Baron Technology ETF,Y
586,BCTX,BriaCell Therapeutics Corp. - Common Shares,N
587,BCTXL,BriaCell Therapeutics Corp. - Warrants,N
588,BCTXZ,BriaCell Therapeutics Corp. - Warrant,N
589,BCYC,Bicycle Therapeutics plc - American Depositary Shares,N
590,BDCI,BTC Development Corp. - Class A Ordinary Shares,N
591,BDCIU,BTC Development Corp. - Unit,N
592,BDCIW,BTC Development Corp. - Warrant,N
593,BDGS,Bridges Capital Tactical ETF,Y
594,BDMD,Baird Medical Investment Holdings Ltd - Ordinary Share,N
595,BDMDW,Baird Medical Investment Holdings Ltd - Warrant,N
596,BDRX,Biodexa Pharmaceuticals plc - American Depositary Shares,N
597,BDSX,"Biodesix, Inc. - Common Stock",N
598,BDTX,"Black Diamond Therapeutics, Inc. - Common Stock",N
599,BDVL,iShares Disciplined Volatility Equity Active ETF,Y
600,BDYN,iShares Dynamic Equity Active ETF,Y
601,BEAG,Bold Eagle Acquisition Corp. - Class A Ordinary Shares,N
602,BEAGR,Bold Eagle Acquisition Corp. - Right,N
603,BEAGU,Bold Eagle Acquisition Corp. - Units,N
604,BEAM,Beam Therapeutics Inc. - Common Stock,N
605,BEAT,"Heartbeam, Inc. - Common Stock",N
606,BEATW,"Heartbeam, Inc. - Warrant",N
607,BEDY,BNY Mellon Enhanced Dividend and Income ETF,Y
608,BEEM,Beam Global - Common Stock,N
609,BEEP,Mobile Infrastructure Corporation - Common Stock,N
610,BEEX,The Beehive ETF,Y
611,BEEZ,Honeytree U.S. Equity ETF,Y
612,BEG,Leverage Shares 2x Long BE Daily ETF,Y
613,BELFA,Bel Fuse Inc. - Class A Common Stock,N
614,BELFB,Bel Fuse Inc. - Class B Common Stock,N
615,BENF,Beneficient - Class A Common Stock,N
616,BENFW,Beneficient - Warrant,N
617,BESO,GSR Crypto Core3 ETF,Y
618,BETR,Better Home & Finance Holding Company - Class A Common Stock,N
619,BETRW,Better Home & Finance Holding Company - Warrant,N
620,BFC,Bank First Corporation - Common Stock,N
621,BFLX,iShares Flexible Equity Active ETF,Y
622,BFRG,"Bullfrog AI Holdings, Inc. - Common Stock",N
623,BFRGW,"Bullfrog AI Holdings, Inc. - Warrants",N
624,BFRI,Biofrontera Inc. - Common Stock,N
625,BFRIW,Biofrontera Inc. - Warrants,N
626,BFST,"Business First Bancshares, Inc. - Common Stock",N
627,BGC,"BGC Group, Inc. - Class A Common Stock",N
628,BGCG,Baillie Gifford International Concentrated Growth ETF,Y
629,BGDE,"Big Digital Energy, Inc. - Common Stock",N
630,BGEG,Baillie Gifford Emerging Markets ETF,Y
631,BGGG,Baillie Gifford Long Term Global Growth ETF,Y
632,BGIA,Baillie Gifford International Alpha ETF,Y
633,BGIN,Bgin Blockchain Limited - Class A Ordinary Shares,N
634,BGL,Blue Gold Limited - Class A ordinary shares,N
635,BGLC,BioNexus Gene Lab Corp - Common stock,N
636,BGLWW,Blue Gold Limited - Warrant,N
637,BGM,BGM Group Ltd. - Class A Ordinary Shares,N
638,BGMS,"Bio Green Med Solution, Inc. - Common Stock",N
639,BGRN,iShares USD Green Bond ETF,Y
640,BGRO,iShares Large Cap Growth Active ETF,Y
641,BGUS,Baillie Gifford U.S. Equity Growth ETF,Y
642,BHAV,BHAV Acquisition Corp - Class A Ordinary Shares,N
643,BHAVR,BHAV Acquisition Corp - Rights,N
644,BHAVU,BHAV Acquisition Corp - Units,N
645,BHDG,Nicholas Bitcoin Tail ETF,Y
646,BHF,"Brighthouse Financial, Inc. - Common Stock",N
647,BHFAL,"Brighthouse Financial, Inc. - Junior Subordinated Debentures due 2058",N
648,BHFAM,"Brighthouse Financial, Inc. - Depositary shares each representing a 1/1,000th Interest in a Share of 4.625% Non-Cumulative Preferred Stock, Series D",N
649,BHFAN,"Brighthouse Financial, Inc. - depositary shares, each representing a 1/1,000th interest in a share of 5.375% Non-Cumulative Preferred Stock, Series C",N
650,BHFAO,"Brighthouse Financial, Inc. - Depositary Shares, each representing a 1/1,000th interest in a share of 6.750% Non-Cumulative Preferred Stock, Series B",N
651,BHFAP,"Brighthouse Financial, Inc. - Depositary Shares 6.6% Non-Cumulative Preferred Stock, Series A",N
652,BHRB,Burke & Herbert Financial Services Corp. - Common Stock,N
653,BHST,BioHarvest Sciences Inc. - Common Stock,N
654,BIAF,"bioAffinity Technologies, Inc. - Common Stock",N
655,BIAFW,"bioAffinity Technologies, Inc. - Warrant",N
656,BIB,ProShares Ultra Nasdaq Biotechnology,Y
657,BID,Tribeca Strategic Acquisition Corp. - Class A Ordinary Shares,N
658,BIDG,Leverage Shares 2X Long BIDU Daily ETF,Y
659,BIDU,"Baidu, Inc. - American Depositary Shares, each representing 8 ordinary share",N
660,BIDWR,Tribeca Strategic Acquisition Corp. - Rights,N
661,BIDWU,Tribeca Strategic Acquisition Corp. - Unit,N
662,BIIB,Biogen Inc. - Common Stock,N
663,BILI,Bilibili Inc. - American Depositary Shares,N
664,BIOA,"BioAge Labs, Inc. - Common Stock",N
665,BIOT,Instinct Bio Technical Company Holdings Inc. - Common stock,N
666,BIOTW,Instinct Bio Technical Company Holdings Inc. - Warrants,N
667,BIOX,Bioceres Crop Solutions Corp. - Ordinary Shares,N
668,BIOY,GraniteShares YieldBOOST Biotech ETF,Y
669,BIRD,"Smartbird, Inc. - Class A Common Stock",N
670,BIS,ProShares UltraShort Nasdaq Biotechnology,Y
671,BITA,iShares Bitcoin Premium Income ETF,Y
672,BITS,Global X Blockchain & Bitcoin Strategy ETF,Y
673,BIVI,BioVie Inc. - Common stock,N
674,BIVIW,BioVie Inc. - Warrant,N
675,BIXI,Bitcoin Infrastructure Acquisition Corp Ltd. - Class A Ordinary Shares,N
676,BIXIU,Bitcoin Infrastructure Acquisition Corp Ltd. - Units,N
677,BIXIW,Bitcoin Infrastructure Acquisition Corp Ltd. - Warrants,N
678,BIYA,Baiya International Group Inc.  - Ordinary Shares,N
679,BJDX,"Bluejay Diagnostics, Inc. - Common Stock",N
680,BJRI,"BJ's Restaurants, Inc. - Common Stock",N
681,BKCH,Global X Blockchain ETF,Y
682,BKHA,Black Hawk Acquisition Corporation - Class A Ordinary Shares,N
683,BKHAR,Black Hawk Acquisition Corporation - Rights,N
684,BKHAU,Black Hawk Acquisition Corporation - Units,N
685,BKMI,BNY Mellon Municipal Intermediate ETF,Y
686,BKMS,BNY Mellon Municipal Short Duration ETF,Y
687,BKNG,Booking Holdings Inc. - Common Stock,N
688,BKR,Baker Hughes Company - Common Stock,N
689,BKYI,"BIO-key International, Inc. - Common Stock",N
690,BL,"BlackLine, Inc. - Common Stock",N
691,BLBD,Blue Bird Corporation - Common Stock,N
692,BLCR,iShares Large Cap Core Active ETF,Y
693,BLDP,"Ballard Power Systems, Inc. - Common Shares",N
694,BLFS,"BioLife Solutions, Inc. - Common Stock",N
695,BLIN,"Bridgeline Digital, Inc. - Common Stock",N
696,BLIV,BeLive Holdings - ordinary shares,N
697,BLKB,"Blackbaud, Inc. - Common Stock",N
698,BLLN,"BillionToOne, Inc. - Class A common stock",N
699,BLMN,"Bloomin' Brands, Inc. - Common Stock",N
700,BLNE,"Beeline Holdings, Inc. - Common Stock",N
701,BLNK,Blink Charging Co. - Common Stock,N
702,BLRK,Bluerock Acquisition Corp. - Class A Ordinary Shares,N
703,BLRKU,Bluerock Acquisition Corp. - Units,N
704,BLRKW,Bluerock Acquisition Corp. - Warrants,N
705,BLRX,BioLineRx Ltd. - American Depositary Shares,N
706,BLSG,Leverage Shares 2X Long BLSH Daily ETF,Y
707,BLSM,"BlossomHill Therapeutics, Inc. - Common Stock",N
708,BLTE,"Belite Bio, Inc - American Depositary Shares",N
709,BLUW,Blue Water Acquisition Corp. III - Class A Ordinary Shares,N
710,BLUWU,Blue Water Acquisition Corp. III - Unit.,N
711,BLUWW,Blue Water Acquisition Corp. III - Warrant.,N
712,BLZE,"Backblaze, Inc. - Common Stock",N
713,BLZR,Trailblazer Acquisition Corp. - Class A Ordinary Shares,N
714,BLZRU,Trailblazer Acquisition Corp. - Unit,N
715,BLZRW,Trailblazer Acquisition Corp. - Warrant,N
716,BMBL,Bumble Inc. - common stock,N
717,BMEA,"Biomea Fusion, Inc. - Common Stock",N
718,BMGL,Basel Medical Group Ltd - ordinary shares,N
719,BMHL,Bluemount Holdings Limited - Class B Ordinary Shares,N
720,BMM,Blue Moon Metals Inc. - Common Shares,N
721,BMNG,Leverage Shares 2X Long BMNR Daily ETF,Y
722,BMOP,BNY Mellon Municipal Opportunities ETF,Y
723,BMR,Beamr Imaging Ltd. - Ordinary Share,N
724,BMRA,"Biomerica, Inc. - Common Stock",N
725,BMRC,Bank of Marin Bancorp - Common Stock,N
726,BMRN,BioMarin Pharmaceutical Inc. - Common Stock,N
727,BNAI,Brand Engagement Network Inc. - Common Stock,N
728,BNAIW,Brand Engagement Network Inc. - Warrant,N
729,BNC,CEA Industries Inc. - Common Stock,N
730,BNCWW,CEA Industries Inc. - Warrant,N
731,BNCWZ,CEA Industries Inc. - Warrants,N
732,BND,Vanguard Total Bond Market ETF,Y
733,BNDP,Vanguard Core-Plus Bond Index ETF,Y
734,BNDW,Vanguard Total World Bond ETF,Y
735,BNDX,Vanguard Total International Bond ETF,Y
736,BNGO,"Bionano Genomics, Inc. - Common Stock",N
737,BNKK,"Bonk, Inc. - Common Stock",N
738,BNR,Burning Rock Biotech Limited - American Depositary Shares,N
739,BNTC,Benitec Biopharma Inc. - Common Stock,N
740,BNTX,BioNTech SE - American Depositary Shares,N
741,BODI,"The Beachbody Company, Inc. - Class A Common Stock",N
742,BOEG,Leverage Shares 2X Long BA Daily ETF,Y
743,BOEU,Direxion Daily BA Bull 2X ETF,Y
744,BOF,BranchOut Food Inc. - Common Stock,N
745,BOKF,BOK Financial Corporation - Common Stock,N
746,BOLD,"Boundless Bio, Inc. - Common Stock",N
747,BOLT,"Bolt Biotherapeutics, Inc. - Common Stock",N
748,BON,Bon Natural Life Limited - Class A Ordinary Shares,N
749,BOOM,DMC Global Inc. - Common Stock,N
750,BOSC,B.O.S. Better Online Solutions - Ordinary Shares,N
751,BOT,"RoboStrategy, Inc. - Common Stock",N
752,BOTJ,"Bank of the James Financial Group, Inc. - Common Stock",N
753,BOTT,Themes Humanoid Robotics ETF,Y
754,BOTZ,Global X Robotics & Artificial Intelligence ETF,Y
755,BOXL,Boxlight Corporation - Class A Common Stock,N
756,BPAC,Blueport Acquisition Ltd - Class A Ordinary Shares,N
757,BPACR,Blueport Acquisition Ltd - Rights,N
758,BPACU,Blueport Acquisition Ltd - Units,N
759,BPOP,"Popular, Inc. - Common Stock",N
760,BPOPM,"Popular, Inc. - Popular Capital Trust II - 6.125% Cumulative Monthly Income Trust Preferred Securities",N
761,BPRN,"Princeton Bancorp, Inc. - Common Stock",N
762,BPYPM,"Brookfield Property Partners L.P. - 6.25% Class A Cumulative Redeemable Preferred Units, Series 1",N
763,BPYPN,"Brookfield Property Partners L.P. - 5.750% Class A Cumulative Redeemable Perpetual Preferred Units, Series 3",N
764,BPYPO,"Brookfield Property Partners L.P. - 6.375% Class A Cumulative Redeemable Perpetual Preferred Units, Series 2",N
765,BPYPP,Brookfield Property Partners L.P. - 6.50% Class A Cumulative Redeemable Perpetual Preferred Units,N
766,BRAG,Bragg Gaming Group Inc. - Common Shares,N
767,BRAI,Braiin Limited - Common Stock,N
768,BRBI,BRBI BR Partners S.A. - ADSs,N
769,BRCB,"Black Rock Coffee Bar, Inc. - Class A Common Stock",N
770,BREM,iShares Emerging Markets Bond Active ETF,Y
771,BRES,Burney U.S. Equity Select ETF,Y
772,BREZ,Breeze Acquisition Corp. II - Ordinary Shares,N
773,BREZR,Breeze Acquisition Corp. II - Rights,N
774,BRFH,Barfresh Food Group Inc. - Common Stock,N
775,BRHY,iShares High Yield Active ETF,Y
776,BRID,Bridgford Foods Corporation - Common Stock,N
777,BRKH,Burtech Acquisition Corp II - Class A Ordinary Shares,N
778,BRKHU,Burtech Acquisition Corp II - Units,N
779,BRKHW,Burtech Acquisition Corp II - Warrants,N
780,BRKR,Bruker Corporation - Common Stock,N
781,BRKRP,"Bruker Corporation - 6.375% Mandatory Convertible Preferred Stock, Series A",N
782,BRKU,Direxion Daily BRKB Bull 2X ETF,Y
783,BRLS,Borealis Foods Inc. - Class A Common Shares,N
784,BRLSW,Borealis Foods Inc. - Warrant,N
785,BRLT,"Brilliant Earth Group, Inc. - Class A Common Stock",N
786,BRNS,Barinthus Biotherapeutics plc - American Depositary Shares,N
787,BRNX,BrenX Ltd. - Ordinary Shares,N
788,BRNY,Burney U.S. Factor Rotation ETF,Y
789,BRR,"ProCap Financial, Inc. - Common Stock",N
790,BRRR,Coinshares Bitcoin ETF,Y
791,BRRWW,"ProCap Financial, Inc. - Warrant.",N
792,BRTMU,B&R Technology Merger Corp. - Units,N
793,BRTR,iShares Total Return Active ETF,Y
794,BRTX,"BioRestorative Therapies, Inc. - Common Stock",N
795,BRUN,Boost Run Inc. - Class A Common Stock,N
796,BRUNW,Boost Run Inc. - Warrant,N
797,BRVE,"Braveheart Bio, Inc. - Common Stock",N
798,BRZE,"Braze, Inc. - Class A Common Stock",N
799,BSAA,BEST SPAC I Acquisition Corp. - Class A Ordinary Shares,N
800,BSAAR,BEST SPAC I Acquisition Corp. - Rights,N
801,BSAAU,BEST SPAC I Acquisition Corp. - Unit,N
802,BSBK,Bogota Financial Corp. - Common Stock,N
803,BSCA,Invesco BulletShares 2036 Corporate Bond ETF,Y
804,BSCQ,Invesco BulletShares 2026 Corporate Bond ETF,Y
805,BSCR,Invesco BulletShares 2027 Corporate Bond ETF,Y
806,BSCS,Invesco BulletShares 2028 Corporate Bond ETF,Y
807,BSCT,Invesco BulletShares 2029 Corporate Bond ETF,Y
808,BSCU,Invesco BulletShares 2030 Corporate Bond ETF,Y
809,BSCV,Invesco BulletShares 2031 Corporate Bond ETF,Y
810,BSCW,Invesco BulletShares 2032 Corporate Bond ETF,Y
811,BSCX,Invesco BulletShares 2033 Corporate Bond ETF,Y
812,BSCY,Invesco BulletShares 2034 Corporate Bond ETF,Y
813,BSCZ,Invesco BulletShares 2035 Corporate Bond ETF,Y
814,BSEM,"BioStem Technologies, Inc. - Common Stock",N
815,BSET,"Bassett Furniture Industries, Incorporated - Common Stock",N
816,BSGR,Invesco BulletShares 2027 Treasury Bond ETF,Y
817,BSGT,Invesco BulletShares 2029 Treasury Bond ETF,Y
818,BSIN,Big Sky Industrial Inc. - Common Stock,N
819,BSJQ,Invesco BulletShares 2026 High Yield Corporate Bond ETF,Y
820,BSJR,Invesco BulletShares 2027 High Yield Corporate Bond ETF,Y
821,BSJS,Invesco BulletShares 2028 High Yield Corporate Bond ETF,Y
822,BSJT,Invesco BulletShares 2029 High Yield Corporate Bond ETF,Y
823,BSJU,Invesco BulletShares 2030 High Yield Corporate Bond ETF,Y
824,BSJV,Invesco BulletShares 2031 High Yield Corporate Bond ETF,Y
825,BSJW,Invesco BulletShares 2032 High Yield Corporate Bond ETF,Y
826,BSJX,Invesco BulletShares 2033 High Yield Corporate Bond ETF,Y
827,BSJY,Invesco BulletShares 2034 High Yield Corporate Bond ETF,Y
828,BSMQ,Invesco BulletShares 2026 Municipal Bond ETF,Y
829,BSMR,Invesco BulletShares 2027 Municipal Bond ETF,Y
830,BSMS,Invesco BulletShares 2028 Municipal Bond ETF,Y
831,BSMT,Invesco BulletShares 2029 Municipal Bond ETF,Y
832,BSMU,Invesco BulletShares 2030 Municipal Bond ETF,Y
833,BSMV,Invesco BulletShares 2031 Municipal Bond ETF,Y
834,BSMW,Invesco BulletShares 2032 Municipal Bond ETF,Y
835,BSMY,Invesco BulletShares 2034 Municipal Bond ETF,Y
836,BSMZ,Invesco BulletShares 2035 Municipal Bond ETF,Y
837,BSP,Bending Spoons S.p.A. - Ordinary Shares,N
838,BSRR,Sierra Bancorp - Common Stock,N
839,BSSX,Invesco BulletShares 2033 Municipal Bond ETF,Y
840,BSTS,Invesco BulletShares 2028 Treasury Bond ETF,Y
841,BSTU,Invesco BulletShares 2030 Treasury Bond ETF,Y
842,BSTV,Invesco BulletShares 2031 Treasury Bond ETF,Y
843,BSVN,Bank7 Corp. - Common stock,N
844,BSVO,EA Bridgeway Omni Small-Cap Value ETF,Y
845,BSY,"Bentley Systems, Incorporated - Class B Common Stock",N
846,BTAI,"BioXcel Therapeutics, Inc. - Common Stock",N
847,BTBD,"BT Brands, Inc. - Common Stock",N
848,BTBDW,"BT Brands, Inc. - Warrant",N
849,BTBT,"Bit Digital, Inc. - Ordinary Share",N
850,BTCS,BTCS Inc. - Common Stock,N
851,BTCT,BTC Digital Ltd. - Ordinary Shares,N
852,BTDL,GraniteShares 2x Long BTDR Daily ETF,Y
853,BTDR,Bitdeer Technologies Group - Ordinary Shares,N
854,BTF,CoinShares Bitcoin and Ether ETF,Y
855,BTGD,STKd 100% Bitcoin & 100% Gold ETF,Y
856,BTLN,"Brightline Interactive, Inc. - Common Stock",N
857,BTMD,Biote Corp. - Class A common stock,N
858,BTOC,Armlogi Holding Corp. - common stock,N
859,BTOG,Bit Origin Limited - Class A Ordinary Shares,N
860,BTQ,BTQ Technologies Corp. - Common Stock,N
861,BTSG,"BrightSpring Health Services, Inc. - Common Stock",N
862,BTSGU,"BrightSpring Health Services, Inc. - Tangible Equity Unit",N
863,BTTC,Black Titan Corp - Ordinary Shares,N
864,BUFC,AB Conservative Buffer ETF,Y
865,BUFI,AB International Buffer ETF,Y
866,BUFM,AB Moderate Buffer ETF,Y
867,BUG,Global X Cybersecurity ETF,Y
868,BULD,Pacer BlueStar Engineering the Future ETF,Y
869,BULG,Leverage Shares 2X Long BULL Daily ETF,Y
870,BULL,Webull Corporation - Class A Ordinary Shares,N
871,BULLW,Webull Corporation - Warrants,N
872,BUSE,First Busey Corporation - Common Stock,N
873,BUSEP,"First Busey Corporation - Depositary Shares, Each Representing a 1/40th Interest in a Share of 8.25% Fixed-Rate Series B Non-Cumulative Perpetual Preferred Stock, $0.001 par value",N
874,BUUU,BUUU Group Limited - Class A Ordinary Share,N
875,BVC,BitVentures Limited - Ordinary Share,N
876,BVFL,"BV Financial, Inc. - Common Stock",N
877,BVS,Bioventus Inc. - Class A Common Stock,N
878,BWAY,BrainsWay Ltd. - American Depositary Shares,N
879,BWB,"Bridgewater Bancshares, Inc. - Common Stock",N
880,BWBBP,"Bridgewater Bancshares, Inc. - Depositary Shares, Each Representing a 1/100th Interest in a Share of 5.875% Non-Cumulative Perpetual Preferred Stock, Series A",N
881,BWEN,"Broadwind, Inc. - Common Stock",N
882,BWFG,"Bankwell Financial Group, Inc. - Common Stock",N
883,BWIN,"The Baldwin Insurance Group, Inc. - Class A Common Stock",N
884,BWMN,Bowman Consulting Group Ltd. - Common Stock,N
885,BXBL,"BOXABL, Inc.  - Common stock",N
886,BYAH,"Park Ha Biological Technology Co., Ltd. - Class A Ordinary Shares",N
887,BYFC,Broadway Financial Corporation - Class A Common Stock,N
888,BYND,"Beyond Meat, Inc. - Common stock",N
889,BYRN,"Byrna Technologies, Inc. - Common Stock",N
890,BYSI,"BeyondSpring, Inc. - Ordinary Shares",N
891,BZ,KANZHUN LIMITED - American Depository Shares,N
892,BZAI,"Blaize Holdings, Inc. - Common Stock",N
893,BZAIW,"Blaize Holdings, Inc. - Warrant",N
894,BZFD,"BuzzFeed, Inc. - Class A Common Stock",N
895,BZFDW,"BuzzFeed, Inc. - Warrant",N
896,BZUN,Baozun Inc. - American Depositary Shares,N
897,CAAS,"China Automotive Systems, Inc. - Ordinary Share",N
898,CABA,"Cabaletta Bio, Inc. - Common Stock",N
899,CABR,"Caring Brands, Inc. - Common Stock",N
900,CAC,Camden National Corporation - Common Stock,N
901,CACC,Credit Acceptance Corporation - Common Stock,N
902,CADL,"Candel Therapeutics, Inc. - Common Stock",N
903,CAE,CAE Inc - Common Shares,N
904,CAES,"Cantor Equity Partners VII, Inc. - Class A Ordinary Shares",N
905,CAFG,Pacer US Small Cap Cash Cows Growth Leaders ETF,Y
906,CAI,"Caris Life Sciences, Inc. - Common Stock",N
907,CAII,Collective Acquisition Corp. II - Class A Ordinary Shares,N
908,CAIIU,Collective Acquisition Corp. II - Units,N
909,CAIIW,Collective Acquisition Corp. II - Warrants,N
910,CAIQ,Calamos Nasdaq Autocallable Income ETF,Y
911,CAKE,The Cheesecake Factory Incorporated - Common Stock,N
912,CALC,"CalciMedica, Inc. - Common Stock",N
913,CALI,iShares Short-Term California Muni Active ETF,Y
914,CALM,"Cal-Maine Foods, Inc. - Common Stock",N
915,CAMP,CAMP4 Therapeutics Corporation - Common Stock,N
916,CAMT,Camtek Ltd. - Ordinary Shares,N
917,CAN,Canaan Inc. - American Depositary Shares,N
918,CANC,Tema Oncology ETF,Y
919,CANQ,Calamos Nasdaq Equity & Income ETF,Y
920,CAPN,Cayson Acquisition Corp - Ordinary Shares,N
921,CAPNR,Cayson Acquisition Corp - Right,N
922,CAPNU,Cayson Acquisition Corp - Units,N
923,CAPR,"Capricor Therapeutics, Inc. - Common Stock",N
924,CAPS,Capstone Holding Corp. - Common Stock,N
925,CAQ,Cambridge Acquisition Corp. - Class A Ordinary Shares,N
926,CAQUU,Cambridge Acquisition Corp. - Unit,N
927,CAQUW,Cambridge Acquisition Corp. - Warrants,N
928,CAR,"Avis Budget Group, Inc. - Common Stock",N
929,CARE,"Carter Bankshares, Inc. - Common Stock",N
930,CARG,"CarGurus, Inc. - Class A Common Stock",N
931,CARL,"Carlsmed, Inc. - Common Stock",N
932,CART,Maplebear Inc. - Common Stock,N
933,CARY,Angel Oak Income ETF,Y
934,CARZ,First Trust S-Network Future Vehicles & Technology ETF,Y
935,CASH,"Pathward Financial, Inc. - Common Stock",N
936,CASS,"Cass Information Systems, Inc - Common Stock",N
937,CAST,"FreeCast, Inc. - Class A common stock",N
938,CASY,"Caseys General Stores, Inc. - Common Stock",N
939,CATH,Global X S&P 500 Catholic Values ETF,Y
940,CATLU,Catalyst Acquisition Corp. - Units,N
941,CATY,Cathay General Bancorp - Common Stock,N
942,CBAT,CBAK Energy Technology Limited - Ordinary Shares,N
943,CBC,"Central Bancompany, Inc. - Class A Common Stock",N
944,CBFV,"CB Financial Services, Inc. - Common Stock",N
945,CBIO,"Crescent Biopharma, Inc. - Common Stock",N
946,CBK,"Commercial Bancgroup, Inc. - Common Stock",N
947,CBLL,"CeriBell, Inc. - Common Stock",N
948,CBNK,"Capital Bancorp, Inc. - Common Stock",N
949,CBRL,"Cracker Barrel Old Country Store, Inc. - Common Stock",N
950,CBRS,Cerebras Systems Inc. - Class A Common Stock,N
951,CBSH,"Commerce Bancshares, Inc. - Common Stock",N
952,CBUS,"Cibus, Inc. - Class A Common Stock",N
953,CCAP,"Crescent Capital BDC, Inc. - Common Stock",N
954,CCAQ,Collective Acquisition Corp. - Class A ordinary shares,N
955,CCAQU,Collective Acquisition Corp. - Units,N
956,CCAQW,Collective Acquisition Corp. - Warrants,N
957,CCB,Coastal Financial Corporation - Common Stock,N
958,CCBG,Capital City Bank Group - Common Stock,N
959,CCC,CCC Intelligent Solutions Holdings Inc. - Common Stock,N
960,CCCC,"C4 Therapeutics, Inc. - Common Stock",N
961,CCCT,Columbus Circle Capital Corp III - Class A Ordinary Shares,N
962,CCCTU,Columbus Circle Capital Corp III - Units,N
963,CCCTW,Columbus Circle Capital Corp III - Warrants,N
964,CCD,Calamos Dynamic Convertible & Income Fund - Closed End Fund,N
965,CCEC,Capital Clean Energy Carriers Corp. - Common Share,N
966,CCEP,Coca-Cola Europacific Partners plc - Ordinary Shares,N
967,CCFE,Concourse Capital Focused Equity ETF,Y
968,CCG,Cheche Group Inc. - Class A Ordinary Shares,N
969,CCGWW,Cheche Group Inc. - Warrant,N
970,CCHH,CCH Holdings Ltd - Class A Ordinary Shares,N
971,CCII,Cohen Circle Acquisition Corp. II - Class A Ordinary Shares,N
972,CCIIU,Cohen Circle Acquisition Corp. II - Unit,N
973,CCIIW,Cohen Circle Acquisition Corp. II - Warrant,N
974,CCLD,"CareCloud, Inc. - Common Stock",N
975,CCNE,CNB Financial Corporation - Common Stock,N
976,CCNEP,"CNB Financial Corporation - Depositary shares, each representing a 1/40th ownership interest in a share of 7.125% Series A Fixed- Rate Non-Cumulative Perpetual Preferred Stock",N
977,CCNR,ALPS/CoreCommodity Natural Resources ETF,Y
978,CCOI,"Cogent Communications Holdings, Inc. - Common Stock",N
979,CCSB,Carbon Collective Short Duration Green Bond ETF,Y
980,CCSI,"Consensus Cloud Solutions, Inc. - Common Stock",N
981,CCSO,Carbon Collective Climate Solutions U.S. Equity ETF,Y
982,CCTG,CCSC Technology International Holdings Limited - Class A Ordinary Shares,N
983,CCXI,Churchill Capital Corp XI - Class A Ordinary Shares,N
984,CCXIU,Churchill Capital Corp XI - Units,N
985,CCXIW,Churchill Capital Corp XI - Warrants,N
986,CD,Chaince Digital Holdings Inc. - American Ordinary Shares,N
987,CDC,VictoryShares US EQ Income Enhanced Volatility Wtd ETF,Y
988,CDIG,City Different Investments Global Equity ETF,Y
989,CDIO,Cardio Diagnostics Holdings Inc. - Common stock,N
990,CDIOW,Cardio Diagnostics Holdings Inc. - Warrant,N
991,CDL,VictoryShares US Large Cap High Div Volatility Wtd ETF,Y
992,CDLX,"Cardlytics, Inc. - Common Stock",N
993,CDNA,"CareDx, Inc. - Common Stock",N
994,CDNL,Cardinal Infrastructure Group Inc. - Class A Common Stock,N
995,CDNS,"Cadence Design Systems, Inc. - Common Stock",N
996,CDRO,"Codere Online Luxembourg, S.A. - Ordinary Shares",N
997,CDROW,"Codere Online Luxembourg, S.A. - Warrants",N
998,CDT,CDT Equity Inc. - Common Stock,N
999,CDTG,CDT Environmental Technology Investment Holdings Limited - ordinary shares,N
1000,CDTTW,CDT Equity Inc. - Warrant,N
1001,CDW,CDW Corporation - Common Stock,N
1002,CDXS,"Codexis, Inc. - Common Stock",N
1003,CDZI,"Cadiz, Inc. - Common Stock",N
1004,CDZIP,"Cadiz, Inc. - Depositary Shares",N
1005,CECO,CECO Environmental Corp. - Common Stock,N
1006,CEFA,Global X S&P Catholic Values Developed ex-U.S. ETF,Y
1007,CEG,Constellation Energy Corporation - Common Stock When-Issued,N
1008,CELC,Celcuity Inc. - Common Stock,N
1009,CELH,"Celsius Holdings, Inc. - Common Stock",N
1010,CELU,Celularity Inc. - Class A Common Stock,N
1011,CELZ,"Creative Medical Technology Holdings, Inc. - Common Stock",N
1012,CENN,Cenntro Inc. - Common Stock,N
1013,CENT,Central Garden & Pet Company - Common Stock,N
1014,CENTA,Central Garden & Pet Company - Class A Common Stock Nonvoting,N
1015,CENX,Century Aluminum Company - Common Stock,N
1016,CEPF,"Cantor Equity Partners IV, Inc. - Class A Ordinary Shares",N
1017,CEPI,REX Crypto Equity Premium Income ETF,Y
1018,CEPL,"Capstone Energy Plus, Inc. - Common Stock",N
1019,CEPO,"Cantor Equity Partners I, Inc. - Class A Ordinary Shares",N
1020,CEPS,"Cantor Equity Partners VI, Inc. - Class A Ordinary Shares",N
1021,CEPV,"Cantor Equity Partners V, Inc. - Class A Ordinary Shares",N
1022,CERS,Cerus Corporation - Common Stock,N
1023,CERT,"Certara, Inc. - Common Stock",N
1024,CETX,Cemtrex Inc. - Common Stock,N
1025,CETY,"Clean Energy Technologies, Inc. - Common Stock",N
1026,CEVA,"CEVA, Inc. - Common Stock",N
1027,CFA,VictoryShares US 500 Volatility Wtd ETF,Y
1028,CFBK,CF Bankshares Inc. - Common Stock,N
1029,CFFI,C&F Financial Corporation - Common Stock,N
1030,CFFN,"Capitol Federal Financial, Inc. - Common Stock",N
1031,CFO,VictoryShares US 500 Enhanced Volatility Wtd ETF,Y
1032,CG,The Carlyle Group Inc. - Common Stock,N
1033,CGABL,The Carlyle Group Inc. - 4.625% Subordinated Notes due 2061,N
1034,CGBD,"Carlyle Secured Lending, Inc. - Closed End Fund",N
1035,CGC,Canopy Growth Corporation - Common Shares,N
1036,CGCF,Cartesian Growth Corporation IV - Class A Ordinary Shares,N
1037,CGCFU,Cartesian Growth Corporation IV - Units,N
1038,CGCFW,Cartesian Growth Corporation IV - Warrants,N
1039,CGEM,"Cullinan Therapeutics, Inc. - Common Stock",N
1040,CGEN,Compugen Ltd. - Ordinary Shares,N
1041,CGNT,Cognyte Software Ltd. - Ordinary Shares,N
1042,CGNX,Cognex Corporation - Common Stock,N
1043,CGO,Calamos Global Total Return Fund - Closed End Fund,N
1044,CGON,"CG Oncology, Inc. - Common stock",N
1045,CGPT,VegaShares AI Inference ETF,Y
1046,CGTL,Creative Global Technology Holdings Limited - Class A Ordinary Shares,N
1047,CGTX,"Cognition Therapeutics, Inc. - Common Stock",N
1048,CHA,"Chagee Holdings Limited - American Depositary Shares, each representing 1 Class A ordinary share",N
1049,CHAI,"Core AI Holdings, Inc. - Common Shares",N
1050,CHAR,Charlton Aria Acquisition Corporation - Class A Ordinary Shares,N
1051,CHARR,Charlton Aria Acquisition Corporation - Rights,N
1052,CHARU,Charlton Aria Acquisition Corporation - Units,N
1053,CHCI,"Comstock Holding Companies, Inc. - Class A Common Stock",N
1054,CHCO,City Holding Company - Common Stock,N
1055,CHDN,"Churchill Downs, Incorporated - Common Stock",N
1056,CHEC,Chenghe Acquisition III Co. - Class A Ordinary Shares,N
1057,CHECU,Chenghe Acquisition III Co. - Units,N
1058,CHECW,Chenghe Acquisition III Co. - Warrants,N
1059,CHEF,"The Chefs' Warehouse, Inc. - Common Stock",N
1060,CHGA,Change Agents Corporation  - Common Stock,N
1061,CHGX,Stance Sustainable Beta ETF,Y
1062,CHI,Calamos Convertible Opportunities and Income Fund - Closed End Fund,N
1063,CHKP,Check Point Software Technologies Ltd. - Ordinary Shares,N
1064,CHMG,Chemung Financial Corp  - Common Stock,N
1065,CHNR,"China Natural Resources, Inc. - Common Shares",N
1066,CHPG,ChampionsGate Acquisition Corporation - Class A Ordinary Share,N
1067,CHPGR,ChampionsGate Acquisition Corporation - Rights,N
1068,CHPGU,ChampionsGate Acquisition Corporation - Unit,N
1069,CHPS,Xtrackers Semiconductor Select Equity ETF,Y
1070,CHPX,Global X AI Semiconductor & Quantum ETF,Y
1071,CHR,"Cheer Holding, Inc.  - Class A Ordinary Share",N
1072,CHRD,Chord Energy Corporation - Common Stock,N
1073,CHRI,Global X S&P 500 Christian Values ETF,Y
1074,CHRN,ChronoScale Holdings Corporation - Common Stock,N
1075,CHRS,"Coherus Oncology, Inc. - Common Stock",N
1076,CHRW,"C.H. Robinson Worldwide, Inc. - Common Stock",N
1077,CHSCL,"CHS Inc - Class B Cumulative Redeemable Preferred Stock, Series 4",N
1078,CHSCM,"CHS Inc - Class B Reset Rate Cumulative Redeemable Preferred Stock, Series 3",N
1079,CHSCN,CHS Inc - Preferred Class B Series 2 Reset Rate,N
1080,CHSCO,CHS Inc - Class B Cumulative Redeemable Preferred Stock,N
1081,CHSCP,CHS Inc - 8%  Cumulative Redeemable Preferred Stock,N
1082,CHSN,Chanson International Holding - Class A Ordinary Shares,N
1083,CHTR,"Charter Communications, Inc. - Class A Common Stock",N
1084,CHTRP,"Charter Communications, Inc. - Series A Cumulative Redeemable Preferred Stock",N
1085,CHW,Calamos Global Dynamic Income Fund - Closed End Fund,N
1086,CHY,Calamos Convertible and High Income Fund - Closed End Fund,N
1087,CHYM,"Chime Financial, Inc. - Class A Common Stock",N
1088,CIBR,First Trust NASDAQ Cybersecurity ETF,Y
1089,CIFG,Leverage Shares 2X Long CIFR Daily ETF,Y
1090,CIFR,Cipher Digital Inc. - Common Stock,N
1091,CIGI,Colliers International Group Inc.  - Subordinate Voting Shares,N
1092,CIGL,Concorde International Group Ltd - Class A Ordinary Shares,N
1093,CIIT,"Tianci International, Inc. - Common Stock",N
1094,CINF,Cincinnati Financial Corporation - Common Stock,N
1095,CING,Cingulate Inc. - Common Stock,N
1096,CINGW,Cingulate Inc. - Warrants,N
1097,CIRC,"Circle8 Group, Inc. - Common Stock",N
1098,CISO,"CISO Global, Inc. - Common Stock",N
1099,CISS,C3is Inc. - Common Stock,N
1100,CIVB,"Civista Bancshares, Inc.  - Common Stock",N
1101,CJMB,Callan JMB Inc. - Common Stock,N
1102,CLAR,Clarus Corporation - Common Stock,N
1103,CLBK,"Columbia Financial, Inc. - Common Stock",N
1104,CLBT,Cellebrite DI Ltd. - Ordinary Shares,N
1105,CLDX,"Celldex Therapeutics, Inc. - Common Stock",N
1106,CLFD,"Clearfield, Inc. - Common Stock",N
1107,CLGN,CollPlant Biotechnologies Ltd. - Ordinary Shares,N
1108,CLIK,Click Holdings Limited - Ordinary Share,N
1109,CLIR,ClearSign Technologies Corporation - Common Stock,N
1110,CLLS,Cellectis S.A. - American Depositary Shares,N
1111,CLMB,"Climb Global Solutions, Inc. - Common Stock",N
1112,CLMT,"Calumet, Inc - Common Stock",N
1113,CLNE,Clean Energy Fuels Corp. - Common Stock,N
1114,CLNN,Clene Inc. - Common Stock,N
1115,CLOA,iShares AAA CLO Active ETF,Y
1116,CLOD,Themes Cloud Computing ETF,Y
1117,CLOU,Global X Cloud Computing ETF,Y
1118,CLOV,"Clover Health Investments, Corp.  - Class A Common stock",N
1119,CLPS,CLPS Incorporation - Common Stock,N
1120,CLPT,ClearPoint Neuro Inc. - Common Stock,N
1121,CLRB,"Cellectar Biosciences, Inc. - Common Stock",N
1122,CLRO,"ClearOne, Inc. - Common Stock",N
1123,CLSK,"CleanSpark, Inc. - Common Stock",N
1124,CLSKW,"CleanSpark, Inc. - Warrant",N
1125,CLSM,ETC Cabana Target Leading Sector Moderate ETF,Y
1126,CLST,"Catalyst Bancorp, Inc. - common stock",N
1127,CLWT,Euro Tech Holdings Company Limited - Ordinary Shares,N
1128,CLYM,"Climb Bio, Inc. - Common Stock",N
1129,CMBO,Wayfinder Dynamic U.S. Interest Rate ETF,Y
1130,CMCO,Columbus McKinnon Corporation - Common Stock,N
1131,CMCSA,Comcast Corporation - Class A Common Stock,N
1132,CMCT,Creative Media  - Common Stock,N
1133,CME,CME Group Inc. - Class A Common Stock,N
1134,CMII,Columbus Circle Capital Corp II - Class A Ordinary Shares,N
1135,CMIIU,Columbus Circle Capital Corp II - Unit,N
1136,CMIIW,Columbus Circle Capital Corp II - Warrant,N
1137,CMMB,Chemomab Therapeutics Ltd.  - American Depositary Shares,N
1138,CMND,Clearmind Medicine Inc. - Common Shares,N
1139,CMPR,Cimpress plc - Ordinary Shares,N
1140,CMPS,COMPASS Pathways Plc - American Depository Shares,N
1141,CMPX,"Compass Therapeutics, Inc. - Common Stock",N
1142,CMRC,"Commerce.com, Inc. - Series 1 Common Stock",N
1143,CMTL,Comtech Telecommunications Corp. - Common Stock,N
1144,CMTV,Community Bancorp.  - Common stock,N
1145,CNCK,Coincheck Group N.V. - Ordinary Shares,N
1146,CNCKW,Coincheck Group N.V. - Warrants,N
1147,CNDT,Conduent Incorporated - Common Stock,N
1148,CNET,ZW Data Action Technologies Inc. - Common Stock,N
1149,CNEY,CN Energy Group Inc. - Class A Ordinary Shares,N
1150,CNL,Collective Mining Ltd. - Common Stock,N
1151,CNOB,"ConnectOne Bancorp, Inc. - Common Stock",N
1152,CNOBP,"ConnectOne Bancorp, Inc. - Depositary Shares (each representing a 1/40th interest in a share of 5.25% Fixed-Rate Reset Non-Cumulative Perpetual Preferred Stock, Series A, par value $0.00 per share)",N
1153,CNQQ,Rayliant-ChinaAMC Transformative China Tech ETF,Y
1154,CNSP,"CNS Pharmaceuticals, Inc. - Common Stock",N
1155,CNSY,"Cerenome, Inc. - Common Stock",N
1156,CNTB,Connect Biopharma Holdings Limited - Ordinary Shares,N
1157,CNTN,"Canton Strategic Holdings, Inc. - Common Stock",N
1158,CNTX,Context Therapeutics Inc. - Common Stock,N
1159,CNTY,"Century Casinos, Inc. - Common Stock",N
1160,CNVS,Cineverse Corp. - Class A Common Stock,N
1161,CNXC,Concentrix Corporation - Common Stock,N
1162,CNXN,"PC Connection, Inc. - Common Stock",N
1163,CNXU,Conexeu Sciences Inc. - Common Stock,N
1164,COAG,"Hemab Therapeutics Holdings, Inc. - Common Stock",N
1165,COCH,"Envoy Medical, Inc. - Class A Common Stock",N
1166,COCHW,"Envoy Medical, Inc. - Warrant",N
1167,COCO,"The Vita Coco Company, Inc. - Common Stock",N
1168,COCP,"Cocrystal Pharma, Inc. - Common Stock",N
1169,CODA,"Coda Octopus Group, Inc. - Common stock",N
1170,CODX,"Co-Diagnostics, Inc. - Common Stock",N
1171,COFS,"ChoiceOne Financial Services, Inc. - Common Stock",N
1172,COGT,"Cogent Biosciences, Inc. - Common Stock",N
1173,COHU,"Cohu, Inc. - Common Stock",N
1174,COIG,Leverage Shares 2X Long COIN Daily ETF,Y
1175,COIN,"Coinbase Global, Inc. - Class A Common Stock",N
1176,COKE,"Coca-Cola Consolidated, Inc. - Common Stock",N
1177,COLA,Columbus Acquisition Corp - Ordinary Shares,N
1178,COLAR,Columbus Acquisition Corp - Rights,N
1179,COLAU,Columbus Acquisition Corp - Unit,N
1180,COLB,"Columbia Banking System, Inc. - Common Stock",N
1181,COLL,"Collegium Pharmaceutical, Inc. - Common Stock",N
1182,COLM,Columbia Sportswear Company - Common Stock,N
1183,COMT,iShares GSCI Commodity Dynamic Roll Strategy ETF,Y
1184,CONI,GraniteShares 2x Short COIN Daily ETF,Y
1185,CONL,GraniteShares 2x Long COIN Daily ETF,Y
1186,CONX,Direxion Daily COIN Bull 2X ETF,Y
1187,COO,"The Cooper Companies, Inc.  - Common Stock",N
1188,COOL,"VegaShares AI Thermal, Cooling & Power Management ETF",Y
1189,COOT,Australian Oilseeds Holdings Limited - Ordinary Shares,N
1190,COOTW,Australian Oilseeds Holdings Limited - Warrant,N
1191,COPJ,Sprott Junior Copper Miners ETF,Y
1192,COPP,Sprott Copper Miners ETF,Y
1193,CORO,iShares International Country Rotation Active ETF,Y
1194,CORT,Corcept Therapeutics Incorporated - Common Stock,N
1195,CORZ,"Core Scientific, Inc. - Common Stock",N
1196,CORZW,"Core Scientific, Inc. - Tranche 1 Warrants",N
1197,CORZZ,"Core Scientific, Inc. - Tranche 2 Warrants",N
1198,COSM,Cosmos Health Inc. - Common Stock,N
1199,COST,Costco Wholesale Corporation - Common Stock,N
1200,COTG,Leverage Shares 2X Long COST Daily ETF,Y
1201,COWG,Pacer US Large Cap Cash Cows Growth Leaders ETF,Y
1202,COWS,Amplify Cash Flow Dividend Leaders ETF,Y
1203,COYA,"Coya Therapeutics, Inc. - Common Stock",N
1204,COYY,GraniteShares YieldBOOST COIN ETF,Y
1205,CPAG,F/m Compoundr U.S. Aggregate Bond ETF,Y
1206,CPB,The Campbell's Company - Common Stock,N
1207,CPBI,"Central Plains Bancshares, Inc. - Common Stock",N
1208,CPHC,Canterbury Park Holding Corporation - Common Stock,N
1209,CPHY,F/m Compoundr High Yield Bond ETF,Y
1210,CPIX,Cumberland Pharmaceuticals Inc. - Common Stock,N
1211,CPLS,AB Core Plus Bond ETF,Y
1212,CPOP,"Pop Culture Group Co., Ltd - Class A Ordinary Shares",N
1213,CPRT,"Copart, Inc. - Common Stock",N
1214,CPSH,CPS Technologies Corp. - Common Stock,N
1215,CPSS,"Consumer Portfolio Services, Inc. - Common Stock",N
1216,CPTL,Global X Morningstar Capital Allocation Leaders ETF,Y
1217,CPZ,Calamos Long/Short Equity & Dynamic Income Trust - Closed End Fund,N
1218,CRAC,Crown Reserve Acquisition Corp. I - Class A Ordinary Shares,N
1219,CRACR,Crown Reserve Acquisition Corp. I - Rights,N
1220,CRACU,Crown Reserve Acquisition Corp. I - Unit,N
1221,CRACW,Crown Reserve Acquisition Corp. I - Warrant,N
1222,CRAI,"CRA International,Inc. - Common Stock",N
1223,CRAN,Crane Harbor Acquisition Corp. II - Class A Ordinary Shares,N
1224,CRANR,Crane Harbor Acquisition Corp. II - Rights,N
1225,CRANU,Crane Harbor Acquisition Corp. II - Units,N
1226,CRAQ,Cal Redwood Acquisition Corp. - Class A Ordinary Shares,N
1227,CRAQR,Cal Redwood Acquisition Corp. - Right,N
1228,CRAQU,Cal Redwood Acquisition Corp. - Units,N
1229,CRBP,"Corbus Pharmaceuticals Holdings, Inc. - Common Stock",N
1230,CRBU,"Caribou Biosciences, Inc. - Common Stock",N
1231,CRCG,Leverage Shares 2X Long CRCL Daily ETF,Y
1232,CRCT,"Cricut, Inc. - Class A common stock",N
1233,CRDF,"Cardiff Oncology, Inc. - Common Stock",N
1234,CRDL,Cardiol Therapeutics Inc. - Class A Common Shares,N
1235,CRDO,Credo Technology Group Holding Ltd - Ordinary Shares,N
1236,CRE,Cre8 Enterprise Limited - Class A Ordinary Shares,N
1237,CRESY,"Cresud S.A.C.I.F. y A. - American Depositary Shares, each representing ten shares of Common Stock",N
1238,CREX,"Creative Realities, Inc. - Common Stock",N
1239,CRGO,Freightos Limited - Ordinary shares,N
1240,CRGOW,Freightos Limited - Warrants,N
1241,CRIS,"Curis, Inc. - Common Stock",N
1242,CRMD,CorMedix Inc. - Common Stock,N
1243,CRMG,Leverage Shares 2X Long CRM Daily ETF,Y
1244,CRML,Critical Metals Corp. - Ordinary Shares,N
1245,CRMLW,Critical Metals Corp. - Warrants,N
1246,CRMT,"America's Car-Mart, Inc. - Common Stock",N
1247,CRMU,Leverage Shares 2x Long CRML Daily ETF,Y
1248,CRNC,Cerence Inc. - Common Stock,N
1249,CRNT,Ceragon Networks Ltd. - Ordinary Shares,N
1250,CRNX,"Crinetics Pharmaceuticals, Inc. - Common Stock",N
1251,CROB,Defiance China Robotics ETF,Y
1252,CRON,Cronos Group Inc. - Common Share,N
1253,CROX,"Crocs, Inc. - Common Stock",N
1254,CRSP,CRISPR Therapeutics AG - Common Shares,N
1255,CRSR,"Corsair Gaming, Inc. - Common Stock",N
1256,CRTO,Criteo S.A. - Ordinary Shares,N
1257,CRUS,"Cirrus Logic, Inc. - Common Stock",N
1258,CRVL,CorVel Corp. - Common Stock,N
1259,CRVO,CervoMed Inc. - Common Stock,N
1260,CRVS,"Corvus Pharmaceuticals, Inc. - Common Stock",N
1261,CRWD,"CrowdStrike Holdings, Inc. - Class A Common Stock",N
1262,CRWG,Leverage Shares 2X Long CRWV Daily ETF,Y
1263,CRWL,GraniteShares 2x Long CRWD Daily ETF,Y
1264,CRWS,"Crown Crafts, Inc. - Common Stock",N
1265,CRWV,"CoreWeave, Inc. - Class A Common Stock",N
1266,CRY,GraniteShares YieldBOOST CRCL ETF,Y
1267,CSAI,"Cloudastructure, Inc. - Class A Common Stock",N
1268,CSB,VictoryShares US Small Cap High Div Volatility Wtd ETF,Y
1269,CSBR,"Champions Oncology, Inc. - Common Stock",N
1270,CSCL,Direxion Daily CSCO Bull 2X ETF,Y
1271,CSCO,"Cisco Systems, Inc. - Common Stock",N
1272,CSCS,Direxion Daily CSCO Bear 1X ETF,Y
1273,CSEN,Cohen & Steers Future of Energy Active ETF,Y
1274,CSGP,"CoStar Group, Inc. - Common Stock",N
1275,CSHR,CoinShares PLC - Ordinary Shares,N
1276,CSHRW,CoinShares PLC - Warrants,N
1277,CSIQ,Canadian Solar Inc. - Common Shares,N
1278,CSPI,CSP Inc. - Common Stock,N
1279,CSQ,Calamos Strategic Total Return Fund - Closed End Fund,N
1280,CSTE,Caesarstone Ltd. - Ordinary Shares,N
1281,CSTL,"Castle Biosciences, Inc. - Common stock",N
1282,CSWC,Capital Southwest Corporation - Common Stock,N
1283,CSX,CSX Corporation - Common Stock,N
1284,CTAA,ClearThink 1 Acquisition Corp. - Class A Ordinary Shares,N
1285,CTAAR,ClearThink 1 Acquisition Corp. - Rights,N
1286,CTAAU,ClearThink 1 Acquisition Corp. - Units,N
1287,CTAS,Cintas Corporation - Common Stock,N
1288,CTBI,"Community Trust Bancorp, Inc. - Common Stock",N
1289,CTEC,Global X ClimateTech ETF,Y
1290,CTKB,"Cytek Biosciences, Inc. - Common Stock",N
1291,CTMX,"CytomX Therapeutics, Inc. - Common Stock",N
1292,CTNM,"Contineum Therapeutics, Inc. - Common stock",N
1293,CTNT,Cheetah Net Supply Chain Service Inc. - Class A Common Stock,N
1294,CTOR,"Citius Oncology, Inc.  - Common Stock",N
1295,CTRM,Castor Maritime Inc. - Common Shares,N
1296,CTRN,"Citi Trends, Inc. - Common Stock",N
1297,CTSH,Cognizant Technology Solutions Corporation - Class A Common Stock,N
1298,CTSO,Cytosorbents Corporation - Common Stock,N
1299,CTW,CTW - Class A Ordinary Shares,N
1300,CTXR,"Citius Pharmaceuticals, Inc. - Common Stock",N
1301,CUB,Lionheart Holdings - Class A Ordinary Shares,N
1302,CUBWU,Lionheart Holdings - Unit,N
1303,CUBWW,Lionheart Holdings - Warrant,N
1304,CUE,"Cue Biopharma, Inc. - Common Stock",N
1305,CULP,"Culp, Inc. - Common Shares",N
1306,CUPR,Cuprina Holdings (Cayman) Limited - Class A Ordinary shares,N
1307,CURI,CuriosityStream Inc.  - Class A Common Stock,N
1308,CURR,Currenc Group Inc. - Ordinary Shares,N
1309,CURX,Curanex Pharmaceuticals Inc - Common Stock,N
1310,CUVL,Clinuvel Pharmaceuticals Limited - American Depositary Shares,N
1311,CV,"CapsoVision, Inc. - Common Stock",N
1312,CVBF,CVB Financial Corporation - Common Stock,N
1313,CVCO,"Cavco Industries, Inc. - Common Stock",N
1314,CVGI,"Commercial Vehicle Group, Inc. - Common Stock",N
1315,CVKD,"Cadrenal Therapeutics, Inc. - Common Stock",N
1316,CVLT,"Commvault Systems, Inc. - Common Stock",N
1317,CVRX,"CVRx, Inc. - Common Stock",N
1318,CVV,CVD Equipment Corporation - Common Stock,N
1319,CWBC,Community West Bancshares - Common Stock,N
1320,CWCO,Consolidated Water Co. Ltd. - Ordinary Shares,N
1321,CWD,CaliberCos Inc. - Class A Common Stock,N
1322,CWST,"Casella Waste Systems, Inc. - Class A Common Stock",N
1323,CWY,GraniteShares YieldBOOST CRWV ETF,Y
1324,CXAI,CXApp Inc. - Class A Common Stock,N
1325,CXAIW,CXApp Inc. - Warrant,N
1326,CXDO,"Crexendo, Inc. - Common Stock",N
1327,CXII,Churchill Capital Corp XII - Class A Ordinary Shares,N
1328,CXIIU,Churchill Capital Corp XII - Units,N
1329,CXIIW,Churchill Capital Corp XII - Warrants,N
1330,CXSE,WisdomTree China ex-State-Owned Enterprises Fund,Y
1331,CYAB,"Cyabra, Inc. - Common Stock",N
1332,CYCN,"Cyclerion Therapeutics, Inc. - Common Stock",N
1333,CYCU,"Cycurion, Inc. - Common Stock",N
1334,CYCUW,"Cycurion, Inc. - Warrants",N
1335,CYN,Cyngn Inc. - Common stock,N
1336,CYPH,Cypherpunk Technologies Inc. - Common Stock,N
1337,CYRX,"CryoPort, Inc. - Common Stock",N
1338,CYTK,"Cytokinetics, Incorporated - Common Stock",N
1339,CZFS,"Citizens Financial Services, Inc. - Common Stock",N
1340,CZNC,Citizens & Northern Corp - Common Stock,N
1341,CZR,"Caesars Entertainment, Inc. - Common Stock",N
1342,CZWI,"Citizens Community Bancorp, Inc. - Common Stock",N
1343,DAAQ,Digital Asset Acquisition Corp. - Class A Ordinary shares,N
1344,DAAQU,Digital Asset Acquisition Corp. - Units,N
1345,DAAQW,Digital Asset Acquisition Corp. - Warrant,N
1346,DADS,Digital Asset Debt Strategy ETF,Y
1347,DAIC,"CID HoldCo, Inc. - Common Stock",N
1348,DAICW,"CID HoldCo, Inc. - Warrants",N
1349,DAIO,Data I/O Corporation - Common Stock,N
1350,DAK,Dakota Active Equity ETF,Y
1351,DAKT,"Daktronics, Inc. - Common Stock",N
1352,DALI,First Trust Dorsey Wright DALI Equity ETF,Y
1353,DAPP,VanEck Digital Transformation ETF,Y
1354,DARE,"Dare Bioscience, Inc. - Common Stock",N
1355,DASH,"DoorDash, Inc. - Common Stock",N
1356,DAVE,Dave Inc.  - Class A Common Stock,N
1357,DAVEW,Dave Inc.  - Warrants,N
1358,DAX,Global X DAX Germany ETF,Y
1359,DBCA,D. Boral Acquisition I Corp. - Class A Ordinary Shares,N
1360,DBCAU,D. Boral Acquisition I Corp. - Unit,N
1361,DBCAW,D. Boral Acquisition I Corp. - Warrants,N
1362,DBGI,"Digital Brands Group, Inc. - Common Stock",N
1363,DBVT,DBV Technologies S.A. - American Depositary Shares,N
1364,DBX,"Dropbox, Inc. - Class A Common Stock",N
1365,DCBO,Docebo Inc. - Common Shares,N
1366,DCGO,DocGo Inc. - Common Stock,N
1367,DCOY,Decoy Therapeutics Inc. - Common Stock,N
1368,DCTH,"Delcath Systems, Inc. - Common Stock",N
1369,DCX,Digital Currency X Technology Inc. - Class A Ordinary Shares,N
1370,DDI,"DoubleDown Interactive Co., Ltd. - American Depository Shares",N
1371,DDIV,First Trust Dorsey Wright Momentum & Dividend ETF,Y
1372,DDOG,"Datadog, Inc. - Class A Common Stock",N
1373,DECO,State Street Galaxy Digital Asset Ecosystem ETF,Y
1374,DEFT,"Defi Technologies, Inc. - Common Stock",N
1375,DEMZ,Democratic Large Cap Core ETF,Y
1376,DERM,Journey Medical Corporation - Common Stock,N
1377,DETX,"Liberty Defense Holdings, Ltd. - Common Shares",N
1378,DFDV,DeFi Development Corp. - Common Stock,N
1379,DFDVW,DeFi Development Corp. - Warrant,N
1380,DFGP,Dimensional Global Core Plus Fixed Income ETF,Y
1381,DFGX,Dimensional International Core Fixed Income ETF,Y
1382,DFLI,Dragonfly Energy Holdings Corp - Common Stock,N
1383,DFLIW,Dragonfly Energy Holdings Corp - Warrant,N
1384,DFNS,T3 Defense Inc. - Common Stock,N
1385,DFNSW,T3 Defense Inc. - Warrants,N
1386,DFSC,"DEFSEC Technologies Inc. - common stock, no R/S concurrent with offering",N
1387,DFSCW,DEFSEC Technologies Inc. - warrant,N
1388,DFTX,"Definium Therapeutics, Inc.  - Common Shares",N
1389,DGCB,Dimensional Global Credit ETF,Y
1390,DGICA,"Donegal Group, Inc. - Class A Common Stock",N
1391,DGICB,"Donegal Group, Inc. - Class B Common Stock",N
1392,DGII,Digi International Inc. - Common Stock,N
1393,DGLO,First Trust RBA Deglobalization ETF,Y
1394,DGNX,Diginex Limited - Ordinary Shares,N
1395,DGRE,WisdomTree Emerging Markets Quality Dividend Growth Fund,Y
1396,DGRS,WisdomTree U.S. SmallCap Quality Dividend Growth Fund,Y
1397,DGRW,WisdomTree U.S. Quality Dividend Growth Fund,Y
1398,DGXX,Digi Power X Inc. - Common Subordinate Voting Shares,N
1399,DH,Definitive Healthcare Corp. - Class A Common Stock,N
1400,DHC,Diversified Healthcare Trust  - Common Shares of Beneficial Interest,N
1401,DHCNI,Diversified Healthcare Trust  - 5.625% Senior Notes due 2042,N
1402,DHCNL,Diversified Healthcare Trust  - 6.25% Senior Notes Due 2046,N
1403,DIBS,"1stdibs.com, Inc. - Common Stock",N
1404,DIME,CoinShares Altcoins ETF,Y
1405,DINE,Simplify Tax Aware Diversified Income Strategy ETF,Y
1406,DIOD,Diodes Incorporated - Common Stock,N
1407,DIVD,Altrius Global Dividend ETF,Y
1408,DJCO,Daily Journal Corp. (S.C.) - Common Stock,N
1409,DJT,Trump Media & Technology Group Corp. - Common Stock,N
1410,DJTWW,Trump Media & Technology Group Corp. - Warrants,N
1411,DKI,DarkIris Inc. - Class A Ordinary Shares,N
1412,DKNG,DraftKings Inc. - Class A Common Stock,N
1413,DKNX,Defiance Daily Target 2X Long DKNG ETF,Y
1414,DLCU,U.S. Large Company Portfolio: ETF Class Shares,Y
1415,DLHC,DLH Holdings Corp. - Common Stock,N
1416,DLLL,GraniteShares 2x Long DELL Daily ETF,Y
1417,DLO,DLocal Limited - Class A Common Shares,N
1418,DLPN,"Dolphin Entertainment, Inc. - Common Stock",N
1419,DLTH,Duluth Holdings Inc. - Class B Common Stock,N
1420,DLTR,"Dollar Tree, Inc. - Common Stock",N
1421,DLXY,Delixy Holdings Limited - Class A Ordinary Shares,N
1422,DMAA,Drugs Made In America Acquisition Corp. - Ordinary Shares,N
1423,DMAAR,Drugs Made In America Acquisition Corp. - Rights,N
1424,DMAAU,Drugs Made In America Acquisition Corp. - Units,N
1425,DMAC,DiaMedica Therapeutics Inc. - Common Stock,N
1426,DMII,Drugs Made In America Acquisition II Corp. - Ordinary Shares,N
1427,DMIIR,Drugs Made In America Acquisition II Corp. - Right,N
1428,DMIIU,Drugs Made In America Acquisition II Corp. - Unit,N
1429,DMLP,"Dorchester Minerals, L.P. - Common Units Representing Limited Partnership Interests",N
1430,DMRA,"Damora Therapeutics, Inc. - Ordinary Shares",N
1431,DMRC,Digimarc Corporation - Common Stock,N
1432,DMXF,iShares ESG Advanced MSCI EAFE ETF,Y
1433,DNLI,Denali Therapeutics Inc. - Common Stock,N
1434,DNMX,Dynamix Corporation III - Class A Ordinary Shares,N
1435,DNMXU,Dynamix Corporation III - Unit,N
1436,DNMXW,Dynamix Corporation III - Warrants,N
1437,DNTH,"Dianthus Therapeutics, Inc. - Common Stock",N
1438,DNUT,"Krispy Kreme, Inc. - Common Stock",N
1439,DOCU,"DocuSign, Inc. - Common Stock",N
1440,DOGZ,Dogness (International) Corporation - Class A Common Stock,N
1441,DOMH,Dominari Holdings Inc. - Common Stock,N
1442,DOMO,"Domo, Inc. - Class B Common Stock",N
1443,DOO,BRP Inc. - Common Subordinate Voting Shares,N
1444,DORM,"Dorman Products, Inc. - Common Stock",N
1445,DOX,Amdocs Limited - Ordinary Shares,N
1446,DOYU,DouYu International Holdings Limited - American Depositary Shares,N
1447,DPRO,Draganfly Inc. - Common Shares,N
1448,DPU,Top KingWin Ltd - Class A Ordinary Shares,N
1449,DPZ,Domino's Pizza Inc - Common Stock,N
1450,DRCT,"Direct Digital Holdings, Inc. - Class A Common Stock",N
1451,DRDB,Roman DBDR Acquisition Corp. II - Ordinary shares,N
1452,DRDBU,Roman DBDR Acquisition Corp. II - Unit,N
1453,DRDBW,Roman DBDR Acquisition Corp. II - Warrants,N
1454,DRH,Diamondrock Hospitality Company - Common Stock,N
1455,DRIO,DarioHealth Corp. - Common Stock,N
1456,DRIV,Global X Autonomous & Electric Vehicles ETF,Y
1457,DRMA,"Dermata Therapeutics, Inc. - Common Stock",N
1458,DRNZ,REX Drone ETF,Y
1459,DRS,"Leonardo DRS, Inc. - Common Stock",N
1460,DRTS,Alpha Tau Medical Ltd. - Ordinary Shares,N
1461,DRTSW,Alpha Tau Medical Ltd. - Warrant,N
1462,DRUG,Bright Minds Biosciences Inc. - common stock,N
1463,DRVN,Driven Brands Holdings Inc. - Common Stock,N
1464,DSAC,Daedalus Special Acquisition Corp. - Class A Ordinary Shares,N
1465,DSACU,Daedalus Special Acquisition Corp. - Unit,N
1466,DSACW,Daedalus Special Acquisition Corp. - Warrant,N
1467,DSC,DSC Holdings Ltd. - American Depositary Shares,N
1468,DSGN,"Design Therapeutics, Inc. - Common Stock",N
1469,DSGR,"Distribution Solutions Group, Inc. - Common Stock",N
1470,DSGX,The Descartes Systems Group Inc. - Common Stock,N
1471,DSP,Viant Technology Inc. - common stock,N
1472,DSWL,"Deswell Industries, Inc. - Common Shares",N
1473,DSY,Big Tree Cloud Holdings Limited - Class A Ordinary Shares,N
1474,DSYWW,Big Tree Cloud Holdings Limited - Warrants,N
1475,DTCR,Global X Data Center & Digital Infrastructure ETF,Y
1476,DTCX,"Datacentrex, Inc. - Common Stock",N
1477,DTI,Drilling Tools International Corporation  - Common Stock,N
1478,DTIL,"Precision BioSciences, Inc. - Common Stock",N
1479,DTSQ,DT Cloud Star Acquisition Corporation - Ordinary Shares,N
1480,DTSQR,DT Cloud Star Acquisition Corporation - Right,N
1481,DTSQU,DT Cloud Star Acquisition Corporation - Units,N
1482,DTSS,Datasea Intelligent Technology Ltd. - Class A Ordinary Shares,N
1483,DTST,Data Storage Corporation - Common Stock,N
1484,DUKH,Ocean Park High Income ETF,Y
1485,DUKR,DUKE Robotics Corp. - Common Stock,N
1486,DUKRW,DUKE Robotics Corp. - Warrant,N
1487,DUKX,Ocean Park International ETF,Y
1488,DUO,Fangdd Network Group Ltd. - Class A Ordinary Shares,N
1489,DUOG,Leverage Shares 2X Long DUOL Daily ETF,Y
1490,DUOL,"Duolingo, Inc. - Class A Common Stock",N
1491,DUOT,"Duos Technologies Group, Inc. - Common Stock",N
1492,DUSG,U.S. Small Cap Growth Portfolio: ETF Class Shares,Y
1493,DVAL,BrandywineGLOBAL-Dynamic US Large Cap Value ETF,Y
1494,DVGR,DAC 3D Dividend Growth ETF,Y
1495,DVIN,WEBs Industrials XLI Defined Volatility ETF,Y
1496,DVLT,Datavault AI Inc. - Common Stock,N
1497,DVLU,First Trust Dorsey Wright Momentum & Value ETF,Y
1498,DVOL,First Trust Dorsey Wright Momentum & Low Volatility ETF,Y
1499,DVQQ,WEBs QQQ Defined Volatility ETF,Y
1500,DVRE,WEBs Real Estate XLRE Defined Volatility ETF,Y
1501,DVSP,WEBs SPY Defined Volatility ETF,Y
1502,DVUT,WEBs Utilities XLU Defined Volatility ETF,Y
1503,DVXB,WEBs Materials XLB Defined Volatility ETF,Y
1504,DVXC,WEBs Communication Services XLC Defined Volatility ETF,Y
1505,DVXE,WEBs Energy XLE Defined Volatility ETF,Y
1506,DVXF,WEBs Financial XLF Defined Volatility ETF,Y
1507,DVXK,WEBs Technology XLK Defined Volatility ETF,Y
1508,DVXP,WEBs Consumer Staples XLP Defined Volatility ETF,Y
1509,DVXV,WEBs Health Care XLV Defined Volatility ETF,Y
1510,DVXY,WEBs Consumer Discretionary XLY Defined Volatility ETF,Y
1511,DVY,iShares Select Dividend ETF,Y
1512,DWAS,Invesco Dorsey Wright SmallCap Momentum ETF,Y
1513,DWAW,AdvisorShares Dorsey Wright FSM All Cap World ETF,Y
1514,DWSH,AdvisorShares Dorsey Wright Short ETF,Y
1515,DWSN,Dawson Geophysical Company - Common Stock,N
1516,DWTX,"Dogwood Therapeutics, Inc.  - Common Stock",N
1517,DWUS,AdvisorShares Dorsey Wright FSM US Core ETF,Y
1518,DXCM,"DexCom, Inc. - Common Stock",N
1519,DXLG,"Destination XL Group, Inc. - Common Stock",N
1520,DXPE,"DXP Enterprises, Inc. - Common Stock",N
1521,DXR,Daxor Corporation - Closed End Fund,N
1522,DXST,Decent Holding Inc. - Class A Ordinary Shares,N
1523,DYAI,"Dyadic International, Inc. - Common Stock",N
1524,DYFI,IDX Dynamic Fixed Income ETF,Y
1525,DYN,"Dyne Therapeutics, Inc. - Common Stock",N
1526,DYNB,Hartford Dynamic Bond ETF,Y
1527,DYNC,Dynamix Corporation - Class A Ordinary Share,N
1528,DYNCU,Dynamix Corporation - Unit,N
1529,DYNCW,Dynamix Corporation - Warrant,N
1530,DYOR,Insight Digital Partners II - Class A Ordinary Shares,N
1531,DYORU,Insight Digital Partners II - Units,N
1532,DYORW,Insight Digital Partners II - Warrants,N
1533,DYTA,SGI Dynamic Tactical ETF,Y
1534,EART,Global X Rare Earth & Critical Materials ETF,Y
1535,EASY,Liberty One Defensive Dividend Growth ETF,Y
1536,EBAY,eBay Inc. - Common Stock,N
1537,EBC,"Eastern Bankshares, Inc. - Common Stock",N
1538,EBI,Longview Advantage ETF,Y
1539,EBIZ,Global X E-commerce ETF,Y
1540,EBMT,"Eagle Bancorp Montana, Inc. - Common Stock",N
1541,EBON,Ebang International Holdings Inc. - Class A Ordinary Shares,N
1542,ECBK,"ECB Bancorp, Inc. - Common Stock",N
1543,ECHO,EchoStar Corporation - Common stock,N
1544,ECHX,Leverage Shares 2X Long ECHO Daily ETF,Y
1545,ECOR,"electroCore, Inc. - Common Stock",N
1546,ECOW,Pacer Emerging Markets Cash Cows 100 ETF,Y
1547,ECPG,Encore Capital Group Inc - Common Stock,N
1548,ECX,ECARX Holdings Inc. - Class A Ordinary shares,N
1549,ECXWW,ECARX Holdings Inc. - Warrants,N
1550,EDBL,Edible Garden AG Incorporated - Common Stock,N
1551,EDBLW,Edible Garden AG Incorporated - Warrant,N
1552,EDHL,Everbright Digital Holding Limited - Ordinary Shares,N
1553,EDIT,"Editas Medicine, Inc. - Common Stock",N
1554,EDRY,EuroDry Ltd. - Common Shares,N
1555,EDSA,"Edesa Biotech, Inc. - Common Shares",N
1556,EDTK,Skillful Craftsman Education Technology Limited - Ordinary Share,N
1557,EDUC,Educational Development Corporation - Common Stock,N
1558,EEE,CYBER HORNET S&P 500 and Ethereum 75/25 Strategy ETF,Y
1559,EEFT,"Euronet Worldwide, Inc. - Common Stock",N
1560,EEIQ,EpicQuest Education Group International Limited - Common Stock,N
1561,EEMA,iShares MSCI Emerging Markets Asia ETF,Y
1562,EFAS,Global X MSCI SuperDividend EAFE ETF,Y
1563,EFOI,"Energy Focus, Inc. - Common Stock",N
1564,EFRA,iShares Environmental Infrastructure and Industrials ETF,Y
1565,EFSC,Enterprise Financial Services Corporation - Common Stock,N
1566,EFSCP,"Enterprise Financial Services Corporation - Depositary Shares Each Representing a 1/40th Interest in a Share of 5% Fixed Rate Non-Cumulative Perpetual Preferred Stock, Series A",N
1567,EFSI,Eagle Financial Services Inc - Common Stock,N
1568,EFTY,"Etoiles Capital Group Co., Ltd. - Class A Ordinary Shares",N
1569,EGAN,eGain Corporation - Common Stock,N
1570,EGBN,"Eagle Bancorp, Inc. - Common Stock",N
1571,EGGQ,NestYield Visionary ETF,Y
1572,EGHA,EGH Acquisition Corp. - Class A ordinary shares,N
1573,EGHAR,EGH Acquisition Corp. - rights,N
1574,EGHAU,EGH Acquisition Corp. - Unit,N
1575,EGHT,8x8 Inc - Common stock,N
1576,EH,EHang Holdings Limited - ADS,N
1577,EHGO,Eshallgo Inc. - Class A Ordinary Shares,N
1578,EHLD,Euroholdings Ltd. - Common Stock,N
1579,EHLS,Even Herd Long Short ETF,Y
1580,EHTH,"eHealth, Inc. - Common Stock",N
1581,EIKN,"Eikon Therapeutics, Inc. - Common Stock",N
1582,EJH,E-Home Household Service Holdings Limited - Ordinary shares,N
1583,EKG,First Trust Nasdaq Lux Digital Health Solutions ETF,Y
1584,ELAB,PMGC Holdings Inc. - Common Stock,N
1585,ELBM,Electra Battery Materials Corporation - Common Stock,N
1586,ELDN,"Eledon Pharmaceuticals, Inc. - Common Stock",N
1587,ELE,Elemental Royalty Corporation - Common Stock,N
1588,ELFY,ALPS Electrification Infrastructure ETF,Y
1589,ELIL,Direxion Daily LLY Bull 2X ETF,Y
1590,ELMT,The Elmet Group Co. - Common Stock,N
1591,ELOG,Eastern International Ltd. - Ordinary Shares,N
1592,ELOL,Leverage Shares 100% TSLA AND 100% SPCX Daily ETF,Y
1593,ELOX,"Eloxx Pharmaceuticals, Inc. - Common Stock",N
1594,ELPW,Elong Power Holding Limited - Class A Ordinary Shares,N
1595,ELTK,Eltek Ltd. - Ordinary Shares,N
1596,ELTX,"Elicio Therapeutics, Inc. - Common Stock",N
1597,ELUT,"Elutia, Inc. - Class A Common Stock",N
1598,ELVA,Electrovaya Inc. - Common Shares,N
1599,ELVN,"Enliven Therapeutics, Inc.  - Common Stock",N
1600,ELVR,Elevra Lithium Limited - American Depository Shares,N
1601,ELWT,"Elauwit Connection, Inc. - Common Stock",N
1602,EMAT,Evolution Metals & Technologies Corp. - Common Stock,N
1603,EMB,iShares J.P. Morgan USD Emerging Markets Bond ETF,Y
1604,EMBC,Embecta Corp. - Common Stock,N
1605,EMCB,WisdomTree Emerging Markets Corporate Bond Fund,Y
1606,EMEM,Sophus Capital Emerging Market ETF,Y
1607,EMEQ,Nomura Focused Emerging Markets Equity ETF,Y
1608,EMIF,iShares Emerging Markets Infrastructure ETF,Y
1609,EMIS,Emmis Acquisition Corp. - Class A Ordinary Share,N
1610,EMISR,Emmis Acquisition Corp. - Rights,N
1611,EML,Eastern Company (The) - Common Stock,N
1612,EMPD,Empery Digital Inc. - Common stock,N
1613,EMSC,Sophus Capital Emerging Market Small Cap ETF,Y
1614,EMXC,iShares MSCI Emerging Markets ex China ETF,Y
1615,EMXF,iShares ESG Advanced MSCI EM ETF,Y
1616,ENDW,Cambria Endowment Style ETF,Y
1617,ENGN,enGene Therapeutics Inc. - Common Stock,N
1618,ENGNW,enGene Therapeutics Inc. - Warrants,N
1619,ENGS,Energys Group Limited - Ordinary Shares,N
1620,ENHI,iShares Enhanced International Active ETF,Y
1621,ENHU,iShares Enhanced Large Cap Core Active ETF,Y
1622,ENLT,Enlight Renewable Energy Ltd. - Ordinary Shares,N
1623,ENLV,Enlivex Ltd. - Ordinary Shares,N
1624,ENPH,"Enphase Energy, Inc. - Common Stock",N
1625,ENRD,Einride AB - American Depositary Shares,N
1626,ENRDW,Einride AB - Warrants,N
1627,ENSC,"Ensysce Biosciences, Inc. - Common Stock",N
1628,ENSG,"The Ensign Group, Inc. - Common Stock",N
1629,ENTA,"Enanta Pharmaceuticals, Inc. - Common Stock",N
1630,ENTG,"Entegris, Inc. - Common Stock",N
1631,ENTX,Entera Bio Ltd. - Ordinary Shares,N
1632,ENVB,"Enveric Biosciences, Inc.  - Common Stock",N
1633,ENVX,Enovix Corporation - Common Stock,N
1634,ENZL,iShares MSCI New Zealand ETF,Y
1635,EOLS,"Evolus, Inc. - Common Stock",N
1636,EOSE,"Eos Energy Enterprises, Inc. - Common Stock",N
1637,EOSEW,"Eos Energy Enterprises, Inc. - Warrant",N
1638,EPOW,E-Power Inc. - Class A Ordinary Shares,N
1639,EPRX,Eupraxia Pharmaceuticals Inc. - Common Stock,N
1640,EPSM,Epsium Enterprise Limited - Class A Ordinary Shares,N
1641,EPSN,Epsilon Energy Ltd. - Common Shares,N
1642,EQ,"Equillium, Inc. - Common Stock",N
1643,EQIX,"Equinix, Inc. - Common Stock",N
1644,EQPT,EquipmentShare.com Inc - Class A Common Stock,N
1645,EQQQ,ProShares Ultra QQQ Equal Weight,Y
1646,EQRR,ProShares Equities for Rising Rates ETF,Y
1647,ERAS,"Erasca, Inc. - Common Stock",N
1648,ERET,iShares Environmentally Aware Real Estate ETF,Y
1649,ERIC,Ericsson - American Depositary Shares each representing 1 underlying Class B share,N
1650,ERIE,Erie Indemnity Company - Class A Common Stock,N
1651,ERII,"Energy Recovery, Inc. - Common Stock",N
1652,ERNA,Ernexa Therapeutics Inc. - Common Stock,N
1653,ERNAW,Ernexa Therapeutics Inc. - Warrants,N
1654,ESCA,"Escalade, Incorporated - Common Stock",N
1655,ESEA,Euroseas Ltd. - Common Stock,N
1656,ESGD,iShares ESG Aware MSCI EAFE ETF,Y
1657,ESGE,iShares ESG Aware MSCI EM ETF,Y
1658,ESGU,iShares ESG Aware MSCI USA ETF,Y
1659,ESLA,"Estrella Immunopharma, Inc. - Common Stock",N
1660,ESLAW,"Estrella Immunopharma, Inc. - Warrant",N
1661,ESLT,Elbit Systems Ltd. - Ordinary Shares,N
1662,ESMV,iShares ESG Optimized MSCI USA Min Vol Factor ETF,Y
1663,ESN,Essential 40 Stock ETF,Y
1664,ESOA,Energy Services of America Corporation - Common Stock,N
1665,ESPO,VanEck Video Gaming and eSports ETF,Y
1666,ESQ,"Esquire Financial Holdings, Inc. - Common Stock",N
1667,ESTA,Establishment Labs Holdings Inc. - Common Shares,N
1668,ETEC,iShares Breakthrough Environmental Solutions ETF,Y
1669,ETHA,iShares Ethereum Trust ETF,Y
1670,ETHB,iShares Staked Ethereum Trust ETF,Y
1671,ETON,"Eton Pharmaceuticals, Inc. - Common Stock",N
1672,ETOR,eToro Group Ltd. - Class A Common Shares,N
1673,ETS,Elite Express Holding Inc. - Class A Common Stock,N
1674,EU,enCore Energy Corp. - Common Stock,N
1675,EUDA,Euda Health Holdings Limited - Ordinary Shares,N
1676,EUDAW,Euda Health Holdings Limited - Warrant,N
1677,EUFN,iShares MSCI Europe Financials ETF,Y
1678,EURK,Eureka Acquisition Corp - Class A Ordinary Share,N
1679,EURKR,Eureka Acquisition Corp - Right,N
1680,EURKU,Eureka Acquisition Corp - Unit,N
1681,EVAX,Evaxion A/S - American Depositary Share,N
1682,EVCM,EverCommerce Inc. - Common Stock,N
1683,EVER,"EverQuote, Inc. - Class A Common Stock",N
1684,EVGN,Evogene Ltd. - Ordinary Shares,N
1685,EVGO,EVgo Inc. - Common Stock,N
1686,EVLV,"Evolv Technologies Holdings, Inc. - Class A Common Stock",N
1687,EVMT,Invesco Electric Vehicle Metals Commodity Strategy No K-1 ETF,Y
1688,EVO,Evotec SE - American Depositary Shares each representing 1/2 of one ordinary share,N
1689,EVOX,Evolution Global Acquisition Corp - Class A Ordinary Shares,N
1690,EVOXU,Evolution Global Acquisition Corp - Units,N
1691,EVOXW,Evolution Global Acquisition Corp - Warrants,N
1692,EVPF,Eaton Vance Preferred Securities and Income ETF,Y
1693,EVRG,"Evergy, Inc. - Common Stock",N
1694,EVSD,Eaton Vance Short Duration Income ETF,Y
1695,EVYM,Eaton Vance High Income Municipal ETF,Y
1696,EWAV,East West Ave Acquisition Corp. - Common Stock,N
1697,EWAVR,East West Ave Acquisition Corp. - Rights,N
1698,EWAVU,East West Ave Acquisition Corp. - Units,N
1699,EWBC,"East West Bancorp, Inc. - Common Stock",N
1700,EWJV,iShares MSCI Japan Value ETF,Y
1701,EWTX,"Edgewise Therapeutics, Inc. - Common Stock",N
1702,EWZS,iShares MSCI Brazil Small-Cap ETF,Y
1703,EXC,Exelon Corporation - Common Stock,N
1704,EXE,Expand Energy Corporation - Common Stock,N
1705,EXEL,"Exelixis, Inc. - Common Stock",N
1706,EXFY,"Expensify, Inc. - Class A Common Stock",N
1707,EXLS,"ExlService Holdings, Inc. - Common Stock",N
1708,EXOZ,eXoZymes Inc. - Common Stock,N
1709,EXPE,"Expedia Group, Inc. - Common Stock",N
1710,EXPO,"Exponent, Inc. - Common Stock",N
1711,EXTR,"Extreme Networks, Inc. - Common Stock",N
1712,EXUS,Nomura Focused International Core ETF,Y
1713,EXYN,"Exyn Technologies, Inc. - Common Stock",N
1714,EXYNW,"Exyn Technologies, Inc. - Warrant",N
1715,EYE,"National Vision Holdings, Inc. - Common Stock",N
1716,EYEG,AB Corporate Bond ETF,Y
1717,EYPT,"EyePoint, Inc. - Common Stock",N
1718,EZGO,EZGO Technologies Ltd. - Ordinary Shares,N
1719,EZMO,AlphaDroid Broad Markets Momentum ETF,Y
1720,EZPW,"EZCORP, Inc. - Class A Non-Voting Common Stock",N
1721,EZRA,"Reliance Global Group, Inc. - Common Stock",N
1722,EZRO,AlphaDroid Defensive Sector Rotation ETF,Y
1723,FA,First Advantage Corporation - Common Stock,N
1724,FAAA,Fidelity AAA CLO ETF,Y
1725,FAAR,First Trust Alternative Absolute Return Strategy ETF,Y
1726,FAB,First Trust Multi Cap Value AlphaDEX Fund,Y
1727,FABC,"Fabric.AI, Inc. - Common Stock",N
1728,FAC,Factorial Energy Inc. - Class A Common Stock,N
1729,FACT,FACT II Acquisition Corp. - Class A Ordinary Shares,N
1730,FACTU,FACT II Acquisition Corp. - Unit,N
1731,FACTW,FACT II Acquisition Corp. - Warrant,N
1732,FACWW,Factorial Energy Inc. - Warrant,N
1733,FAD,First Trust Multi Cap Growth AlphaDEX Fund,Y
1734,FALN,iShares Fallen Angels USD Bond ETF,Y
1735,FAMI,"Farmmi, Inc. - Class A Ordinary Shares",N
1736,FANG,"Diamondback Energy, Inc. - Common Stock",N
1737,FAST,Fastenal Company - Common Stock,N
1738,FATE,"Fate Therapeutics, Inc. - Common Stock",N
1739,FATN,"FatPipe, Inc. - common stock",N
1740,FBDT,First Breach Inc. - Common Stock,N
1741,FBGL,FBS Global Limited - Ordinary Shares,N
1742,FBIO,"Fortress Biotech, Inc. - Common Stock",N
1743,FBIOP,"Fortress Biotech, Inc. - 9.375% Series A Cumulative Redeemable Perpetual Preferred Stock",N
1744,FBIZ,"First Business Financial Services, Inc. - Common Stock",N
1745,FBL,GraniteShares 2x Long META Daily ETF,Y
1746,FBLA,"FB Bancorp, Inc. - Common Stock",N
1747,FBLG,"FibroBiologics, Inc. - Common Stock",N
1748,FBNC,First Bancorp - Common Stock,N
1749,FBOT,Fidelity Disruptive Automation ETF,Y
1750,FBRX,"Forte Biosciences, Inc.  - Common Stock",N
1751,FBYD,"Falcon's Beyond Global, Inc. - Class A Common Stock",N
1752,FBYDP,"Falcon's Beyond Global, Inc. - 11% Series B Cumulative Convertible Preferred Stock",N
1753,FBYDW,"Falcon's Beyond Global, Inc. - Warrants",N
1754,FBYY,GraniteShares YieldBOOST META ETF,Y
1755,FCA,First Trust China AlphaDEX Fund,Y
1756,FCAL,First Trust California Municipal High income ETF,Y
1757,FCAP,"First Capital, Inc. - Common Stock",N
1758,FCBC,"First Community Bankshares, Inc. - Common Stock",N
1759,FCCO,First Community Corporation - Common Stock,N
1760,FCEF,First Trust Income Opportunities ETF,Y
1761,FCEL,"FuelCell Energy, Inc. - Common Stock",N
1762,FCFS,"FirstCash Holdings, Inc. - Common Stock",N
1763,FCHL,Fitness Champs Holdings Limited - Ordinary Shares,N
1764,FCLO,Fidelity CLO ETF,Y
1765,FCNCA,"First Citizens BancShares, Inc. - Class A Common Stock",N
1766,FCNCN,"First Citizens BancShares, Inc. - Depositary Shares, each representing a 1/40th interest in a share of 6.625% Non-Cumulative Perpetual Preferred Stock, Series E",N
1767,FCNCO,"First Citizens BancShares, Inc. - 5.625% Non-Cumulative Perpetual Preferred Stock, Series C",N
1768,FCNCP,"First Citizens BancShares, Inc. - Depositary Shares Each Representing a 1/40th Interest in a Share of 5.375% Non-Cumulative Perpetual Preferred Stock, Series A",N
1769,FCTE,SMI 3Fourteen Full-Cycle Trend ETF,Y
1770,FCUV,Focus Universal Inc. - Common Stock,N
1771,FCVT,First Trust SSI Strategic Convertible Securities ETF,Y
1772,FCXG,Leverage Shares 2x Long FCX Daily ETF,Y
1773,FDBC,"Fidelity D & D Bancorp, Inc. - Common Stock",N
1774,FDCF,Fidelity Disruptive Communications ETF,Y
1775,FDFF,Fidelity Disruptive Finance ETF,Y
1776,FDIF,Fidelity Disruptors ETF,Y
1777,FDIG,Fidelity Crypto Industry and Digital Payments ETF,Y
1778,FDIQ,Invesco Bloomberg Financial Data Providers ETF,Y
1779,FDIV,MarketDesk Focused U.S. Dividend ETF,Y
1780,FDMM,Freedom Metals Acquisition Corp. - Class A Ordinary Shares,N
1781,FDMMU,Freedom Metals Acquisition Corp. - Units,N
1782,FDMMW,Freedom Metals Acquisition Corp. - Warrants,N
1783,FDMT,"4D Molecular Therapeutics, Inc. - Common Stock",N
1784,FDNI,First Trust Dow Jones International Internet ETF,Y
1785,FDRS,Founder-Led ETF,Y
1786,FDRX,Founder-Led 2X Daily ETF,Y
1787,FDSB,"Fifth District Bancorp, Inc. - Common Stock",N
1788,FDT,First Trust Developed Markets Ex-US AlphaDEX Fund,Y
1789,FDTS,First Trust Developed Markets ex-US Small Cap AlphaDEX Fund,Y
1790,FDTX,Fidelity Disruptive Technology ETF,Y
1791,FDUS,Fidus Investment Corporation - Closed End Fund,N
1792,FEAM,"5E Advanced Materials, Inc. - Common Stock",N
1793,FEBO,Fenbo Holdings Limited - Class A Ordinary Shares,N
1794,FEED,"ENvue Medical, Inc. - Common Stock",N
1795,FEIM,"Frequency Electronics, Inc. - Common Stock",N
1796,FELE,"Franklin Electric Co., Inc. - Common Stock",N
1797,FEM,First Trust Emerging Markets AlphaDEX Fund,Y
1798,FEMB,First Trust Emerging Markets Local Currency Bond ETF,Y
1799,FEMS,First Trust Emerging Markets Small Cap AlphaDEX Fund,Y
1800,FEMY,Femasys Inc. - Common Stock,N
1801,FENC,Fennec Pharmaceuticals Inc. - Common Stock,N
1802,FEP,First Trust Europe AlphaDEX Fund,Y
1803,FEPI,REX FANG & Innovation Equity Premium Income ETF,Y
1804,FER,Ferrovial N.V. - Ordinary Shares,N
1805,FERA,Fifth Era Acquisition Corp I - Class A Ordinary Shares,N
1806,FERAR,Fifth Era Acquisition Corp I - Rights,N
1807,FERAU,Fifth Era Acquisition Corp I - Units,N
1808,FEUZ,First Trust Eurozone AlphaDEX ETF,Y
1809,FEX,First Trust Large Cap Core AlphaDEX Fund,Y
1810,FFAI,Faraday Future Intelligent Electric Inc. - Class A Common Stock,N
1811,FFBC,First Financial Bancorp. - Common Stock,N
1812,FFIN,"First Financial Bankshares, Inc. - Common Stock",N
1813,FFIV,"F5, Inc. - Common Stock",N
1814,FFUT,Fidelity Managed Futures ETF,Y
1815,FGBI,"First Guaranty Bancshares, Inc. - Common Stock",N
1816,FGBIP,"First Guaranty Bancshares, Inc. - 6.75% Series A Fixed-Rate Non-Cumulative Perpetual Preferred Stock",N
1817,FGI,FGI Industries Ltd. - Ordinary Shares,N
1818,FGII,FG Imperii Acquisition Corp. - Class A Ordinary Shares,N
1819,FGIIU,FG Imperii Acquisition Corp. - Units,N
1820,FGIIW,FG Imperii Acquisition Corp. - Warrants,N
1821,FGIWW,FGI Industries Ltd. - warrant,N
1822,FGL,Founder Group Limited - Class A Ordinary Shares,N
1823,FGM,First Trust Germany AlphaDEX Fund,Y
1824,FGNX,FG Nexus Inc. - Common Stock,N
1825,FGNXP,FG Nexus Inc. - 8.00% Cumulative Series A Preferred Stock,N
1826,FGSI,FT Vest Growth Strength & Target Income ETF,Y
1827,FHB,"First Hawaiian, Inc. - Common Stock",N
1828,FHTX,Foghorn Therapeutics Inc. - Common Stock,N
1829,FIBK,"First Interstate BancSystem, Inc. - Common Stock",N
1830,FICS,First Trust International Developed Capital Strength ETF,Y
1831,FID,First Trust S&P International Dividend Aristocrats ETF,Y
1832,FIEE,"FiEE, Inc - Common Stock",N
1833,FIGG,Leverage Shares 2x Long FIG Daily ETF,Y
1834,FIGR,"Figure Technology Solutions, Inc. - Class A Common Stock",N
1835,FIGX,FIGX Capital Acquisition Corp. - Class A ordinary share,N
1836,FIGXU,FIGX Capital Acquisition Corp. - Units,N
1837,FIGXW,FIGX Capital Acquisition Corp. - one-half of one redeemable warrant.,N
1838,FIMU,Fidelity Intermediate Municipal Income ETF,Y
1839,FINW,FinWise Bancorp - Common Stock,N
1840,FINX,Global X FinTech ETF,Y
1841,FINY,GraniteShares YieldBOOST Financials ETF,Y
1842,FIP,FTAI Infrastructure Inc. - Common Stock,N
1843,FISI,"Financial Institutions, Inc. - Common Stock",N
1844,FISN,"Deep Fission, Inc. - Common Stock",N
1845,FISV,"Fiserv, Inc. - Common Stock",N
1846,FIVE,"Five Below, Inc. - Common Stock",N
1847,FIVN,"Five9, Inc. - Common Stock",N
1848,FIXD,First Trust Smith Opportunistic Fixed Income ETF,Y
1849,FIYY,GraniteShares YieldBOOST 20Y Treasuries ETF,Y
1850,FIZZ,National Beverage Corp. - Common Stock,N
1851,FJDIU,ARC Group Securities Acquisition I - Units,N
1852,FJP,First Trust Japan AlphaDEX Fund,Y
1853,FKU,First Trust United Kingdom AlphaDEX Fund,Y
1854,FKWL,Franklin Wireless Corp. - common stock,N
1855,FLD,"Fold Holdings, Inc. - Class A Common Stock",N
1856,FLDB,Fidelity Low Duration Bond ETF,Y
1857,FLDDW,"Fold Holdings, Inc. - Warrant",N
1858,FLEX,Flex Ltd. - Ordinary Shares,N
1859,FLGT,"Fulgent Genetics, Inc. - Common Stock",N
1860,FLL,"Full House Resorts, Inc. - Common Stock",N
1861,FLN,First Trust Latin America AlphaDEX Fund,Y
1862,FLNA,"Filana Therapeutics, Inc. - Common Stock",N
1863,FLNC,"Fluence Energy, Inc. - Class A Common Stock",N
1864,FLNT,"Fluent, Inc. - Common Stock",N
1865,FLUX,"Flux Power Holdings, Inc. - Common Stock",N
1866,FLWS,"1-800-FLOWERS.COM, Inc. - Class A Common Stock",N
1867,FLX,BingEx Limited - American Depositary Shares,N
1868,FLXS,"Flexsteel Industries, Inc. - Common Stock",N
1869,FLY,Firefly Aerospace Inc. - Common Stock,N
1870,FLYE,"Fly-E Group, Inc. - Common Stock",N
1871,FLYW,Flywire Corporation - Voting Common Stock,N
1872,FLZH,"Flash Sports & Media Holdings, Inc. - Common Stock",N
1873,FMAC,Future Money Acquisition Corporation - Ordinary Shares,N
1874,FMACR,Future Money Acquisition Corporation - Rights,N
1875,FMACU,Future Money Acquisition Corporation - Units,N
1876,FMAO,"Farmers & Merchants Bancorp, Inc. - Common Stock",N
1877,FMB,First Trust Managed Municipal ETF,Y
1878,FMBH,"First Mid Bancshares, Inc. - Common Stock",N
1879,FMED,Fidelity Disruptive Medicine ETF,Y
1880,FMET,Fidelity Metaverse ETF,Y
1881,FMFC,Kandal M Venture Limited - Class A ordinary Shares,N
1882,FMHI,First Trust Municipal High Income ETF,Y
1883,FMNB,Farmers National Banc Corp. - Common Stock,N
1884,FMST,Foremost Clean Energy Ltd. - Common Shares,N
1885,FMSTW,Foremost Clean Energy Ltd. - Warrant,N
1886,FMTM,MarketDesk Focused U.S. Momentum ETF,Y
1887,FMUB,Fidelity Municipal Bond Opportunities ETF,Y
1888,FMUN,Fidelity Systematic Municipal Bond Index ETF,Y
1889,FNGR,"FingerMotion, Inc. - common stock",N
1890,FNK,First Trust Mid Cap Value AlphaDEX Fund,Y
1891,FNKO,"Funko, Inc. - Class A Common Stock",N
1892,FNLC,"First Bancorp, Inc (ME) - Common Stock",N
1893,FNRN,First Northern Community Bancorp - Common stock,N
1894,FNUC,Frontier Nuclear and Minerals Inc. - Common Shares,N
1895,FNWB,First Northwest Bancorp - Common Stock,N
1896,FNWD,Finward Bancorp - common stock,N
1897,FNX,First Trust Mid Cap Core AlphaDEX Fund,Y
1898,FNY,First Trust Mid Cap Growth AlphaDEX Fund,Y
1899,FOCL,"EDAP TMS S.A. - American Depositary Shares, each representing One Ordinary Share",N
1900,FOFO,"Hang Feng Technology Innovation Co., Ltd. - Ordinary Shares",N
1901,FORM,"FormFactor, Inc. - Common Stock",N
1902,FORR,"Forrester Research, Inc. - Common Stock",N
1903,FORTY,Formula Systems (1985) Ltd. - American Depositary Shares,N
1904,FOSL,"Fossil Group, Inc. - Common Stock",N
1905,FOX,Fox Corporation - Class B Common Stock,N
1906,FOXA,Fox Corporation - Class A Common Stock,N
1907,FOXF,Fox Factory Holding Corp. - Common Stock,N
1908,FOXX,Foxx Development Holdings Inc. - Common Stock,N
1909,FOXXW,Foxx Development Holdings Inc. - Warrant,N
1910,FPA,First Trust Asia Pacific Ex-Japan AlphaDEX Fund,Y
1911,FPXE,First Trust IPOX Europe Equity Opportunities ETF,Y
1912,FPXI,First Trust International Equity Opportunities ETF,Y
1913,FRAF,Franklin Financial Services Corporation - Common Stock,N
1914,FRBA,First Bank  - Common Stock,N
1915,FRBT,"Forbright, Inc. - Class A Common Stock",N
1916,FRD,Friedman Industries Inc. - Common Stock,N
1917,FREI,Fidelity Real Estate Income ETF,Y
1918,FRGT,"Freight Technologies, Inc. - Ordinary Shares",N
1919,FRHC,Freedom Holding Corp. - Common Stock,N
1920,FRME,First Merchants Corporation - Common Stock,N
1921,FRMEP,"First Merchants Corporation - Depository Shares, each representing a 1/100th interest in a share of 7.50% Non-Cumulative Perpetual Preferred Stock, A",N
1922,FRMI,Fermi Inc. - Common Stock,N
1923,FRMM,"Forum Markets, Incorporated - Common Stock",N
1924,FRNM,"Freenome, Inc. - Common stock",N
1925,FROG,JFrog Ltd. - Ordinary shares,N
1926,FRPH,"FRP Holdings, Inc. - Common Stock",N
1927,FRPT,"Freshpet, Inc. - Common Stock",N
1928,FRSH,Freshworks Inc. - Class A Common Stock,N
1929,FRST,Primis Financial Corp. - Common Stock,N
1930,FRSX,Foresight Autonomous Holdings Ltd. - American Depositary Shares,N
1931,FRTT,Fort Technology Inc. - Common Shares,N
1932,FRVO,Fervo Energy Company - Class A common stock,N
1933,FRWD,Nomura Transformational Technologies ETF,Y
1934,FSBC,Five Star Bancorp - Common Stock,N
1935,FSBW,"FS Bancorp, Inc. - Common Stock",N
1936,FSCS,First Trust SMID Capital Strength ETF,Y
1937,FSEA,"First Seacoast Bancorp, Inc. - Common Stock",N
1938,FSGS,First Trust SMID Growth Strength ETF,Y
1939,FSHP,Flag Ship Acquisition Corp. - Ordinary Shares,N
1940,FSHPR,Flag Ship Acquisition Corp. - Right,N
1941,FSHPU,Flag Ship Acquisition Corp. - Unit,N
1942,FSLR,"First Solar, Inc. - Common Stock",N
1943,FSLY,"Fastly, Inc. - Class A Common Stock",N
1944,FSTB,Fidelity Short-Term Bond ETF,Y
1945,FSTR,L.B. Foster Company - Common Stock,N
1946,FSUN,FirstSun Capital Bancorp - Common Stock,N
1947,FSV,FirstService Corporation - Common Shares,N
1948,FSZ,First Trust Switzerland AlphaDEX Fund,Y
1949,FTA,First Trust Large Cap Value AlphaDEX Fund,Y
1950,FTAG,First Trust Indxx Global Agriculture ETF,Y
1951,FTAI,FTAI Aviation Ltd. - Common Stock,N
1952,FTAIM,FTAI Aviation Ltd. - 9.500% Fixed-Rate Reset Series D Cumulative Perpetual Redeemable Preferred Shares,N
1953,FTC,First Trust Large Cap Growth AlphaDEX Fund,Y
1954,FTCI,"FTC Solar, Inc. - Common Stock",N
1955,FTCS,First Trust Capital Strength ETF,Y
1956,FTDR,"Frontdoor, Inc. - Common Stock",N
1957,FTDS,First Trust Dividend Strength ETF,Y
1958,FTEK,"Fuel Tech, Inc. - Common Stock",N
1959,FTFT,Future FinTech Group Inc. - Common Stock,N
1960,FTG,FullerThaler Behavioral Growth ETF,Y
1961,FTGC,First Trust Global Tactical Commodity Strategy Fund,Y
1962,FTGS,First Trust Growth Strength ETF,Y
1963,FTH,"Faeth Therapeutics, Inc.  - Common Stock",N
1964,FTHA,Forefront Tech Holdings Acquisition Corp - Class A Ordinary Shares,N
1965,FTHAU,Forefront Tech Holdings Acquisition Corp - Unit,N
1966,FTHAW,Forefront Tech Holdings Acquisition Corp - Warrant,N
1967,FTHI,First Trust BuyWrite Income ETF,Y
1968,FTHM,Fathom Holdings Inc. - Common Stock,N
1969,FTLF,"FitLife Brands, Inc. - Common Stock",N
1970,FTNT,"Fortinet, Inc. - Common Stock",N
1971,FTQI,First Trust Nasdaq BuyWrite Income ETF,Y
1972,FTRE,Fortrea Holdings Inc. - Common Stock,N
1973,FTRI,First Trust Indxx Global Natural Resources Income ETF,Y
1974,FTSL,First Trust Senior Loan Fund,Y
1975,FTSM,First Trust Enhanced Short Maturity ETF,Y
1976,FTXG,First Trust Nasdaq Food & Beverage ETF,Y
1977,FTXH,First Trust Nasdaq Pharmaceuticals ETF,Y
1978,FTXL,First Trust Nasdaq Semiconductor ETF,Y
1979,FTXN,First Trust Nasdaq Oil & Gas ETF,Y
1980,FTXO,First Trust Nasdaq Bank ETF,Y
1981,FTXR,First Trust Nasdaq Transportation ETF,Y
1982,FUFU,BitFuFu Inc. - Class A Ordinary Shares,N
1983,FUFUW,BitFuFu Inc. - Warrant,N
1984,FULC,"Fulcrum Therapeutics, Inc. - Common Stock",N
1985,FULT,Fulton Financial Corporation - Common Stock,N
1986,FULTP,"Fulton Financial Corporation - Depositary Shares Each Representing a 1/40th Interest in a Share of Fixed Rate Non-Cumulative Perpetual Preferred Stock, Series A",N
1987,FUNC,First United Corporation - Common Stock,N
1988,FUND,"Sprott Focus Trust, Inc. - Closed End Fund",N
1989,FUSB,"First US Bancshares, Inc. - Common Stock",N
1990,FUSE,Fusemachines Inc. - Common stock,N
1991,FUSEW,Fusemachines Inc. - Warrants,N
1992,FUTG,Leverage Shares 2x Long FUTU Daily ETF,Y
1993,FUTU,Futu Holdings Limited - American Depositary Shares,N
1994,FV,First Trust Dorsey Wright Focus 5 ETF,Y
1995,FVAV,Fortress Value Acquisition Corp. V - Class A Ordinary Shares,N
1996,FVC,First Trust Dorsey Wright Dynamic Focus 5 ETF,Y
1997,FVCB,"FVCBankcorp, Inc. - Common Stock",N
1998,FVN,Future Vision II Acquisition Corporation - Ordinary Shares,N
1999,FVNNR,Future Vision II Acquisition Corporation - Right,N
2000,FVNNU,Future Vision II Acquisition Corporation - Units,N
2001,FWAC,Futurewave Acquisition Corporation - Ordinary Shares,N
2002,FWACR,Futurewave Acquisition Corporation - Rights,N
2003,FWACU,Futurewave Acquisition Corporation - Units,N
2004,FWACW,Futurewave Acquisition Corporation - Warrants,N
2005,FWDI,"Forward Industries, Inc. - Common Stock",N
2006,FWONA,Liberty Media Corporation - Series A Liberty Formula One Common Stock,N
2007,FWONK,Liberty Media Corporation - Series C Liberty Formula One Common Stock,N
2008,FWRD,Forward Air Corporation - Common Stock,N
2009,FWRG,"First Watch Restaurant Group, Inc. - Common Stock",N
2010,FXAC,FortuneX Acquisition Corporation - Ordinary shares,N
2011,FXACU,FortuneX Acquisition Corporation - Units,N
2012,FXACW,FortuneX Acquisition Corporation - Warrant,N
2013,FXHO,UTime Limited - Class A Ordinary Shares,N
2014,FXNC,First National Corporation - Common Stock,N
2015,FYC,First Trust Small Cap Growth AlphaDEX Fund,Y
2016,FYT,First Trust Small Cap Value AlphaDEX Fund,Y
2017,FYX,First Trust Small Cap Core AlphaDEX Fund,Y
2018,GABC,"German American Bancorp, Inc. - Common Stock",N
2019,GAIA,"Gaia, Inc. - Class A Common Stock",N
2020,GAIN,Gladstone Investment Corporation - Business Development Company,N
2021,GAING,Gladstone Investment Corporation - 7.125% Notes due 2031,N
2022,GAINI,Gladstone Investment Corporation - 7.875% Notes due 2030,N
2023,GAINZ,Gladstone Investment Corporation - 4.875% Notes due 2028,N
2024,GALT,Galectin Therapeutics Inc. - Common Stock,N
2025,GAME,"GameSquare Holdings, Inc. - Common stock",N
2026,GANX,"Gain Therapeutics, Inc. - Common Stock",N
2027,GARY,Mango Growth ETF,Y
2028,GASS,"StealthGas, Inc. - common stock",N
2029,GAUZ,Gauzy Ltd. - Ordinary Shares,N
2030,GAVA,Grayscale Avalanche Staking ETF,Y
2031,GBDC,"Golub Capital BDC, Inc. - Closed End Fund",N
2032,GBFH,GBank Financial Holdings Inc. - Common Stock,N
2033,GBLI,"Global Indemnity Group, LLC - Class A Common Shares",N
2034,GBUG,Sprott Active Gold & Silver Miners ETF,Y
2035,GCBC,"Greene County Bancorp, Inc. - Common Stock",N
2036,GCGR,General Catalyst Global Resilience Merger Corp. - Class A Ordinary Shares,N
2037,GCGRU,General Catalyst Global Resilience Merger Corp. - Units,N
2038,GCGRW,General Catalyst Global Resilience Merger Corp. - Warrants,N
2039,GCL,GCL Global Holdings Ltd - Ordinary Shares,N
2040,GCLWW,GCL Global Holdings Ltd - Warrants,N
2041,GCMG,GCM Grosvenor Inc. - Class A Common Stock,N
2042,GCT,GigaCloud Technology Inc - Class A Ordinary Shares,N
2043,GCTK,"GlucoTrack, Inc. - Common Stock",N
2044,GDC,GD Culture Group Limited - Common Stock,N
2045,GDEV,GDEV Inc. - Ordinary Shares,N
2046,GDEVW,GDEV Inc. - Warrant,N
2047,GDHG,Golden Heaven Group Holdings Ltd.  - Class A Ordinary Shares,N
2048,GDRX,"GoodRx Holdings, Inc. - Class A Common Stock",N
2049,GDS,GDS Holdings Limited - American Depositary Shares,N
2050,GDTC,CytoMed Therapeutics Limited - Ordinary Shares,N
2051,GDYN,"Grid Dynamics Holdings, Inc. - Class A Common Stock",N
2052,GECC,Great Elm Capital Corp. - Closed End Fund,N
2053,GECCG,Great Elm Capital Corp. - 7.75% Notes Due 2030,N
2054,GECCH,Great Elm Capital Corp. - 8.125% Notes Due 2029,N
2055,GECCI,Great Elm Capital Corp. - 8.50% NOTES DUE 2029,N
2056,GEG,"Great Elm Group, Inc.  - Common Stock",N
2057,GEGGL,"Great Elm Group, Inc.  - 7.25% Notes due 2027",N
2058,GEHC,GE HealthCare Technologies Inc. - Common Stock,N
2059,GELS,Gelteq Limited - Ordinary Shares,N
2060,GEME,Pacific North of South EM Equity Active ETF,Y
2061,GEMG,Leverage Shares 2X Long GEMI Daily ETF,Y
2062,GEMI,"Gemini Space Station, Inc. - Class A Common Stock",N
2063,GEN,Gen Digital Inc. - Common Stock,N
2064,GENB,"Generate Biomedicines, Inc. - Common Stock",N
2065,GENK,"GEN Restaurant Group, Inc. - Class A Common Stock",N
2066,GENVR,Gen Digital Inc. - Contingent Value Rights,N
2067,GENZ,VanEck Digital Native Economy ETF,Y
2068,GEOS,Geospace Technologies Corporation - Common Stock,N
2069,GEQ,Cambria Global EW 2 ETF,Y
2070,GERN,Geron Corporation - Common Stock,N
2071,GEVG,Leverage Shares 2X Long GEV Daily ETF,Y
2072,GEVO,"Gevo, Inc. - Common Stock",N
2073,GEW,Cambria Global EW ETF,Y
2074,GFAI,"Guardforce AI Co., Limited - Ordinary Shares",N
2075,GFAIW,"Guardforce AI Co., Limited - Warrant",N
2076,GFGF,Guru Favorite Stocks ETF,Y
2077,GFLW,VictoryShares Free Cash Flow Growth ETF,Y
2078,GFS,GlobalFoundries Inc. - Ordinary Share,N
2079,GFUZ,General Fusion Group Ltd. - Common Shares,N
2080,GFUZW,General Fusion Group Ltd. - Warrant,N
2081,GGAL,"Grupo Financiero Galicia S.A. - American Depositary Shares, Class B Shares underlying",N
2082,GGLL,Direxion Daily GOOGL Bull 2X ETF,Y
2083,GGLS,Direxion Daily GOOGL Bear 1X ETF,Y
2084,GGR,Gogoro Inc. - Ordinary Shares,N
2085,GGROW,Gogoro Inc. - Warrant,N
2086,GH,"Guardant Health, Inc. - Common Stock",N
2087,GHRS,GH Research PLC - Ordinary Shares,N
2088,GHXI,"Gores Holdings XI, Inc. - Class A Ordinary Shares",N
2089,GHXIU,"Gores Holdings XI, Inc. - Units",N
2090,GHXIW,"Gores Holdings XI, Inc. - Warrant",N
2091,GIBO,GIBO Holdings Limited - Class A Ordinary Shares,N
2092,GIBOW,GIBO Holdings Limited - Warrants,N
2093,GIEQ,Goldman Sachs Data Enhanced International Equity ETF,Y
2094,GIFT,"Giftify, Inc. - Common Stock",N
2095,GIGM,GigaMedia Limited - Ordinary Shares,N
2096,GIII,"G-III Apparel Group, LTD. - Common Stock",N
2097,GILD,"Gilead Sciences, Inc. - Common Stock",N
2098,GILT,Gilat Satellite Networks Ltd. - Ordinary Shares,N
2099,GIND,Goldman Sachs India Equity ETF,Y
2100,GINX,SGI Enhanced Global Income ETF,Y
2101,GIPR,Generation Income Properties Inc. - Common stock,N
2102,GIPRW,Generation Income Properties Inc. - Warrant,N
2103,GITS,"Global Interactive Technologies, Inc. Common Stock - Common Stock",N
2104,GIW,GigCapital8 Corp. - Class A Ordinary Shares,N
2105,GIWWR,GigCapital8 Corp. - Rights,N
2106,GIWWU,GigCapital8 Corp. - Units,N
2107,GIX,GigCapital9 Corp. - Class A Ordinary Share,N
2108,GIXXR,GigCapital9 Corp. - Rights,N
2109,GIXXU,GigCapital9 Corp. - Units,N
2110,GKAT,Scharf Global Opportunity ETF,Y
2111,GLAD,Gladstone Capital Corporation - Closed End Fund,N
2112,GLBE,Global-E Online Ltd. - ordinary shares,N
2113,GLBS,Globus Maritime Limited - Common Stock,N
2114,GLCR,GlacierShares Nasdaq Iceland ETF,Y
2115,GLDB,IDX Alternative FIAT ETF,Y
2116,GLDI,"ETRACS Gold Shares Covered Call ETNs due February 2, 2033",Y
2117,GLE,Global Engine Group Holding Limited - Class A Ordinary Shares,N
2118,GLGG,Leverage Shares 2X Long GLXY Daily ETF,Y
2119,GLIBA,Liberty Capital Corporation - Series A GCI Group Common Stock,N
2120,GLIBK,Liberty Capital Corporation - Series C GCI Group Common Stock,N
2121,GLMD,Galmed Pharmaceuticals Ltd. - Ordinary Shares,N
2122,GLND,Greenland Energy Company - Common Stock,N
2123,GLNDW,Greenland Energy Company - Warrant,N
2124,GLNG,Golar LNG Limited - Common Shares,N
2125,GLOO,"Gloo Holdings, Inc. - Common Stock",N
2126,GLOW,VictoryShares WestEnd Global Equity ETF,Y
2127,GLPI,"Gaming and Leisure Properties, Inc. - Common Stock",N
2128,GLRE,"Greenlight Reinsurance, Ltd. - Class A Ordinary Shares",N
2129,GLSI,"Greenwich LifeSciences, Inc. - Common stock",N
2130,GLUE,"Monte Rosa Therapeutics, Inc. - Common Stock",N
2131,GLWG,Leverage Shares 2X Long GLW Daily ETF,Y
2132,GLXG,Galaxy Payroll Group Limited - Class A Ordinary Shares,N
2133,GLXY,Galaxy Digital Inc. - Class A common stock,N
2134,GMAB,Genmab A/S - American Depositary Shares,N
2135,GMEX,GMEX ROBOTICS CORPORATION - Class A Ordinary Shares,N
2136,GMHS,Gamehaus Holdings Inc. - Class A Ordinary Shares,N
2137,GMM,Global Mofy AI Limited  - Class A Ordinary Shares,N
2138,GNLN,"Greenlane Holdings, Inc. - Class A Common Stock",N
2139,GNLX,Genelux Corporation - Common Stock,N
2140,GNMA,iShares GNMA Bond ETF,Y
2141,GNOM,Global X Genomics & Biotechnology ETF,Y
2142,GNPX,"Genprex, Inc. - Common Stock",N
2143,GNSS,Genasys Inc. - Common Stock,N
2144,GNTA,Genenta Science S.p.A. - American Depositary Shares,N
2145,GNTX,Gentex Corporation - Common Stock,N
2146,GO,Grocery Outlet Holding Corp. - Common Stock,N
2147,GOAI,Eva Live Inc. - Common Stock,N
2148,GOGO,Gogo Inc. - Common Stock,N
2149,GOLI,Defiance Gold Enhanced Options Income ETF,Y
2150,GOOD,Gladstone Commercial Corporation - Real Estate Investment Trust,N
2151,GOODN,Gladstone Commercial Corporation - 6.625% Series E Cumulative Redeemable Preferred Stock,N
2152,GOODO,"Gladstone Commercial Corporation - 6.00% Series G Cumulative Redeemable Preferred Stock, par value $0.001 per share",N
2153,GOOG,Alphabet Inc. - Class C Capital Stock,N
2154,GOOGL,Alphabet Inc. - Class A Common Stock,N
2155,GOOGM,Alphabet Inc. - Depositary Shares representing a 1/20th Interest in a Share of Series A Mandatory Convertible Preferred Stock,N
2156,GOOGN,Alphabet Inc. - Depositary Shares representing a 1/20th Interest in a Share of Series B Mandatory Convertible Preferred Stock,N
2157,GOSS,"Gossamer Bio, Inc. - Common Stock",N
2158,GOU,GraniteShares 2x Long GOOGL Daily ETF,Y
2159,GOVI,Invesco Equal Weight 0-30 Year Treasury ETF,Y
2160,GOVX,"GeoVax Labs, Inc. - Common Stock",N
2161,GP,GreenPower Motor Company Inc. - Common Shares,N
2162,GPAC,General Purpose Acquisition Corp. - Class A Ordinary Shares,N
2163,GPACU,General Purpose Acquisition Corp. - Units,N
2164,GPACW,General Purpose Acquisition Corp. - Warrant,N
2165,GPAT,GP-Act III Acquisition Corp. - Class A Ordinary Share,N
2166,GPATU,GP-Act III Acquisition Corp. - Units,N
2167,GPATW,GP-Act III Acquisition Corp. - Warrants,N
2168,GPCR,Structure Therapeutics Inc. - American Depositary Shares,N
2169,GPIQ,Goldman Sachs Nasdaq-100 Premium Income ETF,Y
2170,GPIX,Goldman Sachs S&P 500 Premium Income ETF,Y
2171,GPRE,"Green Plains, Inc. - Common Stock",N
2172,GPRF,Goldman Sachs Access U.S. Preferred Stock and Hybrid Securities ETF,Y
2173,GPRO,"GoPro, Inc. - Class A Common Stock",N
2174,GPT,Intelligent Alpha Atlas ETF,Y
2175,GQQQ,Astoria US Quality Growth Kings ETF,Y
2176,GRAB,Grab Holdings Limited - Class A Ordinary Shares,N
2177,GRABW,Grab Holdings Limited - Warrant,N
2178,GRAG,Leverage Shares 2X Long GRAB Daily ETF,Y
2179,GRAL,"GRAIL, Inc. - Common Stock",N
2180,GRAN,Grande Group Limited - Class A Ordinary Shares,N
2181,GRCE,"Grace Therapeutics, Inc. - Common Stock",N
2182,GRDX,GridAI Technologies Corp.  - Common Stock,N
2183,GREEL,Vulcan Infrastructure and Power Inc. - 8.50% Senior Notes due 2026,N
2184,GRFS,"Grifols, S.A. - American Depositary Shares",N
2185,GRI,"GRI Bio, Inc. - Common Stock",N
2186,GRID,First Trust NASDAQ Clean Edge Smart Grid Infrastructure Index Fund,Y
2187,GRIN,VictoryShares International Free Cash Flow Growth ETF,Y
2188,GRML,Greenland Mines Ltd - Common Stock,N
2189,GRMLW,Greenland Mines Ltd - Warrants,N
2190,GRNQ,Greenpro Capital Corp. - Common Stock,N
2191,GROW,"U.S. Global Investors, Inc. - Class A Common Stock",N
2192,GRPN,"Groupon, Inc. - Common Stock",N
2193,GRRR,Gorilla Technology Group Inc. - Ordinary shares,N
2194,GRRRW,Gorilla Technology Group Inc. - Warrant,N
2195,GRSD,Grandstand Limited - Ordinary Shares,N
2196,GRVY,"GRAVITY Co., Ltd. - American depositary shares, each representing one common share.",N
2197,GRW,TCW Durable Growth ETF,Y
2198,GRWG,GrowGeneration Corp. - Common Stock,N
2199,GSAT,"Globalstar, Inc. - Common Stock",N
2200,GSBC,"Great Southern Bancorp, Inc. - Common Stock",N
2201,GSGO,Goldman Sachs Growth Opportunities ETF,Y
2202,GSHD,"Goosehead Insurance, Inc. - Class A Common Stock",N
2203,GSHR,Gesher Acquisition Corp. II - Class A Ordinary Shares,N
2204,GSHRU,Gesher Acquisition Corp. II - Units,N
2205,GSHRW,Gesher Acquisition Corp. II - Warrants,N
2206,GSIB,Themes Global Systemically Important Banks ETF,Y
2207,GSIT,"GSI Technology, Inc. - Common Stock",N
2208,GSIW,Garden Stage Limited - Class A Ordinary Shares,N
2209,GSM,Ferroglobe PLC - Ordinary Shares,N
2210,GSRF,GSR IV Acquisition Corp. - Class A ordinary share,N
2211,GSRFR,GSR IV Acquisition Corp. - Rights,N
2212,GSRFU,GSR IV Acquisition Corp. - Units,N
2213,GSRV,GSR V Acquisition Corp. - Class A ordinary shares,N
2214,GSRVR,GSR V Acquisition Corp. - Rights,N
2215,GSRVU,GSR V Acquisition Corp. - Units,N
2216,GSUN,Golden Sun Technology Group Limited - Class A Ordinary Shares,N
2217,GT,The Goodyear Tire & Rubber Company - Common Stock,N
2218,GTBP,"GT Biopharma, Inc. - Common Stock",N
2219,GTEC,Greenland Technologies Holding Corporation - Class A Ordinary Shares,N
2220,GTEN,"Gores Holdings X, Inc. - Class A ordinary shares",N
2221,GTENU,"Gores Holdings X, Inc. - Units",N
2222,GTENW,"Gores Holdings X, Inc. - Warrants",N
2223,GTERA,Globa Terra Acquisition Corporation - Class A Ordinary Shares,N
2224,GTERR,Globa Terra Acquisition Corporation - Rights,N
2225,GTERU,Globa Terra Acquisition Corporation - Units,N
2226,GTERW,Globa Terra Acquisition Corporation - Warrants,N
2227,GTIM,Good Times Restaurants Inc. - Common Stock,N
2228,GTLB,GitLab Inc. - Class A Common Stock,N
2229,GTM,ZoomInfo Technologies Inc. - Common Stock,N
2230,GTOP,Goldman Sachs Technology Opportunities ETF,Y
2231,GTOQ,Invesco High Yield Systematic Bond ETF,Y
2232,GTPE,Goldman Sachs MSCI World Private Equity Return Tracker ETF,Y
2233,GTR,WisdomTree Target Range Fund,Y
2234,GTX,Garrett Motion Inc. - Common Stock,N
2235,GUAC,Berto Acquisition Corp. II - Ordinary Shares,N
2236,GUACU,Berto Acquisition Corp. II - Units,N
2237,GUACW,Berto Acquisition Corp. II - Warrants,N
2238,GURE,"Gulf Resources, Inc. - Common Stock",N
2239,GUSE,Goldman Sachs Enhanced U.S. Equity ETF,Y
2240,GUTS,"Fractyl Health, Inc. - Common Stock",N
2241,GVH,Globavend Holdings Limited - Ord Shares,N
2242,GVLE,Goldman Sachs Value Opportunities ETF,Y
2243,GWAV,"Greenwave Technology Solutions, Inc. - Common Stock",N
2244,GWRS,"Global Water Resources, Inc. - common stock",N
2245,GXAI,Gaxos.ai Inc. - Common Stock,N
2246,GXDW,Global X Dorsey Wright Thematic ETF,Y
2247,GYGY,"Game Your Game, Inc. - Common Stock",N
2248,GYRE,"Gyre Therapeutics, Inc. - Common Stock",N
2249,GYRO,"Gyrodyne , LLC - Common Stock",N
2250,HACQ,HCM IV Acquisition Corp. - Class A Ordinary Share,N
2251,HACQU,HCM IV Acquisition Corp. - Unit,N
2252,HACQW,HCM IV Acquisition Corp. - Warrants,N
2253,HAFC,Hanmi Financial Corporation - Common Stock,N
2254,HAIN,"The Hain Celestial Group, Inc. - Common Stock",N
2255,HALO,"Halozyme Therapeutics, Inc. - Common Stock",N
2256,HAO,Haoxi Health Technology Limited - Class A Ord Share,N
2257,HAPN,"Happen, Inc. - Common Stock",N
2258,HAS,"Hasbro, Inc. - Common Stock",N
2259,HAVA,Harvard Ave Acquisition Corporation - Class A Ordinary Share,N
2260,HAVAR,Harvard Ave Acquisition Corporation - Rights that convert on a 1/10th of 1 basis to Class A ordinary Shares,N
2261,HAVAU,Harvard Ave Acquisition Corporation - Unit,N
2262,HBAN,Huntington Bancshares Incorporated - Common Stock,N
2263,HBANL,"Huntington Bancshares Incorporated - Depositary Shares, Each Representing a 1/40th Interest in a Share of 6.875% Series J Non-Cumulative Perpetual Preferred Stock",N
2264,HBANM,Huntington Bancshares Incorporated - Depositary Shares each representing a 1/1000th interest in a share of Huntington Series I Preferred Stock,N
2265,HBANP,Huntington Bancshares Incorporated - Depositary Shares 4.500% Series H Non-Cumulative Perpetual Preferred Stock,N
2266,HBANZ,"Huntington Bancshares Incorporated - Depositary Shares, Each Representing a 1/1000th Interest in a Share of 5.50% Series L Non-Cumulative Perpetual Preferred Stock",N
2267,HBCP,"Home Bancorp, Inc. - Common Stock",N
2268,HBDC,Hilton BDC Corporate Bond ETF,Y
2269,HBIO,"Harvard Bioscience, Inc. - Common Stock",N
2270,HBNB,Hotel101 Global Holdings Corp. - Class A Ordinary Shares,N
2271,HBNC,"Horizon Bancorp, Inc. - Common Stock",N
2272,HBR,Canary HBAR ETF,Y
2273,HBT,"HBT Financial, Inc. - Common Stock",N
2274,HCAC,Hall Chadwick Acquisition Corp. - Class A Ordinary Shares,N
2275,HCACR,Hall Chadwick Acquisition Corp. - Rights,N
2276,HCACU,Hall Chadwick Acquisition Corp. - Unit,N
2277,HCAI,"Huachen AI Parking Management Technology Holding Co., Ltd. - Class A Ordinary Shares",N
2278,HCAT,"Health Catalyst, Inc - Common stock",N
2279,HCHL,Happy City Holdings Limited - Class A Ordinary shares,N
2280,HCIC,Hennessy Capital Investment Corp. VIII - Class A Ordinary Shares,N
2281,HCICR,Hennessy Capital Investment Corp. VIII - Share Rights,N
2282,HCICU,Hennessy Capital Investment Corp. VIII - Units,N
2283,HCKT,"The Hackett Group, Inc. - Common Stock",N
2284,HCM,HUTCHMED (China) Limited - American Depositary Shares,N
2285,HCMA,HCM III Acquisition Corp. - Class A Ordinary Share,N
2286,HCMAU,HCM III Acquisition Corp. - Units,N
2287,HCMAW,HCM III Acquisition Corp. - Warrants,N
2288,HCOW,Amplify COWS Covered Call ETF,Y
2289,HCSG,"Healthcare Services Group, Inc. - Common Stock",N
2290,HCTI,"Healthcare Triangle, Inc. - Common Stock",N
2291,HCWB,HCW Biologics Inc. - Common Stock,N
2292,HDL,SUPER HI INTERNATIONAL HOLDING LTD. - American Depositary Shares,N
2293,HDRN,"Hadron Energy, Inc. - Common Stock",N
2294,HDRNW,"Hadron Energy, Inc. - Warrant",N
2295,HDSN,"Hudson Technologies, Inc. - Common Stock",N
2296,HEAL,Global X HealthTech ETF,Y
2297,HECO,State Street Galaxy Hedged Digital Asset Ecosystem ETF,Y
2298,HELE,Helen of Troy Limited - Common Stock,N
2299,HELP,Cybin Inc. - Common Stock,N
2300,HEPS,D-Market Electronic Services & Trading - American Depositary Shares,N
2301,HEQQ,JPMorgan Nasdaq Hedged Equity Laddered Overlay ETF,Y
2302,HERD,Pacer Cash Cows Fund of Funds ETF,Y
2303,HERE,Here Group Limited - American Depositary Shares,N
2304,HERO,Global X Video Games & Esports ETF,Y
2305,HERZ,"Herzfeld Credit Income Fund, Inc.  - Closed End Fund",N
2306,HFBL,"Home Federal Bancorp, Inc. of Louisiana - Common Stock",N
2307,HFFG,HF Foods Group Inc. - Common Stock,N
2308,HFSP,TradersAI Large Cap Equity & Cash ETF,Y
2309,HFWA,Heritage Financial Corporation - Common Stock,N
2310,HGBL,Heritage Global Inc. - Common Stock,N
2311,HHS,"Harte Hanks, Inc. - Common Stock",N
2312,HIDE,Alpha Architect High Inflation and Deflation ETF,Y
2313,HIFS,Hingham Institution for Savings - Common Stock,N
2314,HIHO,Highway Holdings Limited - Common Stock,N
2315,HIMX,"Himax Technologies, Inc. - American depositary shares, each of which represents two ordinary shares.",N
2316,HIMZ,Defiance Daily Target 2X Long HIMS ETF,Y
2317,HIND,"Vyome Holdings, Inc. - Common Stock",N
2318,HIS,Humilis US Focused Opportunities ETF,Y
2319,HISF,First Trust High Income Strategic Focus ETF,Y
2320,HIT,"Health In Tech, Inc. - Class A Common Stock",N
2321,HITI,High Tide Inc. - Common Shares,N
2322,HIVE,HIVE Digital Technologies Ltd - Common Shares,N
2323,HKIT,Hitek Global Inc. - Class A Ordinary Share,N
2324,HKPD,"Cellyan Biotechnology Co., Ltd  - Class A Ordinary Shares",N
2325,HLAL,Wahed FTSE USA Shariah ETF,Y
2326,HLIT,Harmonic Inc. - Common Stock,N
2327,HLMN,Hillman Solutions Corp. - Common Stock,N
2328,HLNE,Hamilton Lane Incorporated - Class A Common Stock,N
2329,HLP,Hongli Group Inc. - Class A Ordinary Shares,N
2330,HLTH,Tema Healthcare AI ETF,Y
2331,HLXC,Helix Acquisition Corp. III - Class A Ordinary Shares,N
2332,HMH,HMH Holding Inc. - Common Stock,N
2333,HMR,Heidmar Maritime Holdings Corp. - Common Stock,N
2334,HMYY,GraniteShares YieldBoost HIMS ETF,Y
2335,HNDL,Strategy Shares Nasdaq 7HANDL Index ETF,Y
2336,HNNA,"Hennessy Advisors, Inc. - Common Stock",N
2337,HNRG,Hallador Energy Company - Common Stock,N
2338,HNST,"The Honest Company, Inc. - Common Stock",N
2339,HNVR,"Hanover Bancorp, Inc. - Common Stock",N
2340,HODO,House of Doge Inc. - Common Stock,N
2341,HODU,Direxion Daily HOOD Bull 2X ETF,Y
2342,HOFT,Hooker Furnishings Corporation - Common Stock,N
2343,HOLO,MicroCloud Hologram Inc. - Ordinary Shares,N
2344,HOLOW,MicroCloud Hologram Inc. - Warrant,N
2345,HON,Honeywell International Inc. - Common Stock,N
2346,HONA,Honeywell Aerospace Inc. - Common Stock,N
2347,HOOD,"Robinhood Markets, Inc. - Class A Common Stock",N
2348,HOOG,Leverage Shares 2X Long HOOD Daily ETF,Y
2349,HOOX,Defiance Daily Target 2X Long HOOD ETF,Y
2350,HOPE,"Hope Bancorp, Inc. - Common Stock",N
2351,HOUR,"Hour Loop, Inc. - common stock",N
2352,HOVNP,Hovnanian Enterprises Inc - Depositary Share representing 1/1000th of 7.625% Series A Preferred Stock,N
2353,HOVR,New Horizon Aircraft Ltd. - Class A Ordinary Shares,N
2354,HOVRW,New Horizon Aircraft Ltd. - Warrant,N
2355,HOWL,"Werewolf Therapeutics, Inc. - Common Stock",N
2356,HOYY,GraniteShares YieldBOOST HOOD ETF,Y
2357,HPAI,Helport AI Limited - Ordinary Shares,N
2358,HPAIW,Helport AI Limited - Warrants,N
2359,HPK,"HighPeak Energy, Inc. - Common Stock",N
2360,HQ,Horizon Quantum Holdings Ltd. - Class A Ordinary Shares,N
2361,HQGO,Hartford US Quality Growth ETF,Y
2362,HQI,"HireQuest, Inc. - Common Stock",N
2363,HQWWW,Horizon Quantum Holdings Ltd. - Warrant,N
2364,HQY,"HealthEquity, Inc. - Common Stock",N
2365,HRMY,"Harmony Biosciences Holdings, Inc. - Common Stock",N
2366,HROW,"Harrow, Inc. - Common Stock",N
2367,HRTS,Tema Heart & Health ETF,Y
2368,HRTX,"Heron Therapeutics, Inc.   - Common Stock",N
2369,HRZN,Horizon Technology Finance Corporation - Common Stock,N
2370,HSAI,Hesai Group - American Depositary Share,N
2371,HSCS,HeartSciences Inc. - Common Stock,N
2372,HSCSW,HeartSciences Inc. - Warrant,N
2373,HSDT,Solana Company - Class A Common Stock,N
2374,HSIC,"Henry Schein, Inc. - Common Stock",N
2375,HST,"Host Hotels & Resorts, Inc. - Common Stock",N
2376,HSTM,"HealthStream, Inc. - Common Stock",N
2377,HTCO,High-Trend International Group - Class A Ordinary Shares,N
2378,HTCR,"Heartcore Enterprises, Inc. - Common Stock",N
2379,HTFL,"Heartflow, Inc. - Common Stock",N
2380,HTHT,H World Group Limited - American Depositary Shares,N
2381,HTLD,"Heartland Express, Inc. - Common Stock",N
2382,HTLM,HomesToLife Ltd - Ordinary Shares,N
2383,HTO,H2O America  - Common Stock,N
2384,HTOO,Fusion Fuel Green PLC - Ordinary Shares,N
2385,HTZ,"Hertz Global Holdings, Inc - Common Stock",N
2386,HTZWW,"Hertz Global Holdings, Inc - Warrant",N
2387,HUBC,Hub Cyber Security Ltd. - Ordinary Shares,N
2388,HUBCW,Hub Cyber Security Ltd. - Warrant expiring 2/27/28,N
2389,HUBCZ,Hub Cyber Security Ltd. - Warrant,N
2390,HUBG,"Hub Group, Inc. - Class A Common Stock",N
2391,HUDI,"Huadi International Group Co., Ltd. - Ordinary Shares",N
2392,HUHU,HUHUTECH International Group Inc. - Ordinary Shares,N
2393,HUIZ,Huize Holding Limited - American Depositary Shares,N
2394,HUMA,"Humacyte, Inc. - Common Stock",N
2395,HUMAW,"Humacyte, Inc. - Warrant",N
2396,HURA,"TuHURA Biosciences, Inc. - Common Stock",N
2397,HURC,"Hurco Companies, Inc. - Common Stock",N
2398,HURN,Huron Consulting Group Inc. - Common Stock,N
2399,HUT,Hut 8 Corp. - Common Stock,N
2400,HUTG,Leverage Shares 2X Long HUT Daily ETF,Y
2401,HVII,Hennessy Capital Investment Corp. VII - Ordinary Shares,N
2402,HVIIR,Hennessy Capital Investment Corp. VII - Rights,N
2403,HVIIU,Hennessy Capital Investment Corp. VII - Unit,N
2404,HVMC,Highview Merger Corp. - Class A Ordinary Share,N
2405,HVMCU,Highview Merger Corp. - Units,N
2406,HVMCW,Highview Merger Corp. - Warrants,N
2407,HWBK,"Hawthorn Bancshares, Inc. - Common Stock",N
2408,HWC,Hancock Whitney Corporation - Common Stock,N
2409,HWCPZ,Hancock Whitney Corporation - 6.25% Subordinated Notes due 2060,N
2410,HWH,HWH International Inc. - Common Stock,N
2411,HWIV,Hotchkis & Wiley International Value Fund,Y
2412,HWKN,"Hawkins, Inc. - Common Stock",N
2413,HWO,Hotchkis & Wiley Opportunities Fund,Y
2414,HWSM,Hotchkis & Wiley SMID Cap Diversified Value Fund,Y
2415,HXHX,Haoxin Holdings Limited - Class A Ordinary Shares,N
2416,HYBI,NEOS Enhanced Income Credit Select ETF,Y
2417,HYDR,Global X Hydrogen ETF,Y
2418,HYFM,"Hydrofarm Holdings Group, Inc. - Common Stock",N
2419,HYFT,MindWalk Holdings Corp. - Common Stock,N
2420,HYLS,First Trust Tactical High Yield ETF,Y
2421,HYMC,Hycroft Mining Holding Corporation - Class A Common Stock,N
2422,HYNE,"Hoyne Bancorp, Inc. - Common Stock",N
2423,HYP,Golden Eagle Dynamic Hypergrowth ETF,Y
2424,HYPD,"Hyperion DeFi, Inc. - Common Stock",N
2425,HYPG,Grayscale Hyperliquid Staking ETF,Y
2426,HYPR,"Hyperfine, Inc.  - Class A Common Stock",N
2427,HYXF,iShares ESG Advanced High Yield Corporate Bond ETF,Y
2428,HYZD,WisdomTree Interest Rate Hedged High Yield Bond Fund,Y
2429,IA,"Innovative Solutions and Support, Inc. - Common Stock",N
2430,IACO,Idea Acquisition Corp. - Class A Ordinary Shares,N
2431,IACOU,Idea Acquisition Corp. - Units,N
2432,IACOW,Idea Acquisition Corp. - Warrants,N
2433,IACQ,Irenic Acquisition Corp. - Class A Ordinary Shares,N
2434,IACQU,Irenic Acquisition Corp. - Unit,N
2435,IACQW,Irenic Acquisition Corp. - Warrants,N
2436,IALT,iShares Systematic Alternatives Active ETF,Y
2437,IART,Integra LifeSciences Holdings Corporation - Common Stock,N
2438,IBAC,IB Acquisition Corp. - Common Stock,N
2439,IBACR,IB Acquisition Corp. - Right,N
2440,IBAT,iShares Energy Storage & Materials ETF,Y
2441,IBB,iShares Biotechnology ETF,Y
2442,IBBQ,Invesco Nasdaq Biotechnology ETF,Y
2443,IBCP,Independent Bank Corporation - Common Stock,N
2444,IBEX,IBEX Limited - Common Share,N
2445,IBG,Innovation Beverage Group Limited - Ordinary Shares,N
2446,IBGA,iShares iBonds Dec 2044 Term Treasury ETF,Y
2447,IBGB,iShares iBonds Dec 2045 Term Treasury ETF,Y
2448,IBGC,iShares iBonds Dec 2046 Term Treasury ETF,Y
2449,IBGK,iShares iBonds Dec 2054 Term Treasury ETF,Y
2450,IBGL,iShares iBonds Dec 2055 Term Treasury ETF,Y
2451,IBGM,iShares iBonds Dec 2056 Term Treasury ETF,Y
2452,IBIO,"iBio, Inc. - Common Stock",N
2453,IBIT,iShares Bitcoin Trust ETF,Y
2454,IBKR,"Interactive Brokers Group, Inc. - Class A Common Stock",N
2455,IBOC,International Bancshares Corporation - Common Stock,N
2456,IBOT,VanEck Robotics ETF,Y
2457,IBRX,"ImmunityBio, Inc. - Common Stock",N
2458,IBTG,iShares iBonds Dec 2026 Term Treasury ETF,Y
2459,IBTH,iShares iBonds Dec 2027 Term Treasury ETF,Y
2460,IBTI,iShares iBonds Dec 2028 Term Treasury ETF,Y
2461,IBTJ,iShares iBonds Dec 2029 Term Treasury ETF,Y
2462,IBTK,iShares iBonds Dec 2030 Term Treasury ETF,Y
2463,IBTL,iShares iBonds Dec 2031 Term Treasury ETF,Y
2464,IBTM,iShares iBonds Dec 2032 Term Treasury ETF,Y
2465,IBTO,iShares iBonds Dec 2033 Term Treasury ETF,Y
2466,IBTP,iShares iBonds Dec 2034 Term Treasury ETF,Y
2467,IBTQ,iShares iBonds Dec 2035 Term Treasury ETF,Y
2468,IBTR,iShares iBonds Dec 2036 Term Treasury ETF,Y
2469,ICCC,ImmuCell Corporation - Common Stock,N
2470,ICCM,IceCure Medical Ltd. - Ordinary Shares,N
2471,ICFI,"ICF International, Inc. - Common Stock",N
2472,ICG,Intchains Group Limited - American Depositary Shares,N
2473,ICHR,Ichor Holdings - Ordinary Shares,N
2474,ICLN,iShares Global Clean Energy ETF,Y
2475,ICLR,ICON plc - Ordinary Shares,N
2476,ICMB,"Investcorp Credit Management BDC, Inc. - Common Stock",N
2477,ICON,Icon Energy Corp. - Common stock,N
2478,ICOP,iShares Copper and Metals Mining ETF,Y
2479,ICU,SeaStar Medical Holding Corporation - Common Stock,N
2480,ICUCW,SeaStar Medical Holding Corporation - Warrant,N
2481,ICUI,"ICU Medical, Inc. - Common Stock",N
2482,IDAC,Iron Dome Acquisition I Corp. - Class A Ordinary Shares,N
2483,IDACU,Iron Dome Acquisition I Corp. - Units,N
2484,IDACW,Iron Dome Acquisition I Corp. - Warrant,N
2485,IDAI,T Stamp Inc. - Class A Common Stock,N
2486,IDCC,"InterDigital, Inc. - Common Stock",N
2487,IDEF,iShares Defense Industrials Active ETF,Y
2488,IDN,"Intellicheck, Inc. - Common Stock",N
2489,IDVY,First Trust International Rising Dividend Achievers ETF,Y
2490,IDXX,"IDEXX Laboratories, Inc. - Common Stock",N
2491,IDYA,"IDEAYA Biosciences, Inc. - Common Stock",N
2492,IEAG,Infinite Eagle Acquisition Corp. - Class A Ordinary Shares,N
2493,IEAGR,Infinite Eagle Acquisition Corp. - Rights,N
2494,IEAGU,Infinite Eagle Acquisition Corp. - Unit,N
2495,IEF,iShares 7-10 Year Treasury Bond ETF,Y
2496,IEI,iShares 3-7 Year Treasury Bond ETF,Y
2497,IEP,Icahn Enterprises L.P. - Depositary Units representing Limited Partner Interests,N
2498,IESC,"IES Holdings, Inc. - Common Stock",N
2499,IEUS,iShares MSCI Europe Small-Cap ETF,Y
2500,IFBD,"Infobird Co., Ltd - Ordinary Shares",N
2501,IFGL,iShares International Developed Real Estate ETF,Y
2502,IFLO,VictoryShares International Free Cash Flow ETF,Y
2503,IFRX,InflaRx N.V. - Common Stock,N
2504,IFV,First Trust Dorsey Wright International Focus 5 ETF,Y
2505,IGAC,Invest Green Acquisition Corporation - Class A Ordinary Shares,N
2506,IGACR,Invest Green Acquisition Corporation - Rights,N
2507,IGACU,Invest Green Acquisition Corporation - Units,N
2508,IGF,iShares Global Infrastructure ETF,Y
2509,IGIB,iShares 5-10 Year Investment Grade Corporate Bond ETF,Y
2510,IGIC,International General Insurance Holdings Ltd. - Ordinary Shares,N
2511,IGOV,iShares International Treasury Bond ETF,Y
2512,IGSB,iShares 1-5 Year Investment Grade Corporate Bond ETF,Y
2513,IHRT,"iHeartMedia, Inc. - Class A Common Stock",N
2514,III,"Information Services Group, Inc. - Common Stock",N
2515,IIIV,"i3 Verticals, Inc. - Common Stock",N
2516,IJT,iShares S&P SmallCap 600 Growth ETF,Y
2517,IKT,"Inhibikase Therapeutics, Inc. - Common Stock",N
2518,ILAG,Intelligent Living Application Group Inc. - Ordinary Shares,N
2519,ILIT,iShares Lithium Miners and Producers ETF,Y
2520,ILLR,Triller Group Inc. - Common Stock,N
2521,ILLRW,Triller Group Inc. - Warrant,N
2522,ILLU,Illumination Acquisition Corp I - Class A Ordinary Shares,N
2523,ILLUU,Illumination Acquisition Corp I - Units,N
2524,ILLUW,Illumination Acquisition Corp I - Warrant,N
2525,ILMN,"Illumina, Inc. - Common Stock",N
2526,ILPT,Industrial Logistics Properties Trust - Common Shares of Beneficial Interest,N
2527,IMA,"ImageneBio, Inc. - Common Stock",N
2528,IMCC,IM Cannabis Corp. - Common Shares,N
2529,IMCR,Immunocore Holdings plc - American Depositary Shares,N
2530,IMCV,iShares Morningstar Mid-Cap Value ETF,Y
2531,IMDX,Insight Molecular Diagnostics Inc. - Common Stock,N
2532,IMKTA,"Ingles Markets, Incorporated - Class A Common Stock",N
2533,IMMP,Immutep Limited - American Depositary Shares,N
2534,IMMR,Immersion Corporation - Common Stock,N
2535,IMMX,"Immix Biopharma, Inc. - Common Stock",N
2536,IMNM,"Immunome, Inc. - Common Stock",N
2537,IMNN,"Imunon, Inc. - Common Stock",N
2538,IMOM,Alpha Architect International Quantitative Momentum ETF,Y
2539,IMOS,ChipMOS TECHNOLOGIES INC. - American Depositary Shares,N
2540,IMPP,Imperial Petroleum Inc. - Common Shares,N
2541,IMPPP,Imperial Petroleum Inc. - 8.75% Series A Cumulative Redeemable Perpetual Preferred Shares,N
2542,IMRN,Immuron Limited - American Depositary Shares,N
2543,IMRX,Immuneering Corporation - Class A Common Stock,N
2544,IMSR,Terrestrial Energy Inc. - Common Stock,N
2545,IMSRW,Terrestrial Energy Inc. - Warrant,N
2546,IMTE,Integrated Media Technology Limited - Ordinary Shares,N
2547,IMTX,Immatics N.V. - Ordinary Shares,N
2548,IMUX,"Immunic, Inc.  - Common Stock",N
2549,IMVT,"Immunovant, Inc.  - Common Stock",N
2550,IMXI,"International Money Express, Inc. - Common Stock",N
2551,INAB,"IN8bio, Inc. - Common Stock",N
2552,INAC,Indigo Acquisition Corp. - Ordinary Shares,N
2553,INACR,Indigo Acquisition Corp. - Right,N
2554,INACU,Indigo Acquisition Corp. - Unit,N
2555,INBK,First Internet Bancorp - Common Stock,N
2556,INBKZ,First Internet Bancorp - Fixed-to-Floating Rate Subordinated Notes Due 2029,N
2557,INBS,Intelligent Bio Solutions Inc.  - Common Stock,N
2558,INBX,"Inhibrx Biosciences, Inc. - Common Stock",N
2559,INCR,Intercure Ltd. - ordinary shares,N
2560,INCY,Incyte Corporation - Common Stock,N
2561,IND,Xtrackers Nifty 500 India ETF,Y
2562,INDB,Independent Bank Corp. - Common Stock,N
2563,INDH,WisdomTree India Hedged Equity Fund,Y
2564,INDI,"indie Semiconductor, Inc. - Class A Common Stock",N
2565,INDP,"Indaptus Therapeutics, Inc. - Common Stock",N
2566,INDQ,Pacer ActiveAlpha India Quality ETF,Y
2567,INDV,"Indivior Pharmaceuticals, Inc.  - Common Stock",N
2568,INDY,iShares India 50 ETF,Y
2569,INEO,INNEOVA Holdings Limited - Class A Ordinary Shares,N
2570,INGN,"Inogen, Inc - Common Stock",N
2571,INHD,Inno Holdings Inc. - Common Stock,N
2572,INIO,INNIO N.V. - Ordinary Shares,N
2573,INKT,"MiNK Therapeutics, Inc. - Common Stock",N
2574,INLF,INLIF LIMITED - Class A Ordinary shares,N
2575,INM,InMed Pharmaceuticals Inc. - Common Shares,N
2576,INMB,INmune Bio Inc. - Common stock,N
2577,INMD,InMode Ltd.  - Ordinary Shares,N
2578,INNV,InnovAge Holding Corp. - Common Stock,N
2579,INO,"Inovio Pharmaceuticals, Inc. - Common Stock",N
2580,INOD,Innodata Inc. - Common Stock,N
2581,INRO,iShares U.S. Industry Rotation Active ETF,Y
2582,INSE,"Inspired Entertainment, Inc. - Common Stock",N
2583,INSG,Inseego Corp. - Common Stock,N
2584,INSM,Insmed Incorporated - Common Stock,N
2585,INTA,"Intapp, Inc. - Common Stock",N
2586,INTC,Intel Corporation - Common Stock,N
2587,INTG,The Intergroup Corporation - Common Stock,N
2588,INTJ,Intelligent Group Limited - Class A Ordinary Shares,N
2589,INTR,Inter & Co. Inc. - Class A Common Shares,N
2590,INTS,"Intensity Therapeutics, Inc. - Common Stock",N
2591,INTU,Intuit Inc. - Common Stock,N
2592,INTW,GraniteShares 2x Long INTC Daily ETF,Y
2593,INTZ,Intrusion Inc. - Common Stock,N
2594,INV,"Innventure, Inc. - Common Stock",N
2595,INVA,"Innoviva, Inc. - Common Stock",N
2596,INVE,"Identiv, Inc. - Common Stock",N
2597,INVZ,Innoviz Technologies Ltd. - Ordinary shares,N
2598,IOND,Ionic Digital Inc. - Class A Common Stock,N
2599,IONL,GraniteShares 2x Long IONQ Daily ETF,Y
2600,IONR,ioneer Ltd - American Depositary Shares,N
2601,IONS,"Ionis Pharmaceuticals, Inc. - Common Stock",N
2602,IONX,Defiance Daily Target 2X Long IONQ ETF,Y
2603,IONZ,Defiance Daily Target 2x Short IONQ ETF,Y
2604,IOSP,Innospec Inc. - Common Stock,N
2605,IOTR,iOThree Limited - Ordinary Shares,N
2606,IOVA,"Iovance Biotherapeutics, Inc. - Common Stock",N
2607,IOYY,GraniteShares YieldBOOST IONQ ETF,Y
2608,IPAR,"Interparfums, Inc. - Common Stock",N
2609,IPDN,"Professional Diversity Network, Inc. - Common Stock",N
2610,IPEX,Inflection Point Acquisition Corp. - Class A Ordinary Shares,N
2611,IPEXR,Inflection Point Acquisition Corp. - Right,N
2612,IPEXU,Inflection Point Acquisition Corp. - Unit,N
2613,IPFX,Inflection Point Acquisition Corp. VI - Class A Ordinary Shares,N
2614,IPFXU,Inflection Point Acquisition Corp. VI - Units,N
2615,IPFXW,Inflection Point Acquisition Corp. VI - Warrant,N
2616,IPGP,IPG Photonics Corporation - Common Stock,N
2617,IPHA,Innate Pharma S.A. - American Depositary Shares,N
2618,IPKW,Invesco International BuyBack Achievers ETF,Y
2619,IPM,Intelligent Protection Management Corp.  - Common Stock,N
2620,IPSC,"Century Therapeutics, Inc. - Common Stock",N
2621,IPST,"IP Strategy Holdings, Inc. - Common Stock",N
2622,IPVV,"InterPrivate Investment Partners V, Inc. - Class A Ordinary Shares",N
2623,IPVVU,"InterPrivate Investment Partners V, Inc. - Units",N
2624,IPVVW,"InterPrivate Investment Partners V, Inc. - Warrants",N
2625,IPW,iPower Inc. - Common Stock,N
2626,IPWR,Ideal Power Inc. - Common Stock,N
2627,IPX,IperionX Limited - American Depositary Share,N
2628,IQ,"iQIYI, Inc. - American Depositary Shares",N
2629,IQMX,IQM Quantum Computers Oyj - American Depositary Shares,N
2630,IQMXW,IQM Quantum Computers Oyj - Warrants to purchase American Depositary Shares,N
2631,IQQ,iShares Nasdaq 100 ETF,Y
2632,IQQQ,ProShares Nasdaq-100 High Income ETF,Y
2633,IQST,iQSTEL Inc. - Common Stock,N
2634,IRD,"Opus Genetics, Inc. - Common Stock",N
2635,IRDM,Iridium Communications Inc - Common Stock,N
2636,IREG,Leverage Shares 2X Long IREN Daily ETF,Y
2637,IREN,IREN Limited - Ordinary Shares,N
2638,IRHO,Iron Horse Acquisitions II Corp. - Common Stock,N
2639,IRHOR,Iron Horse Acquisitions II Corp. - Rights,N
2640,IRHOU,Iron Horse Acquisitions II Corp. - Units,N
2641,IRIX,IRIDEX Corporation - Common Stock,N
2642,IRMD,iRadimed Corporation - Common Stock,N
2643,IRON,"Disc Medicine, Inc. - Common Stock",N
2644,IRTC,"iRhythm Holdings, Inc.  - Common Stock",N
2645,IRWD,"Ironwood Pharmaceuticals, Inc. - Class A Common Stock",N
2646,ISBA,Isabella Bank Corporation - Common stock,N
2647,ISHG,iShares 1-3 Year International Treasury Bond ETF,Y
2648,ISHP,First Trust S-Network E-Commerce ETF,Y
2649,ISNR,Snow Rothschild Acquisition Corp. - Class A Ordinary Shares,N
2650,ISNRU,Snow Rothschild Acquisition Corp. - Units,N
2651,ISNRW,Snow Rothschild Acquisition Corp. - Warrants,N
2652,ISPC,iSpecimen Inc. - Common Stock,N
2653,ISPR,Ispire Technology Inc. - Common Stock,N
2654,ISRG,"Intuitive Surgical, Inc. - Common Stock",N
2655,ISTB,iShares Core 1-5 Year USD Bond ETF,Y
2656,ISTM,iShares Strategic Metals ETF,Y
2657,ISTR,Investar Holding Corporation - Common Stock,N
2658,ISUL,GraniteShares 2x Long ISRG Daily ETF,Y
2659,ITG,"ITG, Inc. - Class A Common Stock",N
2660,ITHA,ITHAX Acquisition Corp III - Class A Ordinary Shares,N
2661,ITHAU,ITHAX Acquisition Corp III - Units,N
2662,ITHAW,ITHAX Acquisition Corp III - Warrants,N
2663,ITIC,Investors Title Company - Common Stock,N
2664,ITOC,iTonic Holdings Ltd - Class A Ordinary Shares,N
2665,ITRI,"Itron, Inc. - Common Stock",N
2666,ITRN,Ituran Location and Control Ltd. - Ordinary Shares,N
2667,IUS,Invesco RAFI Strategic US ETF,Y
2668,IUSB,iShares Core Universal USD Bond ETF,Y
2669,IUSG,iShares Core S&P U.S. Growth ETF,Y
2670,IUSV,iShares Core S&P U.S. Value ETF,Y
2671,IVA,Inventiva S.A. - American Depository Shares,N
2672,IVAL,Alpha Architect International Quantitative Value ETF,Y
2673,IVDA,"Iveda Solutions, Inc. - Common Stock",N
2674,IVDAW,"Iveda Solutions, Inc. - Warrant",N
2675,IVF,"INVO Fertility, Inc. - Common Stock",N
2676,IVSI,Applied Finance IVS International Large ETF,Y
2677,IVSS,Applied Finance IVS US SMID ETF,Y
2678,IVSX,Applied Finance IVS International SMID ETF,Y
2679,IVVD,"Invivyd, Inc. - Common Stock",N
2680,IXHL,Incannex Healthcare Inc. - Common Stock,N
2681,IXUS,iShares Core MSCI Total International Stock ETF,Y
2682,IZEA,"IZEA Worldwide, Inc. - Common Stock",N
2683,IZM,ICZOOM Group Inc. - Class A Ordinary Shares,N
2684,JAB,JAB Acquisition Corp I - Class A Ordinary Shares,N
2685,JABRR,JAB Acquisition Corp I - Rights,N
2686,JABRU,JAB Acquisition Corp I - Units,N
2687,JABRW,JAB Acquisition Corp I - Warrants,N
2688,JACK,Jack In The Box Inc. - Common Stock,N
2689,JAGX,"Jaguar Health, Inc. - Common Stock",N
2690,JAKK,"JAKKS Pacific, Inc. - Common Stock",N
2691,JANX,"Janux Therapeutics, Inc. - Common Stock",N
2692,JAPN,Horizon Kinetics Japan Owner Operator ETF,Y
2693,JATT,JATT II Acquisition Corp - Ordinary Shares,N
2694,JAZZ,Jazz Pharmaceuticals plc - Ordinary Shares,N
2695,JBDI,JBDI Holdings Limited - Ordinary Shares,N
2696,JBHT,"J.B. Hunt Transport Services, Inc. - Common Stock",N
2697,JBIO,"Jade Biosciences, Inc. - Common Stock",N
2698,JBLU,JetBlue Airways Corporation - Common Stock,N
2699,JBSS,"John B. Sanfilippo & Son, Inc. - Common Stock",N
2700,JCAP,"Jefferson Capital, Inc. - Common Stock",N
2701,JCSE,JE Cleantech Holdings Limited - Ordinary Shares,N
2702,JCTC,Jewett-Cameron Trading Company - Common Shares,N
2703,JD,"JD.com, Inc. - American Depositary Shares",N
2704,JDOC,JPMorgan Healthcare Leaders ETF,Y
2705,JDZG,JIADE LIMITED - Class A Ordinary Shares,N
2706,JEM,707 Cayman Holdings Limited - Ordinary Shares,N
2707,JEMA,JPMorgan ActiveBuilders Emerging Markets Equity ETF,Y
2708,JEPQ,JPMorgan Nasdaq Equity Premium Income ETF,Y
2709,JF,J and Friends Holdings Limited - American Depositary Shares,N
2710,JFB,JFB Construction Holdings - Class A Common Stock,N
2711,JFIN,Jiayin Group Inc. - American Depositary Shares,N
2712,JFU,9F Inc. - American Depositary Shares,N
2713,JG,Aurora Mobile Limited - American Depositary Shares,N
2714,JGLO,JPMorgan Global Select Equity ETF,Y
2715,JHAI,Janus Henderson Global Artificial Intelligence ETF,Y
2716,JIVE,JPMorgan International Value ETF,Y
2717,JJSF,J & J Snack Foods Corp. - Common Stock,N
2718,JKHY,"Jack Henry & Associates, Inc. - Common Stock",N
2719,JL,J-Long Group Limited - Class A Ordinary Shares,N
2720,JLHL,Julong Holding Limited - Class A Ordinary Shares,N
2721,JLVP,JPMorgan U.S. Large Cap Value Plus ETF,Y
2722,JMID,Janus Henderson Mid Cap Growth Alpha ETF,Y
2723,JMSB,"John Marshall Bancorp, Inc. - Common Stock",N
2724,JONEU,Jones Ventures INTL Acquisition1 Corp - Units,N
2725,JOUT,Johnson Outdoors Inc. - Class A Common Stock,N
2726,JOYT,JPMorgan Equity and Options Total Return ETF,Y
2727,JOYY,JOYY Inc. - American Depositary Shares,N
2728,JPEF,JPMorgan Equity Focus ETF,Y
2729,JPFP,JPMorgan Managed Futures Plus ETF,Y
2730,JPY,Lazard Japanese Equity ETF,Y
2731,JRSH,"Jerash Holdings (US), Inc. - Common Stock",N
2732,JRVR,"James River Group Holdings, Inc. - Common Stock",N
2733,JSM,"Navient Corporation - 6% Senior Notes due December 15, 2043",N
2734,JSMD,Janus Henderson Small/Mid Cap Growth Alpha ETF,Y
2735,JSML,Janus Henderson Small Cap Growth Alpha ETF,Y
2736,JSPR,"Jasper Therapeutics, Inc. - Class A Common Stock",N
2737,JSPRW,"Jasper Therapeutics, Inc. - Warrant",N
2738,JTAI,Jet.AI Inc. - Common Stock,N
2739,JTEK,JPMorgan U.S. Tech Leaders ETF,Y
2740,JUNS,"Jupiter Neurosciences, Inc. - Common Stock",N
2741,JVA,"Coffee Holding Co., Inc. - Common Stock",N
2742,JWEL,Jowell Global Ltd. - Ordinary Shares,N
2743,JXG,JX Luxventure Group Inc. - Common Stock,N
2744,JYD,Jayud Global Logistics Limited - Class A Ordinary Shares,N
2745,JYNT,The Joint Corp. - Common Stock,N
2746,JZ,Jianzhi Education Technology Group Company Limited - American Depositary Shares,N
2747,JZXN,"Jiuzi Holdings, Inc. - Ordinary Shares",N
2748,KALA,"KALA BIO, Inc. - Common Stock",N
2749,KALU,Kaiser Aluminum Corporation - Common Stock,N
2750,KARD,"Kardigan, Inc. - Common Stock",N
2751,KARO,Karooooo Ltd. - Ordinary shares,N
2752,KAT,Scharf ETF,Y
2753,KAZR,Skyline Builders Group Holding Limited - Class A Ordinary Shares,N
2754,KBAB,KraneShares 2x Long BABA Daily ETF,Y
2755,KBDU,KraneShares 2x Long BIDU Daily ETF,Y
2756,KBON,Karbon Capital Partners Corp. - Class A Ordinary Shares,N
2757,KBONU,Karbon Capital Partners Corp. - Units,N
2758,KBONW,Karbon Capital Partners Corp. - Warrant,N
2759,KBSX,FST Corp. - Ordinary Shares,N
2760,KBWB,Invesco KBW Bank ETF,Y
2761,KBWD,Invesco KBW High Dividend Yield Financial ETF,Y
2762,KBWP,Invesco KBW Property & Casualty Insurance ETF,Y
2763,KBWY,Invesco KBW Premium Yield Equity REIT ETF,Y
2764,KC,Kingsoft Cloud Holdings Limited - American Depositary Shares,N
2765,KCHV,Kochav Defense Acquisition Corp. - Class A Ordinary Shares,N
2766,KCHVR,Kochav Defense Acquisition Corp. - Right,N
2767,KCHVU,Kochav Defense Acquisition Corp. - Units,N
2768,KDK,"Kodiak AI, Inc. - Common Stock",N
2769,KDKRW,"Kodiak AI, Inc. - Warrant",N
2770,KDP,Keurig Dr Pepper Inc. - Common Stock,N
2771,KE,"Kimball Electronics, Inc. - Common Stock",N
2772,KEAT,Keating Active ETF,Y
2773,KEEL,Keel Infrastructure Corp. - Common Stock,N
2774,KELYA,"Kelly Services, Inc. - Class A Common Stock",N
2775,KELYB,"Kelly Services, Inc. - Class B Common Stock",N
2776,KEQU,Kewaunee Scientific Corporation - Common Stock,N
2777,KEYY,Keystone Acquisition Corp. - Class A Ordinary Shares,N
2778,KEYYU,Keystone Acquisition Corp. - Unit,N
2779,KEYYW,Keystone Acquisition Corp. - Warrants,N
2780,KFFB,Kentucky First Federal Bancorp - Common Stock,N
2781,KFII,K&F Growth Acquisition Corp. II - Class A Ordinary shares,N
2782,KFIIR,K&F Growth Acquisition Corp. II - Rights,N
2783,KFIIU,K&F Growth Acquisition Corp. II - Unit,N
2784,KG,"Kestrel Group, Ltd. - Common Stock",N
2785,KGEI,Kolibri Global Energy Inc. - Common stock,N
2786,KHC,The Kraft Heinz Company - Common Stock,N
2787,KIDS,OrthoPediatrics Corp. - Common Stock,N
2788,KIDZ,KIDZ AI Inc. - Class B Common Stock,N
2789,KIDZW,KIDZ AI Inc. - Warrants,N
2790,KINS,"Kingstone Companies, Inc - Common Stock",N
2791,KIQQ,KraneShares InspereX Nasdaq Dynamic Buffered High Income Index ETF,Y
2792,KITT,"Nauticus Robotics, Inc. - Common stock",N
2793,KITTW,"Nauticus Robotics, Inc. - Warrant",N
2794,KJD,KraneShares 2x Long JD Daily ETF,Y
2795,KLAC,KLA Corporation  - Common Stock,N
2796,KLAG,Leverage Shares 2x Long KLAC Daily ETF,Y
2797,KLIC,"Kulicke and Soffa Industries, Inc. - Common Stock",N
2798,KLRA,"Kailera Therapeutics, Inc. - Common stock",N
2799,KLRS,"Kalaris Therapeutics, Inc.  - Common Stock",N
2800,KLTR,"Kaltura, Inc. - Common Stock",N
2801,KLXE,"KLX Energy Services Holdings, Inc.  - Common Stock",N
2802,KMB,Kimberly-Clark Corporation - Common Stock,N
2803,KMDA,Kamada Ltd. - Ordinary Shares,N
2804,KMLI,KraneShares 2x Long MELI Daily ETF,Y
2805,KMRK,K-Tech Solutions Company Limited - Class A Ordinary Shares,N
2806,KMTS,"Kestra Medical Technologies, Ltd. - Common Stock",N
2807,KNDI,"Kandi Technologies Group, Inc. - Ordinary Shares",N
2808,KNGZ,First Trust S&P 500 Diversified Dividend Aristocrats ETF,Y
2809,KNSA,"Kiniksa Pharmaceuticals International, plc - Class A Ordinary Shares",N
2810,KOD,Kodiak Sciences Inc - Common Stock,N
2811,KOID,KraneShares Global Humanoid Robotics and Physical AI Index ETF,Y
2812,KOPN,Kopin Corporation - Common Stock,N
2813,KOSS,Koss Corporation - Common Stock,N
2814,KOYN,CSLM Digital Asset Acquisition Corp III - Class A Ordinary Shares,N
2815,KOYNU,CSLM Digital Asset Acquisition Corp III - Units,N
2816,KOYNW,CSLM Digital Asset Acquisition Corp III - Warrants,N
2817,KPDD,KraneShares 2x Long PDD Daily ETF,Y
2818,KPLT,"Katapult Holdings, Inc. - Common Stock",N
2819,KPRX,"Kiora Pharmaceuticals, Inc.  - Common Stock",N
2820,KPTI,Karyopharm Therapeutics Inc. - Common Stock,N
2821,KQQQ,Kurv Technology Titans Select ETF,Y
2822,KRAQ,KRAKacquisition Corp - Class A Ordinary Shares,N
2823,KRAQU,KRAKacquisition Corp - Unit,N
2824,KRAQW,KRAKacquisition Corp - Warrants,N
2825,KRKR,36Kr Holdings Inc. - American Depositary Shares,N
2826,KRMD,"KORU Medical Systems, Inc. - Common Stock",N
2827,KRNT,Kornit Digital Ltd. - Ordinary Shares,N
2828,KRNY,Kearny Financial - Common Stock,N
2829,KROP,Global X AgTech & Food Innovation ETF,Y
2830,KROS,"Keros Therapeutics, Inc. - common stock",N
2831,KRRO,"Korro Bio, Inc. - Common Stock",N
2832,KRT,Karat Packaging Inc. - Common Stock,N
2833,KRUS,"Kura Sushi USA, Inc. - Class A Common Stock",N
2834,KRYS,"Krystal Biotech, Inc. - Common Stock",N
2835,KSCP,"Knightscope, Inc. - Class A Common Stock",N
2836,KSMH,xETFs Korea AI Semiconductor,Y
2837,KSPI,Joint Stock Company Kaspi.kz - American Depository Shares,N
2838,KTCC,Key Tronic Corporation - Common Stock,N
2839,KTOS,"Kratos Defense & Security Solutions, Inc. - Common Stock",N
2840,KTTA,Pasithea Therapeutics Corp. - Common Stock,N
2841,KTTAW,Pasithea Therapeutics Corp. - Warrant,N
2842,KTWO,K2 Capital Acquisition Corporation - Class A Ordinary Share,N
2843,KTWOR,K2 Capital Acquisition Corporation - Rights,N
2844,KTWOU,K2 Capital Acquisition Corporation - Units,N
2845,KURA,"Kura Oncology, Inc. - Common Stock",N
2846,KUST,"Kustom Entertainment, Inc. - Common Stock",N
2847,KVHI,"KVH Industries, Inc. - Common Stock",N
2848,KWM,"K Wave Media, Ltd. - Ordinary Shares",N
2849,KWMWW,"K Wave Media, Ltd. - Warrant",N
2850,KXIN,Kaixin Holdings - Ordinary Shares,N
2851,KYIV,Kyivstar Group Ltd. - Common Shares,N
2852,KYIVW,Kyivstar Group Ltd. - Warrant,N
2853,KYMR,"Kymera Therapeutics, Inc. - Common Stock",N
2854,KYNB,"Kyntra Bio, Inc. - Common Stock",N
2855,KYTX,"Kyverna Therapeutics, Inc. - Common Stock",N
2856,KZIA,Kazia Therapeutics Limited - American Depositary Shares,N
2857,LAB,Standard BioTools Inc. - Common Stock,N
2858,LABT,Lakewood-Amedex Biotherapeutics Inc. - Common Stock,N
2859,LAES,SEALSQ Corp - Ordinary Shares,N
2860,LAFA,LaFayette Acquisition Corp. - Ordinary Share,N
2861,LAFAR,LaFayette Acquisition Corp. - Rights,N
2862,LAFAU,LaFayette Acquisition Corp. - Unit,N
2863,LAKE,"Lakeland Industries, Inc. - Common Stock",N
2864,LAMR,Lamar Advertising Company - Class A Common Stock,N
2865,LAND,Gladstone Land Corporation - Common Stock,N
2866,LANDO,Gladstone Land Corporation - 6.00% Series B Cumulative Redeemable Preferred Stock,N
2867,LANDP,Gladstone Land Corporation - 6.00% Series C Cumulative Redeemable Preferred Stock,N
2868,LARK,Landmark Bancorp Inc. - Common Stock,N
2869,LASE,Laser Photonics Corporation - Common Stock,N
2870,LASR,"nLIGHT, Inc. - Common Stock",N
2871,LATA,Galata Acquisition Corp. II - Class A Ordinary Shares,N
2872,LATAU,Galata Acquisition Corp. II - Units,N
2873,LATAW,Galata Acquisition Corp. II - Warrant,N
2874,LAUR,"Laureate Education, Inc. - Common Stock",N
2875,LAWR,"Robot Consulting Co., Ltd. - ADS",N
2876,LBGJ,Li Bang International Corporation Inc. - Class A Ordinary Shares,N
2877,LBRDA,Liberty Broadband Corporation - Class A Common Stock,N
2878,LBRDK,Liberty Broadband Corporation - Class C Common Stock,N
2879,LBRDP,Liberty Broadband Corporation - Series A Cumulative Redeemable Preferred Stock,N
2880,LBRX,LB Pharmaceuticals Inc - Common Stock,N
2881,LBTYA,Liberty Global Ltd. - Class A Common Shares,N
2882,LBTYB,Liberty Global Ltd. - Class B Common Shares,N
2883,LBTYK,Liberty Global Ltd. - Class C Common Shares,N
2884,LCCC,Lakeshore Acquisition III Corp. - Ordinary Shares,N
2885,LCCCR,Lakeshore Acquisition III Corp. - Rights,N
2886,LCCCU,Lakeshore Acquisition III Corp. - Unit,N
2887,LCDS,JPMorgan Fundamental Data Science Large Core ETF,Y
2888,LCFY,Locafy Limited - Ordinary Share,N
2889,LCFYW,Locafy Limited - Warrant,N
2890,LCID,"Lucid Group, Inc. - Common Stock",N
2891,LCNB,LCNB Corporation - Common Stock,N
2892,LCUT,"Lifetime Brands, Inc. - Common Stock",N
2893,LDEM,iShares ESG MSCI EM Leaders ETF,Y
2894,LDRX,SGI Enhanced Market Leaders ETF,Y
2895,LDSF,First Trust Low Duration Strategic Focus ETF,Y
2896,LE,"Lands' End, Inc. - Common Stock",N
2897,LECO,"Lincoln Electric Holdings, Inc. - Common Shares",N
2898,LEDS,SemiLEDS Corporation - Common Stock,N
2899,LEE,"Lee Enterprises, Incorporated - Common Stock",N
2900,LEGH,Legacy Housing Corporation - Common Stock,N
2901,LEGN,Legend Biotech Corporation - American Depositary Shares,N
2902,LEGR,First Trust Indxx Innovative Transaction & Process ETF,Y
2903,LEND,SEI High Yield Bond & Alternative Credit ETF,Y
2904,LENZ,"LENZ Therapeutics, Inc. - Common Stock",N
2905,LESL,"Leslie's, Inc. - Common Stock",N
2906,LEXI,Alexis Practical Tactical ETF,Y
2907,LEXX,Lexaria Bioscience Corp. - Common Stock,N
2908,LFAC,Leapfrog Acquisition Corporation - Class A Ordinary Shares,N
2909,LFACU,Leapfrog Acquisition Corporation - Units,N
2910,LFACW,Leapfrog Acquisition Corporation - Warrants,N
2911,LFCR,"Lifecore Biomedical, Inc. - Common Stock",N
2912,LFMD,"LifeMD, Inc. - Common Stock",N
2913,LFMDP,"LifeMD, Inc. - 8.875% Series A Cumulative Perpetual Preferred Stock",N
2914,LFS,"LEIFRAS Co., Ltd. - American Depositary Shares",N
2915,LFSC,F/m Emerald Life Sciences Innovation ETF,Y
2916,LFST,"LifeStance Health Group, Inc. - Common Stock",N
2917,LFTO,"Liftoff Mobile, Inc. - Common Stock",N
2918,LFUS,"Littelfuse, Inc. - Common Stock",N
2919,LFVN,Lifevantage Corporation - Common Stock,N
2920,LFWD,Lifeward Ltd. - Ordinary Shares,N
2921,LGCF,Themes US Cash Flow Champions ETF,Y
2922,LGCL,Lucas GC Limited - Class A Ordinary Shares,N
2923,LGDS,JPMorgan Fundamental Data Science Large Growth ETF,Y
2924,LGHL,Lion Group Holding Ltd. - American Depositary Share,N
2925,LGIH,"LGI Homes, Inc. - Common Stock",N
2926,LGN,Legence Corp. - Class A Common stock,N
2927,LGND,Ligand Pharmaceuticals Incorporated - Common Stock,N
2928,LGO,Largo Inc. - Common Shares,N
2929,LGRO,Level Four Large Cap Growth Active ETF,Y
2930,LGVN,Longeveron Inc. - Class A Common stock,N
2931,LHAI,Linkhome Holdings Inc. - Common stock,N
2932,LHSW,Lianhe Sowell International Group Ltd - Class A Ordinary Shares,N
2933,LI,Li Auto Inc. - American Depositary Shares,N
2934,LICN,Lichen International Limited - Class A Ordinary Shares,N
2935,LIDR,"AEye, Inc. - Class A Common Stock",N
2936,LIEN,"Chicago Atlantic BDC, Inc. - Common Stock",N
2937,LIF,"Life360, Inc. - Common Stock",N
2938,LIFE,Ethos Technologies Inc. - Class A Common Stock,N
2939,LILA,Liberty Latin America Ltd. - Class A Common Stock,N
2940,LILAK,Liberty Latin America Ltd. - Class C Common Stock,N
2941,LILAP,Liberty Latin America Ltd. - 9.0% Fixed Rate Cumulative Perpetual Redeemable Series A Preference Shares,N
2942,LIME,"Neutron Holdings, Inc. - Common Stock",N
2943,LIMN,"Liminatus Pharma, Inc. - Class A Common Stock",N
2944,LIMNW,"Liminatus Pharma, Inc. - Warrants",N
2945,LIN,Linde plc - Ordinary Shares,N
2946,LINC,Lincoln Educational Services Corporation - Common Stock,N
2947,LIND,Lindblad Expeditions Holdings Inc.  - Common Stock,N
2948,LINE,"Lineage, Inc. - Common Stock",N
2949,LINK,"Interlink Electronics, Inc. - Common Stock",N
2950,LINT,Direxion Daily INTC Bull 2X ETF,Y
2951,LIQT,"LiqTech International, Inc. - Common Stock",N
2952,LITE,Lumentum Holdings Inc. - Common Stock,N
2953,LITP,Sprott Lithium Miners ETF,Y
2954,LITS,"Lite Strategy, Inc. - Common Stock",N
2955,LIVE,Live Ventures Incorporated - Common Stock,N
2956,LIVN,LivaNova PLC - Ordinary Shares,N
2957,LKFN,Lakeland Financial Corporation - Common Stock,N
2958,LKFT,Lakefront Biotherapeutics - American Depositary Shares,N
2959,LKQ,LKQ Corporation - Common Stock,N
2960,LKSP,Lake Superior Acquisition Corp. - Class A Ordinary Shares,N
2961,LKSPR,Lake Superior Acquisition Corp. - Rights,N
2962,LKSPU,Lake Superior Acquisition Corp. - Units,N
2963,LLYVA,"Liberty Live Holdings, Inc. - Series A Liberty Live Group Common Stock",N
2964,LLYVK,"Liberty Live Holdings, Inc. - Series C Liberty Live Group Common Stock",N
2965,LMAT,"LeMaitre Vascular, Inc. - Common Stock",N
2966,LMB,"Limbach Holdings, Inc. - Common Stock",N
2967,LMBS,First Trust Low Duration Opportunities ETF,Y
2968,LMNR,Limoneira Co - Common Stock,N
2969,LMNX,Defiance Daily Target 2x Long LMND ETF,Y
2970,LMRI,"Lumexa Imaging Holdings, Inc. - Common Stock",N
2971,LMTL,Direxion Daily LMT Bull 2X ETF,Y
2972,LNAI,Lunai Bioworks Inc. - Common Stock,N
2973,LNKS,Linkers Industries Limited - Class A Ordinary Shares,N
2974,LNSR,"LENSAR, Inc. - Common Stock",N
2975,LNT,Alliant Energy Corporation - Common Stock,N
2976,LNTH,"Lantheus Holdings, Inc. - Common Stock",N
2977,LNZA,"LanzaTech Global, Inc. - Common Stock",N
2978,LNZAW,"LanzaTech Global, Inc. - Warrant",N
2979,LOAN,"Manhattan Bridge Capital, Inc - Common Stock",N
2980,LOBO,LOBO TECHNOLOGIES LTD. - Class A Ordinary Shares,N
2981,LOCO,"El Pollo Loco Holdings, Inc. - Common Stock",N
2982,LOGI,Logitech International S.A. - Registered Shares,N
2983,LOGO,Alpha Brands Consumption Leaders ETF,Y
2984,LONA,"LeonaBio, Inc. - Common Stock",N
2985,LOOP,"Loop Industries, Inc. - Common Stock",N
2986,LOPE,"Grand Canyon Education, Inc. - Common Stock",N
2987,LOT,Lotus Technology Inc. - American Depositary Shares,N
2988,LOTI,Liberty One Tactical Income ETF,Y
2989,LOTWW,Lotus Technology Inc. - Warrants,N
2990,LOVE,The Lovesac Company - Common Stock,N
2991,LPAA,Launch One Acquisition Corp. - Class A Ordinary Shares,N
2992,LPAAU,Launch One Acquisition Corp. - Unit,N
2993,LPAAW,Launch One Acquisition Corp. - Warrant,N
2994,LPBB,Launch Two Acquisition Corp. - Class A Ordinary Shares,N
2995,LPBBU,Launch Two Acquisition Corp. - Unit,N
2996,LPBBW,Launch Two Acquisition Corp. - Warrant,N
2997,LPCN,Lipocine Inc. - Common Stock,N
2998,LPCV,Launchpad Cadenza Acquisition Corp I - Class A Ordinary Share,N
2999,LPCVU,Launchpad Cadenza Acquisition Corp I - Unit,N
3000,LPCVW,Launchpad Cadenza Acquisition Corp I - Warrant,N
3001,LPLA,LPL Financial Holdings Inc. - Common Stock,N
3002,LPSN,"LivePerson, Inc. - Common Stock",N
3003,LPTH,"LightPath Technologies, Inc. - Class A Common Stock",N
3004,LQ,Simplify Tax Aware Alternatives ETF,Y
3005,LQDA,Liquidia Corporation - Common Stock,N
3006,LQDT,"Liquidity Services, Inc. - Common Stock",N
3007,LRCX,Lam Research Corporation - Common Stock,N
3008,LRE,"Lead Real Estate Co., Ltd - American Depositary Shares",N
3009,LRGE,ClearBridge Large Cap Growth Select ETF,Y
3010,LRHC,La Rosa Holdings Corp. - Common Stock,N
3011,LRMR,"Larimar Therapeutics, Inc. - Common Stock",N
3012,LRND,NYLI U.S. Large Cap R&D Leaders ETF,Y
3013,LSAK,"Lesaka Technologies, Inc. - Common Stock",N
3014,LSBK,"Lake Shore Bancorp, Inc. - Common Stock",N
3015,LSCC,Lattice Semiconductor Corporation - Common Stock,N
3016,LSE,"Leishen Energy Holding Co., Ltd. - Class A Ordinary Shares",N
3017,LSTA,"Lisata Therapeutics, Inc. - Common Stock",N
3018,LSTR,"Landstar System, Inc. - Common Stock",N
3019,LTBR,Lightbridge Corporation - Common Stock,N
3020,LTCC,Canary Litecoin ETF,Y
3021,LTGO,"Latigo Biotherapeutics, Inc. - Common Stock",N
3022,LTGR,Long Table Growth Corp. - Class A Ordinary Shares,N
3023,LTGRU,Long Table Growth Corp. - Units,N
3024,LTGRW,Long Table Growth Corp. - Warrants,N
3025,LTRN,Lantern Pharma Inc. - Common Stock,N
3026,LTRX,"Lantronix, Inc. - Common Stock",N
3027,LTRYW,Sports Entertainment Gaming Global Corporation  - Warrant,N
3028,LUCD,Lucid Diagnostics Inc. - Common Stock,N
3029,LUCY,"Innovative Eyewear, Inc. - Common Stock",N
3030,LUCYW,"Innovative Eyewear, Inc. - Warrants",N
3031,LULG,Leverage Shares 2X Long LULU Daily ETF,Y
3032,LULU,lululemon athletica inc. - Common Stock,N
3033,LUNG,Pulmonx Corporation - Common Stock,N
3034,LUNR,"Intuitive Machines, Inc. - Class A Common Stock",N
3035,LVDS,JPMorgan Fundamental Data Science Large Value ETF,Y
3036,LVHD,Franklin U.S. Low Volatility High Dividend Index ETF,Y
3037,LVIG,Longview Advantage Fixed Income ETF,Y
3038,LVLU,"Lulu's Fashion Lounge Holdings, Inc. - Common Stock",N
3039,LVO,"LiveOne, Inc. - Common Stock",N
3040,LWAC,LightWave Acquisition Corp. - Class A Ordinary Shares,N
3041,LWACU,LightWave Acquisition Corp. - Units,N
3042,LWACW,LightWave Acquisition Corp. - Warrants,N
3043,LWAY,"Lifeway Foods, Inc. - Common Stock",N
3044,LWLG,"Lightwave Logic, Inc. - Common Stock",N
3045,LX,LexinFintech Holdings Ltd. - American Depositary Shares,N
3046,LXEH,"Lixiang Education Holding Co., Ltd. - American Depositary Shares",N
3047,LXEO,"Lexeo Therapeutics, Inc. - Common Stock",N
3048,LXRX,"Lexicon Pharmaceuticals, Inc. - Common Stock",N
3049,LYEL,"Lyell Immunopharma, Inc. - Common Stock",N
3050,LYFT,"Lyft, Inc. - Class A Common Stock",N
3051,LYTS,LSI Industries Inc. - Common Stock,N
3052,LZ,"LegalZoom.com, Inc. - Common Stock",N
3053,LZMH,LZ Technology Holdings Limited - Class B Ordinary Shares,N
3054,MAAS,Maase Inc. - Class A Ordinary Shares,N
3055,MAAY,GraniteShares YieldBOOST MARA ETF,Y
3056,MACI,Melar Acquisition Corp. I - Class A Ordinary Shares,N
3057,MACIU,Melar Acquisition Corp. I - Unit,N
3058,MACIW,Melar Acquisition Corp. I - Warrant,N
3059,MAGH,Magnitude International Ltd - Ordinary Shares,N
3060,MAKO,Mako Mining Corp - Common Stock,N
3061,MAMA,"Mama's Creations, Inc. - Common Stock",N
3062,MAMK,MaxsMaking Inc. - Class A Ordinary Shares,N
3063,MAMO,Massimo Group - Common Stock,N
3064,MANH,"Manhattan Associates, Inc. - Common Stock",N
3065,MAR,Marriott International - Class A Common Stock,N
3066,MARA,"MARA Holdings, Inc. - Common Stock",N
3067,MARPS,Marine Petroleum Trust - Units of Beneficial Interest,N
3068,MASK,3 E Network Technology Group Ltd - Class A Ordinary Shares,N
3069,MASS,908 Devices Inc. - Common Stock,N
3070,MAT,"Mattel, Inc. - Common Stock",N
3071,MATE,Man Active Trend Enhanced ETF,Y
3072,MATH,Metalpha Technology Holding Limited - Ordinary Shares,N
3073,MATW,Matthews International Corporation - Class A Common Stock,N
3074,MAXI,Simplify Bitcoin Strategy ETF,Y
3075,MAYS,"J. W. Mays, Inc. - Common Stock",N
3076,MAZE,"Maze Therapeutics, Inc. - Common Stock",N
3077,MB,MasterBeef Group - Ordinary Shares,N
3078,MBAI,Check-Cap Ltd. - Ordinary Share,N
3079,MBB,iShares MBS ETF,Y
3080,MBBC,"Marathon Bancorp, Inc. - Common Stock",N
3081,MBIN,Merchants Bancorp - Common Stock,N
3082,MBINL,"Merchants Bancorp - Depositary Shares, Each Representing a 1/40th Interest in a Share of 7.625% Fixed Rate Series E Non-Cumulative Perpetual Preferred Stock, without par value",N
3083,MBINM,"Merchants Bancorp - Depositary Shares, Each Representing a 1/40th Interest in a Share of 8.25% Fixed-Rate Reset Series D Non-Cumulative Perpetual Preferred Stock",N
3084,MBINN,Merchants Bancorp - Depositary Shares 6.00% Fixed Rate Series C Non-Cumulative Perpetual Preferred Stock,N
3085,MBIO,"Mustang Bio, Inc. - Common Stock",N
3086,MBLY,Mobileye Global Inc. - Class A Common Stock,N
3087,MBNKO,"Medallion Bank - Fixed-Rate Reset Non-Cumulative Perpetual Preferred Stock, Series G, par value $1.00 per share",N
3088,MBOT,Microbot Medical Inc.  - Common Stock,N
3089,MBRX,"Moleculin Biotech, Inc. - Common Stock",N
3090,MBS,Angel Oak Mortgage-Backed Securities ETF,Y
3091,MBUU,"Malibu Boats, Inc. - Common Stock",N
3092,MBVI,M3-Brigade Acquisition VI Corp. - Class A Ordinary Shares,N
3093,MBVIU,M3-Brigade Acquisition VI Corp. - Units,N
3094,MBVIW,M3-Brigade Acquisition VI Corp. - Warrant,N
3095,MBWM,Mercantile Bank Corporation - Common Stock,N
3096,MBX,"MBX Biosciences, Inc. - Common Stock",N
3097,MCAH,Mountain Crest Acquisition 6 Corp. - Ordinary Shares,N
3098,MCAHR,Mountain Crest Acquisition 6 Corp. - Rights,N
3099,MCAHU,Mountain Crest Acquisition 6 Corp. - Units,N
3100,MCBS,"MetroCity Bankshares, Inc. - Common Stock",N
3101,MCDS,JPMorgan Fundamental Data Science Mid Core ETF,Y
3102,MCFT,"MasterCraft Boat Holdings, Inc. - Common Stock",N
3103,MCGA,Yorkville Acquisition Corp. - Class A Ordinary Share,N
3104,MCGAU,Yorkville Acquisition Corp. - Unit,N
3105,MCGAW,Yorkville Acquisition Corp. - Warrant,N
3106,MCHB,Mechanics Bancorp - Class A Common Stock,N
3107,MCHI,iShares MSCI China ETF,Y
3108,MCHP,Microchip Technology Incorporated - Common Stock,N
3109,MCHPP,Microchip Technology Incorporated - Depositary Shares Each Representing a 1/20th Interest in a Share of 7.50% Series A Mandatory Convertible Preferred Stock,N
3110,MCHS,Matthews China Innovators Active ETF,Y
3111,MCHX,"Marchex, Inc. - Class B Common Stock",N
3112,MCRB,"Seres Therapeutics, Inc. - Common Stock",N
3113,MCRI,"Monarch Casino & Resort, Inc. - Common Stock",N
3114,MCTA,Charming Medical Limited - Class A Ordinary Shares,N
3115,MDAI,"Spectral AI, Inc. - Class A Common Stock",N
3116,MDAIW,"Spectral AI, Inc. - Warrants",N
3117,MDB,"MongoDB, Inc. - Class A Common Stock",N
3118,MDBH,"MDB Capital Holdings, LLC - Class A common ",N
3119,MDCX,Medicus Pharma Ltd. - Common Stock,N
3120,MDCXW,Medicus Pharma Ltd. - Warrant,N
3121,MDGL,"Madrigal Pharmaceuticals, Inc. - Common Stock",N
3122,MDIA,Mediaco Holding Inc. - Class A Common Stock,N
3123,MDIV,Multi-Asset Diversified Income Index Fund,Y
3124,MDLN,Medline Inc. - Class A common stock,N
3125,MDLZ,"Mondelez International, Inc. - Class A Common Stock",N
3126,MDRR,"Medalist Diversified, Inc. - Common Stock",N
3127,MDWD,MediWound Ltd. - Ordinary Shares,N
3128,MDXG,"MiMedx Group, Inc - Common Stock",N
3129,MDXH,MDxHealth SA - Ordinary Shares,N
3130,MEDP,"Medpace Holdings, Inc. - Common Stock",N
3131,MEDS,"DataMeds AI, Inc. - Common Stock",N
3132,MEDX,Horizon Kinetics Medical ETF,Y
3133,MEGL,Magic Empire Global Limited - Class A Ordinary Shares,N
3134,MELI,"MercadoLibre, Inc. - Common Stock",N
3135,MEMA,Man Active Emerging Markets Alternative ETF,Y
3136,MEMS,Matthews Emerging Markets Discovery Active ETF,Y
3137,MENS,Jyong Biotech Ltd. - Ordinary shares,N
3138,MEOH,Methanex Corporation - Common Stock,N
3139,MERC,Mercer International Inc. - Common Stock,N
3140,MESH,Meshflow Acquisition Corp. - Class A Ordinary Shares,N
3141,MESHU,Meshflow Acquisition Corp. - Units,N
3142,MESHW,Meshflow Acquisition Corp. - Warrants,N
3143,MESO,Mesoblast Limited - American Depositary Shares,N
3144,META,"Meta Platforms, Inc. - Class A Common Stock",N
3145,METC,"Ramaco Resources, Inc. - Class A Common Stock",N
3146,METCB,"Ramaco Resources, Inc. - Class B Common Stock",N
3147,METCI,"Ramaco Resources, Inc. - 8.250% Senior Notes due 2030",N
3148,METCZ,"Ramaco Resources, Inc. - 8.375% Senior Notes due 2029",N
3149,METD,Direxion Daily META Bear 1X ETF,Y
3150,METL,Sprott Active Metals & Miners ETF,Y
3151,METU,Direxion Daily META Bull 2X ETF,Y
3152,MEVO,M Evo Global Acquisition Corp II - Class A Ordinary Shares,N
3153,MEVOU,M Evo Global Acquisition Corp II - Units,N
3154,MEVOW,M Evo Global Acquisition Corp II - Warrants,N
3155,MF,MindForge Inc. - Class A Ordinary Shares,N
3156,MFI,mF International Limited - Class A Ordinary Shares,N
3157,MFIC,MidCap Financial Investment Corporation - Closed End Fund,N
3158,MFICL,MidCap Financial Investment Corporation - 8.00% Notes due 2028,N
3159,MFIG,Motley Fool Innovative Growth ETF,Y
3160,MFIN,Medallion Financial Corp. - Common Stock,N
3161,MFLX,First Trust Flexible Municipal High Income ETF,Y
3162,MFMO,Motley Fool Momentum Factor ETF,Y
3163,MFP,"Midera Food Processing, Inc. - Common Stock",N
3164,MFVL,Motley Fool Value Factor ETF,Y
3165,MGEE,MGE Energy Inc. - Common Stock,N
3166,MGIH,Millennium Group International Holdings Limited - Ordinary Shares,N
3167,MGN,Megan Holdings Limited - Class A Ordinary Shares,N
3168,MGNI,"Magnite, Inc. - Common Stock",N
3169,MGNX,"MacroGenics, Inc. - Common Stock",N
3170,MGPI,"MGP Ingredients, Inc. - Common Stock",N
3171,MGRC,McGrath RentCorp - Common Stock,N
3172,MGRT,Mega Fortune Company Limited - Ordinary Shares,N
3173,MGRX,"Mangoceuticals, Inc. - Common Stock",N
3174,MGTX,MeiraGTx Holdings plc - Ordinary Shares,N
3175,MGX,"Metagenomi Therapeutics, Inc. - Common Stock",N
3176,MGYR,"Magyar Bancorp, Inc. - Common Stock",N
3177,MIACU,Meridian3 Industrials Acquisition Corp - Units,N
3178,MIDD,The Middleby Corporation - Common Stock,N
3179,MILN,Global X Millennial Consumer ETF,Y
3180,MIMI,Mint Incorporation Limited - Class A Ordinary Shares,N
3181,MIND,"MIND Technology, Inc. - Common Stock",N
3182,MIRA,"MIRA Pharmaceuticals, Inc. - Common Stock",N
3183,MIRM,"Mirum Pharmaceuticals, Inc. - common stock",N
3184,MIST,Milestone Pharmaceuticals Inc. - Common Shares,N
3185,MITK,"Mitek Systems, Inc. - Common Stock",N
3186,MKAM,MKAM ETF,Y
3187,MKDW,MKDWELL Tech Inc. - Ordinary Shares,N
3188,MKDWW,MKDWELL Tech Inc. - Warrants,N
3189,MKLY,McKinley Acquisition Corporation - Class A Ordinary Shares,N
3190,MKLYR,McKinley Acquisition Corporation - Rights,N
3191,MKLYU,McKinley Acquisition Corporation - Units,N
3192,MKSI,MKS Inc. - Common Stock,N
3193,MKTW,"MarketWise, Inc. - Class A Common Stock",N
3194,MKTX,"MarketAxess Holdings, Inc. - Common Stock",N
3195,MKZR,"MacKenzie Realty Capital, Inc. - Common Stock",N
3196,MLAA,Mountain Lake Acquisition Corp. II - Class A Ordinary Shares,N
3197,MLAAU,Mountain Lake Acquisition Corp. II - Units,N
3198,MLAAW,Mountain Lake Acquisition Corp. II - Warrants,N
3199,MLAB,"Mesa Laboratories, Inc. - Common Stock",N
3200,MLCI,Mount Logan Capital Inc. - Common Stock,N
3201,MLCIL,Mount Logan Capital Inc. - 8.00% Notes Due 2031,N
3202,MLCO,Melco Resorts & Entertainment Limited - American Depositary Shares ,N
3203,MLEC,Moolec Science SA - Ordinary Shares,N
3204,MLECW,Moolec Science SA - Warrant,N
3205,MLGO,"MicroAlgo, Inc. - Ordinary Shares",N
3206,MLKN,"MillerKnoll, Inc. - Common Stock",N
3207,MLTX,MoonLake Immunotherapeutics - Class A Ordinary Shares,N
3208,MLYS,"Mineralys Therapeutics, Inc. - Common Stock",N
3209,MMED,"MiniMed Group, Inc. - Common Stock",N
3210,MMLP,Martin Midstream Partners L.P. - Common Units Representing Limited Partnership Interests,N
3211,MMSI,"Merit Medical Systems, Inc. - Common Stock",N
3212,MMTX,Miluna Acquisition Corp - Class A Ordinary Shares,N
3213,MMTXU,Miluna Acquisition Corp - Units,N
3214,MMTXW,Miluna Acquisition Corp - Warrant,N
3215,MMYT,MakeMyTrip Limited - Ordinary Shares,N
3216,MNDO,MIND C.T.I. Ltd. - Ordinary Shares,N
3217,MNDR,Mobile-health Network Solutions - Class A Ordinary Shares,N
3218,MNDY,monday.com Ltd. - Ordinary Shares,N
3219,MNKD,MannKind Corporation - Common Stock,N
3220,MNOV,"MediciNova, Inc. - Common Stock",N
3221,MNPR,Monopar Therapeutics Inc. - Common Stock,N
3222,MNRO,"Monro, Inc.  - Common Stock",N
3223,MNSB,"MainStreet Bancshares, Inc. - Common Stock",N
3224,MNSBP,"MainStreet Bancshares, Inc. - Depositary Shares",N
3225,MNST,Monster Beverage Corporation - Common Stock,N
3226,MNTK,"Montauk Renewables, Inc. - Common Stock",N
3227,MNTS,Momentus Inc. - Class A Common Stock,N
3228,MNVT,Moonvest ETF,Y
3229,MNY,MoneyHero Limited - Class A Ordinary Shares,N
3230,MNYWW,MoneyHero Limited - Warrants,N
3231,MNZL,Manzil Russell Halal USA Broad Market ETF,Y
3232,MOB,Mobilicom Limited - Ordinary Shares,N
3233,MOBBW,Mobilicom Limited - Warrants,N
3234,MOBI,"Mobia Medical, Inc. - Common Stock",N
3235,MOBX,"Mobix Labs, Inc. - Class A Common Stock",N
3236,MOBXW,"Mobix Labs, Inc. - Warrants",N
3237,MODD,"Modular Medical, Inc. - common stock",N
3238,MODL,VictoryShares WestEnd U.S. Sector ETF,Y
3239,MOLN,Molecular Partners AG - American Depositary Shares,N
3240,MOMO,Hello Group Inc.  - American Depositary Shares,N
3241,MOOD,Relative Sentiment Tactical Allocation ETF,Y
3242,MORN,"Morningstar, Inc. - Common Stock",N
3243,MOVE,"Corvex, Inc. - Common Stock",N
3244,MPAA,"Motorcar Parts of America, Inc. - Common Stock",N
3245,MPB,Mid Penn Bancorp - Common Stock,N
3246,MPG,Leverage Shares 2X Long MP Daily ETF,Y
3247,MPIA,m+ Nasdaq-100 Accelerator Autocall ETF,Y
3248,MPLT,"MapLight Therapeutics, Inc. - Common Stock",N
3249,MPWR,"Monolithic Power Systems, Inc. - Common Stock",N
3250,MQ,"Marqeta, Inc. - Class A Common Stock",N
3251,MQQQ,Tradr 2X Long Innovation 100 Monthly ETF,Y
3252,MRA,GraniteShares Autocallable MARA ETF,Y
3253,MRAL,GraniteShares 2x Long MARA Daily ETF,Y
3254,MRAM,"Everspin Technologies, Inc. - Common Stock",N
3255,MRBK,Meridian Corporation - Common Stock,N
3256,MRCO,Mercator Acquisition Corp. - Class A Ordinary Shares,N
3257,MRCOU,Mercator Acquisition Corp. - Units,N
3258,MRCOW,Mercator Acquisition Corp. - Warrant,N
3259,MRCY,Mercury Systems Inc - Common Stock,N
3260,MRDN,Meridian Holdings Inc. - Common Stock,N
3261,MREO,Mereo BioPharma Group plc - American Depositary Shares,N
3262,MRKR,"Marker Therapeutics, Inc. - Common Stock",N
3263,MRLN,"Merlin, Inc. - Common Stock",N
3264,MRM,MEDIROM Healthcare Technologies Inc. - American Depositary Share,N
3265,MRNA,"Moderna, Inc. - Common Stock",N
3266,MRNO,Murano Global Investments PLC - Ordinary Shares,N
3267,MRNOW,Murano Global Investments PLC - Warrants,N
3268,MRTN,"Marten Transport, Ltd. - Common Stock",N
3269,MRVI,"Maravai LifeSciences Holdings, Inc. - Class A common stock",N
3270,MRVL,"Marvell Technology, Inc. - Common Stock",N
3271,MRVU,Direxion Daily MRVL Bull 2X ETF,Y
3272,MRX,Marex Group Limited - Ordinary Shares,N
3273,MSAI,"MultiSensor AI Holdings, Inc. - Common Stock",N
3274,MSAIW,"MultiSensor AI Holdings, Inc. - Warrants",N
3275,MSBI,"Midland States Bancorp, Inc. - Common Stock",N
3276,MSBIP,"Midland States Bancorp, Inc. - Depositary Shares Each Representing a 1/40th Interest in a Share of 7.750% Fixed-Rate Reset Non-Cumulative Perpetual Preferred Stock, Series A",N
3277,MSEX,Middlesex Water Company - Common Stock,N
3278,MSFD,Direxion Daily MSFT Bear 1X ETF,Y
3279,MSFL,GraniteShares 2x Long MSFT Daily ETF,Y
3280,MSFT,Microsoft Corporation - Common Stock,N
3281,MSFU,Direxion Daily MSFT Bull 2X ETF,Y
3282,MSGM,Motorsport Games Inc. - Class A Common Stock,N
3283,MSGY,Masonglory Limited - Class A Ordinary Shares,N
3284,MSLE,Satellos Bioscience Inc. - Common Stock,N
3285,MSR,GraniteShares Autocallable MSTR ETF,Y
3286,MSS,Maison Solutions Inc. - Class A Common Stock,N
3287,MST,Defiance Leveraged Long + Income MSTR ETF,Y
3288,MSTP,GraniteShares 2x Long MSTR Daily ETF,Y
3289,MSTR,Strategy Inc - Class A Common Stock,N
3290,MSTX,Defiance Daily Target 2x Long MSTR ETF,Y
3291,MTAKU,Market Technology Acquisition Corp - Unit,N
3292,MTC,"MMTec, Inc. - Common Shares",N
3293,MTCH,"Match Group, Inc. - Common Stock",N
3294,MTEK,Maris-Tech Ltd. - ordinary shares,N
3295,MTEKW,Maris-Tech Ltd. - Warrants,N
3296,MTEN,Mingteng International Corporation Inc. - Class A Ordinary Shares,N
3297,MTEX,"Mannatech, Incorporated - Common Stock",N
3298,MTLS,Materialise NV - American Depositary Shares,N
3299,MTRX,Matrix Service Company - Common Stock,N
3300,MTSI,"MACOM Technology Solutions Holdings, Inc. - Common Stock",N
3301,MTVA,MetaVia Inc.  - Common Stock,N
3302,MTYY,GraniteShares YieldBOOST MSTR ETF,Y
3303,MU,"Micron Technology, Inc. - Common Stock",N
3304,MUD,Direxion Daily MU Bear 1X ETF,Y
3305,MULL,GraniteShares 2x Long MU Daily ETF,Y
3306,MULT,Franklin Multisector Income ETF,Y
3307,MUU,Direxion Daily MU Bull 2X ETF,Y
3308,MUYY,GraniteShares YieldBOOST MU ETF,Y
3309,MUZE,Muzero Acquisition Corp - Class A Ordinary Shares,N
3310,MUZEU,Muzero Acquisition Corp - Unit,N
3311,MUZEW,Muzero Acquisition Corp - Warrant,N
3312,MVBF,MVB Financial Corp. - Common Stock,N
3313,MVIS,"MicroVision, Inc. - Common Stock",N
3314,MVLL,GraniteShares 2x Long MRVL Daily ETF,Y
3315,MVST,"Microvast Holdings, Inc. - Common Stock",N
3316,MWC,"Micware Co., Ltd. - American Depositary Shares",N
3317,MWH,"SOLV Energy, Inc. - Class A common stock",N
3318,MWYN,"Marwynn Holdings, Inc. - Common stock",N
3319,MXCT,"MaxCyte, Inc. - Common Stock",N
3320,MXL,"MaxLinear, Inc - Common Stock",N
3321,MYCF,State Street My2026 Corporate Bond ETF,Y
3322,MYCG,State Street My2027 Corporate Bond ETF,Y
3323,MYCH,State Street My2028 Corporate Bond ETF,Y
3324,MYCI,State Street My2029 Corporate Bond ETF,Y
3325,MYCJ,State Street My2030 Corporate Bond ETF,Y
3326,MYCK,State Street My2031 Corporate Bond ETF,Y
3327,MYCL,State Street My2032 Corporate Bond ETF,Y
3328,MYCM,State Street My2033 Corporate Bond ETF,Y
3329,MYCN,State Street My2034 Corporate Bond ETF,Y
3330,MYCO,State Street My2035 Corporate Bond ETF,Y
3331,MYFW,"First Western Financial, Inc. - Common Stock",N
3332,MYGN,"Myriad Genetics, Inc. - Common Stock",N
3333,MYHA,State Street My2027 High Yield Corporate Bond ETF,Y
3334,MYHB,State Street My2028 High Yield Corporate Bond ETF,Y
3335,MYHC,State Street My2029 High Yield Corporate Bond ETF,Y
3336,MYHD,State Street My2030 High Yield Corporate Bond ETF,Y
3337,MYHE,State Street My2031 High Yield Corporate Bond ETF,Y
3338,MYMF,State Street My2026 Municipal Bond ETF,Y
3339,MYMG,State Street My2027 Municipal Bond ETF,Y
3340,MYMH,State Street My2028 Municipal Bond ETF,Y
3341,MYMI,State Street My2029 Municipal Bond ETF,Y
3342,MYMJ,State Street My2030 Municipal Bond ETF,Y
3343,MYMK,State Street My2031 Municipal Bond ETF,Y
3344,MYPS,"PLAYSTUDIOS, Inc.  - Class A Common Stock",N
3345,MYRG,"MYR Group, Inc. - Common Stock",N
3346,MYSE,"Myseum.AI, Inc. - Common Stock",N
3347,MYSZ,"My Size, Inc. - Common Stock",N
3348,MYX,Maywood Acquisition Corp. 2 - Class A Ordinary Share,N
3349,MYXXR,Maywood Acquisition Corp. 2 - Rights,N
3350,MYXXU,Maywood Acquisition Corp. 2 - Units,N
3351,MYXXW,Maywood Acquisition Corp. 2 - Warrants,N
3352,MZTI,The Marzetti Company - Common Stock,N
3353,NA,Nano Labs Ltd - Class A Ordinary Shares,N
3354,NAAS,NaaS Technology Inc. - American Depositary Shares,N
3355,NAGE,"Niagen Bioscience, Inc. - Common Stock",N
3356,NAII,"Natural Alternatives International, Inc. - Common Stock",N
3357,NAKA,Nakamoto Inc. - Common Stock,N
3358,NAMI,Jinxin Technology Holding Company - American Depositary Shares,N
3359,NAMM,Namib Minerals - Ordinary Shares,N
3360,NAMMW,Namib Minerals - Warrants,N
3361,NAMS,NewAmsterdam Pharma Company N.V. - Ordinary Shares,N
3362,NAMSW,NewAmsterdam Pharma Company N.V. - Warrant,N
3363,NATH,"Nathan's Famous, Inc. - Common Stock",N
3364,NATO,Themes Transatlantic Defense ETF,Y
3365,NATR,"Nature's Sunshine Products, Inc. - Common Stock",N
3366,NAUT,"Nautilus Biotechnology, Inc. - Common Stock",N
3367,NAVI,Navient Corporation - Common Stock,N
3368,NAVN,"Navan, Inc. - Class A Common Stock",N
3369,NB,NioCorp Developments Ltd. - Common Stock,N
3370,NBBK,"NB Bancorp, Inc. - Common Stock",N
3371,NBIG,Leverage Shares 2X Long NBIS Daily ETF,Y
3372,NBIL,GraniteShares 2x Long NBIS Daily ETF,Y
3373,NBIS,Nebius Group N.V. - Class A Ordinary Shares,N
3374,NBIX,"Neurocrine Biosciences, Inc. - Common Stock",N
3375,NBN,Northeast Bank - Common Stock,N
3376,NBP,NovaBridge Biosciences - American Depositary Shares,N
3377,NBRG,Newbridge Acquisition Limited - Class A Ordinary Share,N
3378,NBRGR,Newbridge Acquisition Limited - Rights,N
3379,NBRGU,Newbridge Acquisition Limited - Unit,N
3380,NBTB,NBT Bancorp Inc. - Common Stock,N
3381,NBTX,Nanobiotix S.A. - ADSs,N
3382,NCEL,NewcelX Ltd. - Ordinary Shares,N
3383,NCEW,New Century Logistics (BVI) Limited - Ordinary Shares,N
3384,NCI,Neo-Concept International Group Holdings Limited - Class A Ordinary Shares,N
3385,NCIQ,Hashdex Nasdaq CME Crypto Index ETF,Y
3386,NCLD,Roundhill Neocloud ETF,Y
3387,NCMI,"National CineMedia, Inc. - Common Stock",N
3388,NCNA,NuCana plc - American Depositary Shares,N
3389,NCNO,"nCino, Inc. - Common Stock",N
3390,NCO,Southern Cross Acquisition I Corp. - Ordinary Shares,N
3391,NCOOR,Southern Cross Acquisition I Corp. - Rights,N
3392,NCOOU,Southern Cross Acquisition I Corp. - Units,N
3393,NCOOW,Southern Cross Acquisition I Corp. - Warrants,N
3394,NCPB,Nuveen Core Plus Bond ETF,Y
3395,NCPL,Netcapital Inc. - Common Stock,N
3396,NCPLW,Netcapital Inc. - warrants,N
3397,NCRA,"Nocera, Inc. - common stock",N
3398,NCSM,"NCS Multistage Holdings, Inc. - Common Stock",N
3399,NCT,Intercont (Cayman) Limited - Class A Ordinary shares,N
3400,NCTY,The9 Limited - American Depository Shares,N
3401,NDAA,Ned Davis Research 360 Dynamic Allocation ETF,Y
3402,NDAQ,"Nasdaq, Inc. - Common Stock",N
3403,NDLS,Noodles & Company - Class A Common Stock,N
3404,NDRA,ENDRA Life Sciences Inc. - Common Stock,N
3405,NDSN,Nordson Corporation - Common Stock,N
3406,NECB,"NorthEast Community Bancorp, Inc. - Common Stock",N
3407,NEGG,"Newegg Commerce, Inc. - Common Shares",N
3408,NEMG,Leverage Shares 2x Long NEM Daily ETF,Y
3409,NEO,"NeoGenomics, Inc. - Common Stock",N
3410,NEOG,Neogen Corporation - Common Stock,N
3411,NEON,Neonode Inc. - Common Stock,N
3412,NEOV,NeoVolta Inc. - Common Stock,N
3413,NEOVW,NeoVolta Inc. - Warrant,N
3414,NEPH,"Nephros, Inc. - Common Stock",N
3415,NERV,"Minerva Neurosciences, Inc - Common Stock",N
3416,NESR,National Energy Services Reunited Corp - Ordinary Shares,N
3417,NETG,Leverage Shares 2X Long NET Daily ETF,Y
3418,NEUP,Neuphoria Therapeutics Inc. - Common Stock,N
3419,NEWT,"NewtekOne, Inc. - Common Stock",N
3420,NEWTG,"NewtekOne, Inc. - 8.50% Fixed Rate Senior Notes due 2029",N
3421,NEWTH,"NewtekOne, Inc. - 8.625% Fixed Rate Senior Notes due 2029",N
3422,NEWTI,"NewtekOne, Inc. - 8.00% Fixed Rate Senior Notes due 2028",N
3423,NEWTO,"NewtekOne, Inc. - 8.50% Fixed Rate Senior Notes due 2031",N
3424,NEWTP,"NewtekOne, Inc. - Depositary Shares, Each Representing a 1/40th Interest in a Share of 8.500% Fixed Rate Reset Non-Cumulative Perpetual Preferred Stock, Series B",N
3425,NEWZ,StockSnips AI-Powered Sentiment US All Cap ETF,Y
3426,NEXM,NexMetals Mining Corp. - Common Stock,N
3427,NEXN,Nexxen International Ltd. - Ordinary Shares,N
3428,NEXR,Nexera Technologies Ltd - Ordinary Shares,N
3429,NEXRW,Nexera Technologies Ltd - Warrant,N
3430,NEXT,NextDecade Corporation - Common Stock,N
3431,NFE,New Fortress Energy Inc. - Class A Common Stock,N
3432,NFLX,"Netflix, Inc. - Common Stock",N
3433,NFRX,Harrison Street Infrastructure Active ETF,Y
3434,NFTY,First Trust India Nifty 50 Equal Weight ETF,Y
3435,NFXL,Direxion Daily NFLX Bull 2X ETF,Y
3436,NFXS,Direxion Daily NFLX Bear 1X ETF,Y
3437,NGEN,NervGen Pharma Corp. - Common stock,N
3438,NGHT,Nicholas Bitcoin and Treasuries AfterDark ETF,Y
3439,NGNE,Neurogene Inc. - Common Stock,N
3440,NHIC,NewHold Investment Corp III - Class A Ordinary shares,N
3441,NHICU,NewHold Investment Corp III - Units,N
3442,NHICW,NewHold Investment Corp III - Warrants,N
3443,NHIV,NewHold Investment Corp IV - Class A Ordinary Shares,N
3444,NHIVU,NewHold Investment Corp IV - Units,N
3445,NHIVW,NewHold Investment Corp IV - Warrants,N
3446,NHP,"National Healthcare Properties, Inc. - Class A Common Stock",N
3447,NHPAP,"National Healthcare Properties, Inc. - 7.375% Series A Cumulative Redeemable Perpetual Preferred Stock",N
3448,NHPBP,"National Healthcare Properties, Inc. - 7.125% Series B Cumulative Redeemable Perpetual Preferred Stock",N
3449,NHTC,Natural Health Trends Corp. - Common Stock,N
3450,NICE,NICE Ltd - American Depositary Shares each representing one Ordinary Share,N
3451,NICM,Nicola Mining Inc. - American Depositary Shares,N
3452,NIKI,"Niki BioSolutions, Inc. - Common Stock",N
3453,NIKL,Sprott Nickel Miners ETF,Y
3454,NIOBW,NioCorp Developments Ltd. - Warrant,N
3455,NIOG,Leverage Shares 2X Long NIO Daily ETF,Y
3456,NIPG,NIP Group Inc. - American Depositary Shares,N
3457,NIU,Niu Technologies - American Depositary Shares,N
3458,NIVF,NewGenIvf Group Limited - Class A Ordinary Shares,N
3459,NIVFW,NewGenIvf Group Limited - Warrants,N
3460,NIXT,Research Affiliates Deletions ETF,Y
3461,NIXX,"Nixxy, Inc. - Common Stock",N
3462,NKLR,Terra Innovatum Global N.V. - Ordinary shares,N
3463,NKSH,"National Bankshares, Inc. - Common Stock",N
3464,NKTR,Nektar Therapeutics - Common Stock,N
3465,NKTX,"Nkarta, Inc. - Common Stock",N
3466,NMAD,"Nomad Power Solutions, Inc. - Common Stock",N
3467,NMFC,New Mountain Finance Corporation - Common Stock,N
3468,NMFCZ,New Mountain Finance Corporation - 8.250% Notes due 2028,N
3469,NMIH,NMI Holdings Inc - Common Stock,N
3470,NMP,NMP Acquisition Corp. - Class A Ordinary Shares,N
3471,NMPAR,NMP Acquisition Corp. - Right,N
3472,NMPAU,NMP Acquisition Corp. - Units,N
3473,NMRA,"Neumora Therapeutics, Inc. - Common Stock",N
3474,NMRK,"Newmark Group, Inc. - Class A Common Stock",N
3475,NMTC,NeuroOne Medical Technologies Corporation - Common Stock,N
3476,NN,NextNav Inc. - Common stock,N
3477,NNBR,"NN, Inc. - Common Stock",N
3478,NNDM,Nano Dimension Ltd. - American Depositary Shares,N
3479,NNE,Nano Nuclear Energy Inc. - common stock,N
3480,NNNN,Anbio Biotechnology - Class A Ordinary Shares,N
3481,NNOX,NANO-X IMAGING LTD - Ordinary Shares,N
3482,NODK,"NI Holdings, Inc. - Common Stock",N
3483,NOEM,CO2 Energy Transition Corp. - Common Stock,N
3484,NOEMR,CO2 Energy Transition Corp. - Right,N
3485,NOEMU,CO2 Energy Transition Corp. - Unit,N
3486,NOEMW,CO2 Energy Transition Corp. - Warrant,N
3487,NOMA,NOMADAR Corp. - Class A Common Stock,N
3488,NOVT,Novanta Inc. - Common Shares,N
3489,NOVTU,Novanta Inc. - Tangible Equity Units,N
3490,NOWL,GraniteShares 2x Long NOW Daily ETF,Y
3491,NPAC,New Providence Acquisition Corp. III - Ordinary Shares,N
3492,NPACU,New Providence Acquisition Corp. III - Units,N
3493,NPACW,New Providence Acquisition Corp. III - Warrants,N
3494,NPCE,"Neuropace, Inc. - Common Stock",N
3495,NPFI,Nuveen Preferred and Income ETF,Y
3496,NPT,Texxon Holding Limited - Ordinary shares,N
3497,NRC,NRC Health - Common Stock,N
3498,NRDS,"NerdWallet, Inc. - Class A Common Stock",N
3499,NRES,Xtrackers RREEF Global Natural Resources ETF,Y
3500,NRIM,Northrim BanCorp Inc - Common Stock,N
3501,NRIX,"Nurix Therapeutics, Inc. - Common stock",N
3502,NRSN,NeuroSense Therapeutics Ltd. - Ordinary Shares,N
3503,NRSNW,NeuroSense Therapeutics Ltd. - Warrant,N
3504,NRXP,"NRX Pharmaceuticals, Inc. - Common Stock",N
3505,NSAIU,NorthStrive Acquisition Corp I. - Units,N
3506,NSI,National Security Emerging Markets Index ETF,Y
3507,NSIT,"Insight Enterprises, Inc. - Common Stock",N
3508,NSLR,Neostellar Capital Corp. - Closed End Fund,N
3509,NSLRL,Neostellar Capital Corp. - 6.00% Notes due 2026,N
3510,NSPR,InspireMD Inc. - Common Stock,N
3511,NSSC,"NAPCO Security Technologies, Inc. - Common Stock",N
3512,NSTS,"NSTS Bancorp, Inc. - Common Stock",N
3513,NSYS,Nortech Systems Incorporated - Common Stock,N
3514,NTAL,GraniteShares 2x Long NTAP Daily ETF,Y
3515,NTAP,"NetApp, Inc. - Common Stock",N
3516,NTCL,NETCLASS TECHNOLOGY INC - Class A Ordinary Shares,N
3517,NTCT,"NetScout Systems, Inc. - Common Stock",N
3518,NTES,"NetEase, Inc. - American Depositary Shares, each representing 5 ordinary shares",N
3519,NTGR,"NETGEAR, Inc. - Common Stock",N
3520,NTHI,"NeOnc Technologies Holdings, Inc. - Common Stock",N
3521,NTIC,Northern Technologies International Corporation - Common Stock,N
3522,NTLA,"Intellia Therapeutics, Inc. - Common Stock",N
3523,NTNX,"Nutanix, Inc. - Class A Common Stock",N
3524,NTRA,"Natera, Inc. - Common Stock",N
3525,NTRB,Nutriband Inc. - Common Stock,N
3526,NTRBW,Nutriband Inc. - Warrant,N
3527,NTRP,"NextTrip, Inc. - Common Stock",N
3528,NTRS,Northern Trust Corporation - Common Stock,N
3529,NTRSO,"Northern Trust Corporation - Depositary Shares Each Representing a 1/1,000th Interest in a Share of Series E Non-Cumulative Perpetual Preferred Stock",N
3530,NTSK,"Netskope, Inc. - Class A Common Stock",N
3531,NTWK,NETSOL Technologies Inc. - Common Stock,N
3532,NTWO,Newbury Street II Acquisition Corp - Class A Ordinary Shares,N
3533,NTWOU,Newbury Street II Acquisition Corp - Unit,N
3534,NTWOW,Newbury Street II Acquisition Corp - Warrant,N
3535,NUAI,"New Era Energy & Digital, Inc. - Common Stock",N
3536,NUAIW,"New Era Energy & Digital, Inc. - Warrants",N
3537,NUCL,Eagle Nuclear Energy Corp. - Common stock,N
3538,NUCLW,Eagle Nuclear Energy Corp. - Warrants,N
3539,NUG,Leverage Shares 2X Long NU Daily ETF,Y
3540,NUGY,GraniteShares YieldBOOST Gold Miners ETF,Y
3541,NUIF,Nuveen US Infrastructure ETF,Y
3542,NUR,Nuran Wireless Inc. - Common Shares,N
3543,NUSB,Nuveen Ultra Short Income ETF,Y
3544,NUTX,Nutex Health Inc. - Common Stock,N
3545,NUWE,"Nuwellis, Inc. - Common Stock",N
3546,NVAX,"Novavax, Inc. - Common Stock",N
3547,NVCR,NovoCure Limited - Ordinary Shares,N
3548,NVCT,"Nuvectis Pharma, Inc. - Common Stock",N
3549,NVD,GraniteShares 2x Short NVDA Daily ETF,Y
3550,NVDA,NVIDIA Corporation - Common Stock,N
3551,NVDD,Direxion Daily NVDA Bear 1X ETF,Y
3552,NVDG,Leverage Shares 2X Long NVDA Daily ETF,Y
3553,NVDL,GraniteShares 2x Long NVDA Daily ETF,Y
3554,NVDS,Tradr 1.5X Short NVDA Daily ETF,Y
3555,NVDU,Direxion Daily NVDA Bull 2X ETF,Y
3556,NVEC,NVE Corporation - Common Stock,N
3557,NVMI,Nova Ltd. - Ordinary Shares,N
3558,NVNI,Nvni Group Limited - Ordinary Shares,N
3559,NVNIW,Nvni Group Limited - Warrants,N
3560,NVNO,enVVeno Medical Corporation - Common Stock,N
3561,NVPS,PurePlay Nvidia Ecosystem Picks & Shovels Index ETF,Y
3562,NVTS,Navitas Semiconductor Corporation - Common Stock,N
3563,NVX,NOVONIX Limited - American Depository Shares,N
3564,NVYY,GraniteShares YieldBOOST NVDA ETF,Y
3565,NWBI,"Northwest Bancshares, Inc. - Common Stock",N
3566,NWE,"NorthWestern Energy Group, Inc.  - Common Stock",N
3567,NWFL,Norwood Financial Corp. - Common Stock,N
3568,NWGL,CL Workshop Group Limited - American Depositary Shares,N
3569,NWL,Newell Brands Inc. - Common Stock,N
3570,NWPX,"NWPX Infrastructure, Inc. - Common Stock",N
3571,NWS,News Corporation - Class B Common Stock,N
3572,NWSA,News Corporation - Class A Common Stock,N
3573,NWTG,"Newton Golf Company, Inc. - Common Stock",N
3574,NXGL,"NexGel, Inc - Common Stock",N
3575,NXGLW,"NexGel, Inc - Warrant",N
3576,NXH,"Neighborhood Intelligence, Inc.  - Common Stock",N
3577,NXL,"Nexalin Technology, Inc. - Common Stock",N
3578,NXPI,NXP Semiconductors N.V. - Common Stock,N
3579,NXPL,NextPlat Corp - Common Stock,N
3580,NXST,"Nexstar Media Group, Inc. - Common Stock",N
3581,NXT,Nextpower Inc. - Class A Common Stock,N
3582,NXTC,"NextCure, Inc. - Common Stock",N
3583,NXTG,First Trust Indxx NextG ETF,Y
3584,NXTS,Nexentis Technologies Inc. - Common Stock,N
3585,NXTT,Next Technology Holding Inc. - Ordinary Shares,N
3586,NXXT,"NextNRG, Inc. - Common Stock",N
3587,NYAX,Nayax Ltd. - Ordinary Shares,N
3588,NYXH,Nyxoah SA - Ordinary Shares,N
3589,NZAC,State Street SPDR MSCI ACWI Climate Paris Aligned ETF,Y
3590,OABI,"OmniAb, Inc. - Common Stock",N
3591,OABIW,"OmniAb, Inc. - Warrant",N
3592,OACC,Oaktree Acquisition Corp. III Life Sciences - Class A Ordinary Share,N
3593,OACCU,Oaktree Acquisition Corp. III Life Sciences - Unit,N
3594,OACCW,Oaktree Acquisition Corp. III Life Sciences - Warrant,N
3595,OBA,Oxley Bridge Acquisition Limited - Class A Ordinary Shares,N
3596,OBAI,"Our Bond, Inc. - Common Stock",N
3597,OBAWU,Oxley Bridge Acquisition Limited - Unit,N
3598,OBAWW,Oxley Bridge Acquisition Limited - Warrants,N
3599,OBIL,US Treasury 12 Month Bill ETF,Y
3600,OBIO,"Orchestra BioMed Holdings, Inc. - Ordinary Shares",N
3601,OBT,"Orange County Bancorp, Inc. - Common Stock",N
3602,OBTC,Osprey Bitcoin Trust,Y
3603,OBX,"Obsidian Therapeutics, Inc. - Common Stock",N
3604,OCC,Optical Cable Corporation - Common Stock,N
3605,OCCI,"OFS Credit Company, Inc. - Closed End Fund",N
3606,OCCIM,"OFS Credit Company, Inc. - 7.875% Series F Term Preferred Stock",N
3607,OCCIN,"OFS Credit Company, Inc. - 5.25% Series E Term Preferred Stock Due 2026",N
3608,OCFC,OceanFirst Financial Corp. - Common Stock,N
3609,OCG,Oriental Culture Holding LTD - Ordinary Shares,N
3610,OCGN,"Ocugen, Inc. - Common Stock",N
3611,OCLTU,OceanLight Acquisition Corporation - Units,N
3612,OCS,Oculis Holding AG - Ordinary shares,N
3613,OCSAW,Oculis Holding AG - Warrants,N
3614,OCSL,Oaktree Specialty Lending Corporation - Closed End Fund,N
3615,OCTV,Octave Intelligence plc - Class B Ordinary Shares,N
3616,OCUL,"Ocular Therapeutix, Inc. - Common Stock",N
3617,ODD,ODDITY Tech Ltd. - Class A Ordinary Shares,N
3618,ODDS,Pacer BlueStar Digital Entertainment ETF,Y
3619,ODFL,"Old Dominion Freight Line, Inc. - Common Stock",N
3620,ODTE,VegaShares SPX NDX RTY Premium Income ETF,Y
3621,ODTX,"Odyssey Therapeutics, Inc. - Common Stock",N
3622,ODYS,Odysight.ai Inc. - Common Stock,N
3623,OESX,"Orion Energy Systems, Inc. - Common Stock",N
3624,OFAL,OFA Group - Class A Ordinary Shares,N
3625,OFIX,Orthofix Medical Inc.  - Common Stock,N
3626,OFLX,"Omega Flex, Inc. - Common Stock",N
3627,OFS,OFS Capital Corporation - Closed End Fund,N
3628,OFSSH,OFS Capital Corporation - 4.95% Notes due 2028,N
3629,OFSSO,OFS Capital Corporation - 7.50% Notes due 2028,N
3630,OGGWZ,Osisko Gold Group Inc. - Warrant,N
3631,OGI,Organigram Global Inc. - Common Shares,N
3632,OHAC,Oceanhawk Acquisition Corp. - Class A Ordinary Shares,N
3633,OHACR,Oceanhawk Acquisition Corp. - Rights,N
3634,OHACU,Oceanhawk Acquisition Corp. - Units,N
3635,OIM,OneIM Acquisition Corp. - Class A Ordinary Shares,N
3636,OIMAU,OneIM Acquisition Corp. - Units,N
3637,OIMAW,OneIM Acquisition Corp. - Warrant,N
3638,OIO,OIO Group - Ordinary Shares,N
3639,OIOWW,OIO Group - Warrants,N
3640,OKLL,Defiance Daily Target 2x Long OKLO ETF,Y
3641,OKTA,"Okta, Inc. - Class A Common Stock",N
3642,OKTG,Leverage Shares 2X Long OKTA Daily ETF,Y
3643,OKUR,"OnKure Therapeutics, Inc. - Class A Common Stock",N
3644,OKYO,OKYO Pharma Limited - Ordinary Shares,N
3645,OLB,"The OLB Group, Inc. - Common Stock",N
3646,OLED,Universal Display Corporation - Common Stock,N
3647,OLLI,"Ollie's Bargain Outlet Holdings, Inc. - Common Stock",N
3648,OLMA,"Olema Pharmaceuticals, Inc. - Common Stock",N
3649,OLOX,Olenox Industries Inc. - Common Stock,N
3650,OM,"Outset Medical, Inc. - Common Stock",N
3651,OMAB,Grupo Aeroportuario del Centro Norte S.A.B. de C.V. - American Depositary Shares each representing 8 Series B shares,N
3652,OMCL,"Omnicell, Inc. - Common Stock",N
3653,OMDA,"Omada Health, Inc. - Common Stock",N
3654,OMER,Omeros Corporation - Common Stock,N
3655,OMEX,"Odyssey Marine Exploration, Inc. - Common Stock",N
3656,OMH,Ohmyhome Limited - Class A Ordinary Shares,N
3657,OMSE,OMS Energy Technologies Inc. - Ordinary Shares,N
3658,ON,ON Semiconductor Corporation - Common Stock,N
3659,ONB,Old National Bancorp - Common Stock,N
3660,ONBPO,"Old National Bancorp - Depositary Shares, Each Representing a 1/40th Interest in a Share of Series C Preferred Stock",N
3661,ONBPP,"Old National Bancorp - Depositary Shares, Each Representing a 1/40th Interest in a Share of Series A Preferred Stock",N
3662,ONC,BeOne Medicines Ltd. - American Depositary Shares,N
3663,ONCH,1RT Acquisition Corp. - Class A Ordinary Share,N
3664,ONCHU,1RT Acquisition Corp. - Units,N
3665,ONCHW,1RT Acquisition Corp. - Warrant,N
3666,ONCO,"Onconetix, Inc.  - Common Stock",N
3667,ONCY,Oncolytics Biotech Inc. - Common Stock,N
3668,ONDG,Leverage Shares 2X Long ONDS Daily ETF,Y
3669,ONDS,Ondas Inc - Common Stock,N
3670,ONEG,OneConstruction Group Limited - Ordinary Shares,N
3671,ONEQ,Fidelity Nasdaq Composite Index ETF,Y
3672,ONEW,OneWater Marine Inc. - Class A Common Stock,N
3673,ONFO,Onfolio Holdings Inc. - Common Stock,N
3674,ONFOW,Onfolio Holdings Inc. - Warrant,N
3675,ONMD,OneMedNet Corp - Class A Common Stock,N
3676,ONMDW,OneMedNet Corp - Warrant,N
3677,OPAL,OPAL Fuels Inc. - Class A Common Stock,N
3678,OPBK,OP Bancorp - Common Stock,N
3679,OPCH,"Option Care Health, Inc. - Common Stock",N
3680,OPEG,Leverage Shares 2X Long OPEN Daily ETF,Y
3681,OPEN,Opendoor Technologies Inc  - Common Stock,N
3682,OPENL,"Opendoor Technologies Inc  - Series A Warrants, each whole warrant exercisable to purchase one share of Common Stock at an exercise price of $13.00 per warrant",N
3683,OPENW,"Opendoor Technologies Inc  - Series K Warrants, each whole warrant exercisable to purchase one share of Common Stock at an exercise price of $9.00 per warrant",N
3684,OPENZ,"Opendoor Technologies Inc  - Series Z Warrants, each whole warrant exercisable to purchase one share of Common Stock at an exercise price of $17.00 per warrant",N
3685,OPI,Office Properties Income Trust - Common shares of beneficial interest,N
3686,OPK,"Opko Health, Inc. - Common Stock",N
3687,OPPJ,WisdomTree Japan Opportunities Fund,Y
3688,OPRA,Opera Limited - American Depositary Shares,N
3689,OPRT,Oportun Financial Corporation - common stock,N
3690,OPRX,OptimizeRx Corporation - Common Stock,N
3691,OPTH,Optimi Health Corp. - Common Shares,N
3692,OPTX,"Syntec Optics Holdings, Inc. - Class A Common Stock",N
3693,OPTXW,"Syntec Optics Holdings, Inc. - Warrant",N
3694,OPTZ,Optimize Strategy Index ETF,Y
3695,OPXS,"Optex Systems Holdings, Inc. - Common Stock",N
3696,ORBS,Eightco Holdings Inc. - Common Stock,N
3697,ORBX,Global X Space Tech ETF,Y
3698,ORCS,Direxion Daily ORCL Bear 1X ETF,Y
3699,ORCU,Direxion Daily ORCL Bull 2X ETF,Y
3700,ORCX,Defiance Daily Target 2X Long ORCL ETF,Y
3701,ORGO,Organogenesis Holdings Inc.  - Class A ,N
3702,ORIC,"Oric Pharmaceuticals, Inc. - Common Stock",N
3703,ORIO,Orion Digital Corp. - Common Shares,N
3704,ORIQ,Origin Investment Corp I - Ordinary Shares,N
3705,ORIQU,Origin Investment Corp I - Units,N
3706,ORIQW,Origin Investment Corp I - Redeemable Warrant,N
3707,ORKA,"Oruka Therapeutics, Inc. - Common Stock",N
3708,ORKT,Orangekloud Technology Inc. - Class A Ordinary Shares,N
3709,ORLY,"O'Reilly Automotive, Inc. - Common Stock",N
3710,ORMP,Oramed Pharmaceuticals Inc. - Common Stock,N
3711,ORR,Militia Long/Short Equity ETF,Y
3712,ORRF,"Orrstown Financial Services, Inc. - Common Stock",N
3713,OSBC,"Old Second Bancorp, Inc. - Common Stock",N
3714,OSCX,Defiance Daily Target 2x Long OSCR ETF,Y
3715,OSIS,"OSI Systems, Inc. - Common Stock",N
3716,OSPN,OneSpan Inc. - Common Stock,N
3717,OSPRU,Osprey Acquisition Corp. III - Units,N
3718,OSRH,"OSR Health, Inc. - Common Stock",N
3719,OSRHW,"OSR Health, Inc. - Warrant",N
3720,OSS,"One Stop Systems, Inc. - Common Stock",N
3721,OST,"Ostin Technology Group Co., Ltd. - Class A Ordinary Shares",N
3722,OSUR,"OraSure Technologies, Inc. - Common Stock",N
3723,OSW,OneSpaWorld Holdings Limited - Common Shares,N
3724,OTEX,Open Text Corporation - Common Shares,N
3725,OTGA,OTG Acquisition Corp. I - Class A Ordinary Share,N
3726,OTGAU,OTG Acquisition Corp. I - Unit,N
3727,OTGAW,OTG Acquisition Corp. I - Warrants,N
3728,OTGL,OTG Latin America ETF,Y
3729,OTLK,"Outlook Therapeutics, Inc. - Common Stock",N
3730,OTLY,Oatly Group AB - American Depositary Shares,N
3731,OTTR,Otter Tail Corporation - Common Stock,N
3732,OUST,"Ouster, Inc. - Common Stock",N
3733,OVBC,Ohio Valley Banc Corp. - Common Stock,N
3734,OVID,Ovid Therapeutics Inc. - Common Stock,N
3735,OVLY,Oak Valley Bancorp (CA) - Common Stock,N
3736,OWLS,OBOOK Holdings Inc. - Class A Common Shares,N
3737,OXBR,Oxbridge Re Holdings Limited - Ordinary Shares,N
3738,OXBRW,Oxbridge Re Holdings Limited - Warrant,N
3739,OXLC,Oxford Lane Capital Corp. - Closed End Fund,N
3740,OXLCG,Oxford Lane Capital Corp. - 7.95% Notes due 2032,N
3741,OXLCI,Oxford Lane Capital Corp. - 8.75% Notes due 2030,N
3742,OXLCL,Oxford Lane Capital Corp. - 6.75% Notes due 2031,N
3743,OXLCM,"Oxford Lane Capital Corp. - Preferred Stock Shares, 8.25% Series 2031",N
3744,OXLCN,Oxford Lane Capital Corp. - 7.125% Series 2029 Term Preferred Stock,N
3745,OXLCO,"Oxford Lane Capital Corp. - Preferred Stock Shares, 6.00% Series 2029",N
3746,OXLCZ,Oxford Lane Capital Corp. - 5.00% Notes due 2027,N
3747,OXSQ,Oxford Square Capital Corp. - Closed End Fund,N
3748,OXSQG,Oxford Square Capital Corp. - 5.50% Notes due 2028,N
3749,OXSQH,Oxford Square Capital Corp. - 7.75% Notes due 2030,N
3750,OYSE,Oyster Enterprises II Acquisition Corp - Class A Ordinary Shares,N
3751,OYSER,Oyster Enterprises II Acquisition Corp - Rights,N
3752,OYSEU,Oyster Enterprises II Acquisition Corp - Units,N
3753,OZEM,Roundhill GLP-1 & Weight Loss ETF,Y
3754,OZK,Bank OZK - Common Stock,N
3755,OZKAP,Bank OZK - 4.625% Series A Non-Cumulative Perpetual Preferred Stock,N
3756,PAA,"Plains All American Pipeline, L.P. - Common Units representing Limited Partner Interests",N
3757,PAAC,Proem Acquisition Corp I - Ordinary Shares,N
3758,PAACU,Proem Acquisition Corp I - Units,N
3759,PAACW,Proem Acquisition Corp I - Warrants,N
3760,PABD,iShares Paris-Aligned Climate Optimized MSCI World ex USA ETF,Y
3761,PABU,iShares Paris-Aligned Climate Optimized MSCI USA ETF,Y
3762,PACB,"Pacific Biosciences of California, Inc. - Common Stock",N
3763,PACH,Pioneer Acquisition I Corp - Class A Ordinary Shares,N
3764,PACHU,Pioneer Acquisition I Corp - Units,N
3765,PACHW,Pioneer Acquisition I Corp - Warrants,N
3766,PAGP,"Plains GP Holdings, L.P. - Class A Shares representing limited partner interests",N
3767,PAHC,Phibro Animal Health Corporation - Class A Common Stock,N
3768,PAL,"Proficient Auto Logistics, Inc. - Common Stock",N
3769,PALD,Direxion Daily PANW Bear 1X ETF,Y
3770,PALI,"Palisade Bio, Inc. - Common Stock",N
3771,PALO,Paloma Acquisition Corp I - Class A Ordinary Shares,N
3772,PALOU,Paloma Acquisition Corp I - Units,N
3773,PALOW,Paloma Acquisition Corp I - Warrants,N
3774,PALU,Direxion Daily PANW Bull 2X ETF,Y
3775,PAMT,PAMT CORP - Common Stock,N
3776,PANG,Leverage Shares 2X Long PANW Daily ETF,Y
3777,PANL,Pangaea Logistics Solutions Ltd. - Common Stock,N
3778,PANW,"Palo Alto Networks, Inc. - Common Stock",N
3779,PARA,"Banzai International, Inc. - Class A Common Stock",N
3780,PARAW,"Banzai International, Inc. - Warrant",N
3781,PARK,"Park Dental Partners, Inc. - Common Stock",N
3782,PASG,"Passage Bio, Inc. - Common Stock",N
3783,PASW,"Ping An Biomedical Co., Ltd. - Class A Ordinary Shares",N
3784,PATK,"Patrick Industries, Inc. - Common Stock",N
3785,PATN,Pacer Nasdaq International Patent Leaders ETF,Y
3786,PAVM,PAVmed Inc. - Common Stock,N
3787,PAVS,Paranovus Entertainment Technology Ltd. - Class A Ordinary Shares,N
3788,PAX,Patria Investments Limited - Class A Common Shares,N
3789,PAYO,Payoneer Global Inc. - Common Stock,N
3790,PAYP,PayPay Corporation - American Depository Shares,N
3791,PAYS,"Paysign, Inc. - Common Stock",N
3792,PAYX,"Paychex, Inc. - Common Stock",N
3793,PBAM,"Private Bancorp of America, Inc. - Common Stock",N
3794,PBEU,Portfolio Building Block European Banks Index ETF,Y
3795,PBFS,"Pioneer Bancorp, Inc. - Common Stock",N
3796,PBHC,"Pathfinder Bancorp, Inc. - Common Stock",N
3797,PBK,PowerBank Corporation - Common Stock,N
3798,PBLS,"Parabilis Medicines, Inc. - Common Stock",N
3799,PBM,Psyence Biomedical Ltd. - Common Shares,N
3800,PBMWW,Psyence Biomedical Ltd. - Warrant,N
3801,PBOG,Portfolio Building Block Integrated Oil and Gas and Exploration and Production Index ETF,Y
3802,PBPH,Portfolio Building Block World Pharma and Biotech Index ETF,Y
3803,PBQQ,PGIM Laddered Nasdaq-100 Buffer 12 ETF,Y
3804,PBRG,Leverage Shares 2X Long PBR Daily ETF,Y
3805,PBSC,Pacer Barings Secured Credit Flex ETF,Y
3806,PBYI,Puma Biotechnology Inc - Common Stock,N
3807,PC,Premium Catering (Holdings) Limited - Ordinary Shares,N
3808,PCAP,ProCap Acquisition Corp - Class A Ordinary Shares,N
3809,PCAPU,ProCap Acquisition Corp - Unit,N
3810,PCAPW,ProCap Acquisition Corp - Warrant,N
3811,PCAR,PACCAR Inc. - Common Stock,N
3812,PCB,PCB Bancorp - Common Stock,N
3813,PCLA,PicoCELA Inc. - American Depositary Shares,N
3814,PCMM,BondBloxx Private Credit CLO ETF,Y
3815,PCPI,PIMCO Inflation PLUS Active Exchange-Traded Fund,Y
3816,PCRX,"Pacira BioSciences, Inc. - Common Stock",N
3817,PCSA,"Processa Pharmaceuticals, Inc. - Common Stock",N
3818,PCT,"PureCycle Technologies, Inc. - Common stock",N
3819,PCTTU,"PureCycle Technologies, Inc. - Unit",N
3820,PCTTW,"PureCycle Technologies, Inc. - Warrant",N
3821,PCTY,Paylocity Holding Corporation - Common Stock,N
3822,PCVX,"Vaxcyte, Inc. - Common Stock",N
3823,PCYO,Pure Cycle Corporation - Common Stock,N
3824,PDBA,Invesco Agriculture Commodity Strategy No K-1 ETF,Y
3825,PDBC,Invesco Optimum Yield Diversified Commodity Strategy No K-1 ETF,Y
3826,PDC,Perpetuals.com Ltd - American Depositary Shares,N
3827,PDD,PDD Holdings Inc. - American Depositary Shares,N
3828,PDDL,GraniteShares 2x Long PDD Daily ETF,Y
3829,PDEX,"Pro-Dex, Inc. - Common Stock",N
3830,PDFS,"PDF Solutions, Inc. - Common Stock",N
3831,PDLB,"Ponce Financial Group, Inc. - Common Stock",N
3832,PDP,Invesco Dorsey Wright Momentum ETF,Y
3833,PDSB,PDS Biotechnology Corporation - Common Stock,N
3834,PDYN,Palladyne AI Corp. - Common stock,N
3835,PDYNW,Palladyne AI Corp. - Warrant,N
3836,PEBK,"Peoples Bancorp of North Carolina, Inc. - Common Stock",N
3837,PEBO,Peoples Bancorp Inc. - Common Stock,N
3838,PECE,Peace Acquisition Corp - Ordinary Shares,N
3839,PECER,Peace Acquisition Corp - Right,N
3840,PECEU,Peace Acquisition Corp - Units,N
3841,PECEW,Peace Acquisition Corp - Warrant,N
3842,PECO,"Phillips Edison & Company, Inc. - Common Stock",N
3843,PEGA,Pegasystems Inc. - Common Stock,N
3844,PENG,"Penguin Solutions, Inc. - Common Stock",N
3845,PENN,"PENN Entertainment, Inc. - Common Stock",N
3846,PEP,"PepsiCo, Inc. - Common Stock",N
3847,PEPG,PepGen Inc. - Common Stock,N
3848,PEPS,Parametric Equity Plus ETF,Y
3849,PERI,Perion Network Ltd - Ordinary Shares,N
3850,PESI,"Perma-Fix Environmental Services, Inc. - Common Stock",N
3851,PETS,"PetMed Express, Inc. - Common Stock",N
3852,PETZ,"TDH Holdings, Inc. - Common Shares",N
3853,PEY,Invesco High Yield Equity Dividend Achievers ETF,Y
3854,PEZ,Invesco Dorsey Wright Consumer Cyclicals Momentum ETF,Y
3855,PFAI,Pinnacle Food Group Limited - Class A Common Shares,N
3856,PFBC,Preferred Bank - Common Stock,N
3857,PFDE,Pathfinder Disciplined US Equity ETF,Y
3858,PFF,iShares Preferred and Income Securities ETF,Y
3859,PFG,Principal Financial Group Inc - Common Stock,N
3860,PFI,Invesco Dorsey Wright Financial Momentum ETF,Y
3861,PFIS,Peoples Financial Services Corp.  - Common Stock,N
3862,PFM,Invesco Dividend Achievers ETF,Y
3863,PFOE,Pathfinder Focused Opportunities ETF,Y
3864,PFSA,"Profusa, Inc. - Common Stock",N
3865,PFX,PhenixFIN Corporation  - Common Stock,N
3866,PFXNZ,PhenixFIN Corporation  - 5.25% Notes due 2028,N
3867,PGAC,Pantages Capital Acquisition Corporation - Class A Ordinary Shares,N
3868,PGACR,Pantages Capital Acquisition Corporation - Right,N
3869,PGACU,Pantages Capital Acquisition Corporation - Unit,N
3870,PGC,Peapack-Gladstone Financial Corporation - Common Stock,N
3871,PGEN,"Precigen, Inc. - Common Stock",N
3872,PGJ,Invesco Golden Dragon China ETF,Y
3873,PGNY,"Progyny, Inc. - Common Stock",N
3874,PGY,Pagaya Technologies Ltd. - Class A Ordinary Shares,N
3875,PGYWW,Pagaya Technologies Ltd. - Warrants,N
3876,PHAR,"Pharming Group N.V. - ADS, each representing 10 ordinary shares",N
3877,PHAT,"Phathom Pharmaceuticals, Inc. - Common Stock",N
3878,PHIO,Phio Pharmaceuticals Corp. - Common Stock,N
3879,PHO,Invesco Water Resources ETF,Y
3880,PHOE,Phoenix Asia Holdings Limited - Ordinary Shares,N
3881,PHOS,First Phosphate Corp. - American Depositary Shares,N
3882,PHUN,"Phunware, Inc. - Common Stock",N
3883,PHVS,Pharvaris N.V. - Ordinary Shares,N
3884,PI,"Impinj, Inc. - Common Stock",N
3885,PICS,PicS N.V. - Class A Common Shares,N
3886,PID,Invesco International Dividend Achievers ETF,Y
3887,PIE,Invesco Dorsey Wright Emerging Markets Momentum ETF,Y
3888,PIII,P3 Health Partners Inc. - Class A Common Stock,N
3889,PIIIW,P3 Health Partners Inc. - Warrant,N
3890,PIO,Invesco Global Water ETF,Y
3891,PIZ,Invesco Dorsey Wright Developed Markets Momentum ETF,Y
3892,PKBK,"Parke Bancorp, Inc. - Common Stock",N
3893,PKOH,Park-Ohio Holdings Corp. - Common Stock,N
3894,PKW,Invesco BuyBack Achievers ETF,Y
3895,PLA,GraniteShares Autocallable PLTR ETF,Y
3896,PLAB,"Photronics, Inc. - Common Stock",N
3897,PLAY,"Dave & Buster's Entertainment, Inc. - Common Stock",N
3898,PLBC,Plumas Bancorp - Common Stock,N
3899,PLBL,Polibeli Group Ltd - Class A Ordinary Shares,N
3900,PLBY,"Playboy, Inc. - Common Stock",N
3901,PLCE,"Children's Place, Inc. (The) - Common Stock",N
3902,PLCI,Pelican Acquisition II Corporation - Ordinary Shares,N
3903,PLCIR,Pelican Acquisition II Corporation - Right,N
3904,PLCIU,Pelican Acquisition II Corporation - Unit,N
3905,PLMK,Plum Acquisition Corp. IV - Class A Ordinary Shares,N
3906,PLMKU,Plum Acquisition Corp. IV - Unit,N
3907,PLMKW,Plum Acquisition Corp. IV - Warrants,N
3908,PLMR,"Palomar Holdings, Inc. - Common stock",N
3909,PLPC,Preformed Line Products Company - Common Stock,N
3910,PLRX,"Pliant Therapeutics, Inc. - Common Stock",N
3911,PLRZ,Polyrizon Ltd. - Ordinary Shares,N
3912,PLSE,"Pulse Biosciences, Inc - Common Stock",N
3913,PLSM,Pulsenmore Ltd. - Ordinary Shares,N
3914,PLTD,Direxion Daily PLTR Bear 1X ETF,Y
3915,PLTG,Leverage Shares 2X Long PLTR Daily ETF,Y
3916,PLTK,Playtika Holding Corp. - Common Stock,N
3917,PLTR,Palantir Technologies Inc. - Class A Common Stock,N
3918,PLTS,Platinum Analytics Cayman Limited - Class A Ordinary Shares,N
3919,PLTU,Direxion Daily PLTR Bull 2X ETF,Y
3920,PLTZ,Defiance Daily Target 2x Short PLTR ETF,Y
3921,PLUG,"Plug Power, Inc. - Common Stock",N
3922,PLUL,Leverage Shares 2X Long PLUG Daily ETF,Y
3923,PLUR,Pluri Inc. - Common Stock,N
3924,PLUS,ePlus inc. - Common Stock,N
3925,PLUT,Plutus Financial Group Limited - Ordinary Shares,N
3926,PLXS,Plexus Corp. - Common Stock,N
3927,PLYX,"Polaryx Therapeutics, Inc. - Common Stock",N
3928,PLYY,GraniteShares YieldBOOST PLTR ETF,Y
3929,PMA,Ming Shing Group Holdings Limited - Ordinary Shares,N
3930,PMAX,Powell Max Limited - Class A Ordinary Shares,N
3931,PMBS,PIMCO Mortgage-Backed Securities Active Exchange-Traded Fund,Y
3932,PMCB,"PharmaCyte  Biotech, Inc. - Common Stock",N
3933,PMEC,Primech Holdings Ltd. - Ordinary Shares,N
3934,PMN,ProMIS Neurosciences Inc. - Common Shares,N
3935,PMTR,Perimeter Acquisition Corp. I - Class A Ordinary Shares,N
3936,PMTRU,Perimeter Acquisition Corp. I - Unit,N
3937,PMTRW,Perimeter Acquisition Corp. I - Warrant,N
3938,PMTS,CPI Card Group Inc. - Common Stock,N
3939,PMVP,"PMV Pharmaceuticals, Inc. - Common Stock",N
3940,PN,PN Smart Energy Limited - Class A Ordinary Shares,N
3941,PNBK,Patriot National Bancorp Inc. - Common Stock,N
3942,PNQI,Invesco Nasdaq Internet ETF,Y
3943,PNRG,PrimeEnergy Resources Corporation - Common Stock,N
3944,PNTG,"The Pennant Group, Inc. - Common Stock",N
3945,POCI,"Precision Optics Corporation, Inc. - Common stock",N
3946,PODC,"PodcastOne, Inc. - Common Stock",N
3947,PODD,Insulet Corporation - Common Stock,N
3948,POET,POET Technologies Inc. - Common Shares,N
3949,POLA,"Polar Power, Inc. - Common Stock",N
3950,POLE,Andretti Acquisition Corp. II - Class A Ordinary Shares,N
3951,POLEU,Andretti Acquisition Corp. II - Unit,N
3952,POLEW,Andretti Acquisition Corp. II - Warrant,N
3953,POM,POMDOCTOR LIMITED - American Depositary Shares,N
3954,PONO,"Pono Capital Four, Inc. - Class A Ordinary Shares",N
3955,PONOR,"Pono Capital Four, Inc. - Rights",N
3956,PONOU,"Pono Capital Four, Inc. - Units",N
3957,PONY,Pony AI Inc. - American Depositary Shares,N
3958,POOL,Pool Corporation - Common Stock,N
3959,POWI,"Power Integrations, Inc. - Common Stock",N
3960,POWL,"Powell Industries, Inc. - Common Stock",N
3961,POWW,Outdoor Holding Company - Common Stock,N
3962,POWWP,Outdoor Holding Company - 8.75% Series A Cumulative Redeemable Perpetual Preferred Stock,N
3963,PPBT,Purple Biotech Ltd. - American Depositary Shares,N
3964,PPC,Pilgrim's Pride Corporation - Common Stock,N
3965,PPCB,"Propanc Biopharma, Inc. - Common Stock",N
3966,PPH,VanEck Pharmaceutical ETF,Y
3967,PPHC,"Public Policy Holding Company, Inc. - Common Stock",N
3968,PPI,Astoria Real Assets ETF,Y
3969,PPIH,"Perma-Pipe International Holdings, Inc. - Common Stock",N
3970,PPLI,People Incorporated - Common Stock,N
3971,PPSI,"Pioneer Power Solutions, Inc. - Common Stock",N
3972,PPTA,Perpetua Resources Corp. - Common Shares,N
3973,PQAP,PGIM Nasdaq-100 Buffer 12 ETF - April,Y
3974,PQJA,PGIM Nasdaq-100 Buffer 12 ETF - January,Y
3975,PQJL,PGIM Nasdaq-100 Buffer 12 ETF - July,Y
3976,PQOC,PGIM Nasdaq-100 Buffer 12 ETF - October,Y
3977,PRAA,"PRA Group, Inc. - Common Stock",N
3978,PRAX,"Praxis Precision Medicines, Inc. - Common Stock",N
3979,PRCH,"Porch Group, Inc. - Common Stock",N
3980,PRCT,PROCEPT BioRobotics Corporation - Common Stock,N
3981,PRDO,Perdoceo Education Corporation - Common Stock,N
3982,PRE,Prenetics Global Limited - Class A Ordinary Share,N
3983,PRENW,Prenetics Global Limited - Warrant,N
3984,PRFX,PRF Technologies Ltd. - Ordinary Shares,N
3985,PRFZ,Invesco RAFI US 1500 Small-Mid ETF,Y
3986,PRGS,Progress Software Corporation - Common Stock,N
3987,PRHI,"Presurance Holdings, Inc. - Common Stock",N
3988,PRHIZ,"Presurance Holdings, Inc. - 9.75% Senior Unsecured Notes due 2028",N
3989,PRLD,Prelude Therapeutics Incorporated - Common Stock,N
3990,PRME,"Prime Medicine, Inc. - Common Stock",N
3991,PRMR,PeakShares RMR Prime Equity ETF,Y
3992,PRN,Invesco Dorsey Wright Industrials Momentum ETF,Y
3993,PROF,Profound Medical Corp. - common stock,N
3994,PROK,ProKidney Corp. - Class A Ordinary Shares,N
3995,PROP,Prairie Operating Co. - Common Stock,N
3996,PROV,"Provident Financial Holdings, Inc. - Common Stock",N
3997,PRPL,"Purple Innovation, Inc. - Common Stock",N
3998,PRPO,"Precipio, Inc. - Common Stock",N
3999,PRQR,ProQR Therapeutics N.V. - Ordinary Shares,N
4000,PRSO,Peraso Inc. - Common Stock,N
4001,PRTA,Prothena Corporation plc - Ordinary Shares,N
4002,PRTH,"Priority Technology Holdings, Inc. - Common Stock",N
4003,PRTS,"CarParts.com, Inc. - Common Stock",N
4004,PRVA,"Privia Health Group, Inc. - Common Stock",N
4005,PRZO,ParaZero Technologies Ltd. - Ordinary Shares,N
4006,PSC,Principal U.S. Small-Cap ETF,Y
4007,PSCC,Invesco S&P SmallCap Consumer Staples ETF,Y
4008,PSCD,Invesco S&P SmallCap Consumer Discretionary ETF,Y
4009,PSCE,Invesco S&P SmallCap Energy ETF,Y
4010,PSCF,Invesco S&P SmallCap Financials ETF,Y
4011,PSCH,Invesco S&P SmallCap Health Care ETF,Y
4012,PSCI,Invesco S&P SmallCap Industrials ETF,Y
4013,PSCM,Invesco S&P SmallCap Materials ETF,Y
4014,PSCT,Invesco S&P SmallCap Information Technology ETF,Y
4015,PSCU,Invesco S&P SmallCap Utilities & Communication Services ETF,Y
4016,PSEC,Prospect Capital Corporation - Closed End Fund,N
4017,PSET,Principal Quality ETF,Y
4018,PSHG,Performance Shipping Inc. - Common Shares,N
4019,PSIG,PS International Group Ltd. - Ordinary Shares,N
4020,PSIX,"Power Solutions International, Inc. - Common Stock",N
4021,PSKY,Paramount Skydance Corporation - Class B Common Stock,N
4022,PSL,Invesco Dorsey Wright Consumer Staples Momentum ETF,Y
4023,PSMT,"PriceSmart, Inc. - Common Stock",N
4024,PSNL,"Personalis, Inc. - Common Stock",N
4025,PSNY,Polestar Automotive Holding UK Limited - Class A ADS,N
4026,PSNYW,Polestar Automotive Holding UK Limited - Class C-1 ADS (ADW),N
4027,PSTR,PeakShares Sector Rotation ETF,Y
4028,PSWD,Xtrackers Cybersecurity Select Equity ETF,Y
4029,PTAC,Patriot Acquisition Corp. - Class A Ordinary Shares,N
4030,PTACU,Patriot Acquisition Corp. - Units,N
4031,PTACW,Patriot Acquisition Corp. - Warrants,N
4032,PTC,PTC Inc. - Common Stock,N
4033,PTCT,"PTC Therapeutics, Inc. - Common Stock",N
4034,PTEN,"Patterson-UTI Energy, Inc. - Common Stock",N
4035,PTF,Invesco Dorsey Wright Technology Momentum ETF,Y
4036,PTGX,"Protagonist Therapeutics, Inc. - Common Stock",N
4037,PTH,Invesco Dorsey Wright Healthcare Momentum ETF,Y
4038,PTIR,GraniteShares 2x Long PLTR Daily ETF,Y
4039,PTLE,PTL LTD - Class A Ordinary Shares,N
4040,PTLO,Portillo's Inc. - Class A Common Stock,N
4041,PTN,"Palatin Technologies, Inc. - Common Stock",N
4042,PTNQ,Pacer Trendpilot 100 ETF,Y
4043,PTON,"Peloton Interactive, Inc. - Common Stock",N
4044,PTOR,Praetorian Acquisition Corp. - Class A Ordinary Shares,N
4045,PTORU,Praetorian Acquisition Corp. - Units,N
4046,PTORW,Praetorian Acquisition Corp. - Warrant,N
4047,PTRN,Pattern Group Inc. - Series A Common Stock,N
4048,PUBM,"PubMatic, Inc. - Class A Common Stock",N
4049,PUI,Invesco Dorsey Wright Utilities Momentum ETF,Y
4050,PUL,GraniteShares 2x Long P Daily ETF,Y
4051,PULM,"Pulmatrix, Inc. - Common Stock",N
4052,PUR,Defiance Daily Target 2X Long PURR ETF,Y
4053,PURR,Hyperliquid Strategies Inc - Common Stock,N
4054,PUSA,Aureus Greenway Holdings Inc. - Common Stock,N
4055,PVLA,"Palvella Therapeutics, Inc. - Common Stock",N
4056,PWCM,"PowerCompute, Inc. - Common Stock",N
4057,PWP,Perella Weinberg Partners - Class A Common Stock,N
4058,PWRD,TCW Transform Systems ETF,Y
4059,PWRL,Powerlaw Corp. - Common Stock,N
4060,PXI,Invesco Dorsey Wright Energy Momentum ETF,Y
4061,PXLW,"Pixelworks, Inc. - Common Stock",N
4062,PXS,Pyxis Tankers Inc. - Common Stock,N
4063,PY,Principal Value ETF,Y
4064,PYPD,PolyPid Ltd. - Ordinary Shares,N
4065,PYPG,Leverage Shares 2X Long PYPL Daily ETF,Y
4066,PYPL,"PayPal Holdings, Inc. - Common Stock",N
4067,PYXS,"Pyxis Oncology, Inc. - Common Stock",N
4068,PYZ,Invesco Dorsey Wright Basic Materials Momentum ETF,Y
4069,PZZA,"Papa John's International, Inc. - Common Stock",N
4070,QABA,First Trust NASDAQ ABA Community Bank Index Fund,Y
4071,QADR,QDRO Acquisition Corp. - Class A Ordinary Shares,N
4072,QADRU,QDRO Acquisition Corp. - Units,N
4073,QADRW,QDRO Acquisition Corp. - Warrant,N
4074,QALT,SEI DBi Multi-Strategy Alternative ETF,Y
4075,QAT,iShares MSCI Qatar ETF,Y
4076,QB,ProShares Nasdaq-100 Dynamic Buffer ETF,Y
4077,QBIG,Invesco Top QQQ ETF,Y
4078,QBTS,D-Wave Quantum Inc. - Common Stock,N
4079,QBTZ,Defiance Daily Target 2x Short QBTS ETF,Y
4080,QBUF,Innovator Nasdaq-100 10 Buffer ETF Quarterly,Y
4081,QBY,GraniteShares YieldBoost QBTS ETF,Y
4082,QCLN,First Trust NASDAQ Clean Edge Green Energy Index Fund,Y
4083,QCLR,Global X NASDAQ 100 Collar 95-110 ETF,Y
4084,QCLS,"Q/C Technologies, Inc. - Common Stock",N
4085,QCMD,Direxion Daily QCOM Bear 1X ETF,Y
4086,QCML,GraniteShares 2x Long QCOM Daily ETF,Y
4087,QCMU,Direxion Daily QCOM Bull 2X ETF,Y
4088,QCOM,QUALCOMM Incorporated - Common Stock,N
4089,QCRH,"QCR Holdings, Inc. - Common Stock",N
4090,QDEL,QuidelOrtho Corporation - Common Stock,N
4091,QDTY,YieldMax Nasdaq 100 0DTE Covered Call Strategy ETF,Y
4092,QETA,Quetta Acquisition Corporation - Common Stock,N
4093,QETAR,Quetta Acquisition Corporation - Right,N
4094,QETAU,Quetta Acquisition Corporation - Unit,N
4095,QEW,Invesco QQQ Equal Weight ETF,Y
4096,QFF,Qualivian Focus Fund ETF,Y
4097,QFIN,"Qfin Holdings, Inc.  - American Depositary Shares",N
4098,QGRD,Horizon Nasdaq-100 Defined Risk ETF,Y
4099,QH,Quhuo Limited - Class A Ordinary Shares,N
4100,QLDY,Defiance Nasdaq 100 LightningSpread Income ETF,Y
4101,QLYS,"Qualys, Inc. - Common Stock",N
4102,QMCO,Quantum Corporation - Common Stock,N
4103,QMID,WisdomTree U.S. MidCap Quality Growth Fund,Y
4104,QMLS,"QumulusAI, Inc. - Common Stock",N
4105,QMOM,Alpha Architect U.S. Quantitative Momentum ETF,Y
4106,QNBC,QNB Corp. - Common Stock,N
4107,QNCX,"Quince Therapeutics, Inc. - Common Stock",N
4108,QNDX,State Street SPDR Portfolio Nasdaq 100 ETF,Y
4109,QNME,"Quanome Technologies, Inc. - Common Stock",N
4110,QNRX,"Quoin Pharmaceuticals, Ltd. - American Depositary Shares",N
4111,QNST,"QuinStreet, Inc. - Common Stock",N
4112,QNT,Quantinuum Inc. - Class A Common Stock,N
4113,QNTM,Quantum Biopharma Ltd. - Class B Subordinate Voting Shares,N
4114,QNXT,iShares Nasdaq-100 ex Top 30 ETF,Y
4115,QOWZ,Invesco Nasdaq Free Cash Flow Achievers ETF,Y
4116,QPUX,Defiance 2X Daily Long Pure Quantum ETF,Y
4117,QQA,Invesco QQQ Income Advantage ETF,Y
4118,QQDN,ProShares UltraShort QQQ Mega,Y
4119,QQEW,First Trust Nasdaq-100 Select Equal Weight ETF,Y
4120,QQHG,Invesco QQQ Hedged Advantage ETF,Y
4121,QQLV,Invesco QQQ Low Volatility ETF,Y
4122,QQMG,Invesco ESG NASDAQ 100 ETF,Y
4123,QQQ,"Invesco QQQ Trust, Series 1",Y
4124,QQQA,ProShares Nasdaq-100 Dorsey Wright Momentum ETF,Y
4125,QQQE,Direxion NASDAQ-100 Equal Weighted Index ETF,Y
4126,QQQG,Pacer Nasdaq 100 Top 50 Cash Cows Growth Leaders ETF,Y
4127,QQQH,NEOS Nasdaq-100 Hedged Equity Income ETF,Y
4128,QQQI,NEOS Nasdaq 100 High Income ETF,Y
4129,QQQJ,Invesco NASDAQ Next Gen 100 ETF,Y
4130,QQQM,Invesco NASDAQ 100 ETF,Y
4131,QQQP,Tradr 2X Long Innovation 100 Quarterly ETF,Y
4132,QQQS,Invesco NASDAQ Future Gen 200 ETF,Y
4133,QQQT,Defiance Nasdaq 100 Income Target ETF,Y
4134,QQQX,Nuveen NASDAQ 100 Dynamic Overwrite Fund - Closed End Fund,N
4135,QQQY,Defiance Nasdaq 100 Weekly Distribution ETF,Y
4136,QQUP,ProShares Ultra QQQ Mega,Y
4137,QQWZ,Pacer Cash COWZ 100-Nasdaq 100 Rotator ETF,Y
4138,QQXL,ProShares Ultra QQQ Top 30,Y
4139,QQXT,First Trust NASDAQ-100 Ex-Technology Sector Index Fund,Y
4140,QRHC,Quest Resource Holding Corporation - Common Stock,N
4141,QRMI,Global X NASDAQ 100 Risk Managed Income ETF,Y
4142,QRVO,"Qorvo, Inc. - Common Stock",N
4143,QS,QuantumScape Corporation - Common Stock,N
4144,QSEA,Quartzsea Acquisition Corporation - Ordinary Shares,N
4145,QSEAR,Quartzsea Acquisition Corporation - Rights,N
4146,QSEAU,Quartzsea Acquisition Corporation - Units,N
4147,QSI,Quantum-Si Incorporated - Class A Common Stock,N
4148,QSIX,Pacer Metaurus Nasdaq 100 Dividend Multiplier 600 ETF,Y
4149,QSML,WisdomTree U.S. SmallCap Quality Growth Fund,Y
4150,QTEC,First Trust NASDAQ-100-Technology Sector Index Fund,Y
4151,QTEX,QTREX Quantum Ltd. - Ordinary Shares,N
4152,QTI,"QT Imaging Holdings, Inc. - Common Stock",N
4153,QTOP,iShares Nasdaq Top 30 Stocks ETF,Y
4154,QTR,Global X NASDAQ 100 Tail Risk ETF,Y
4155,QTRX,Quanterix Corporation - Common Stock,N
4156,QTTB,Q32 Bio Inc. - Common Stock,N
4157,QTUM,Defiance Quantum ETF,Y
4158,QUBT,Quantum Computing Inc. - Common Stock,N
4159,QUCY,Quantum Cyber N.V. - Ordinary Shares,N
4160,QUIK,QuickLogic Corporation - Common Stock,N
4161,QUMS,Quantumsphere Acquisition Corp. - Ordinary Shares,N
4162,QUMSR,Quantumsphere Acquisition Corp. - Rights,N
4163,QUMSU,Quantumsphere Acquisition Corp. - Units,N
4164,QURE,uniQure N.V. - Ordinary Shares,N
4165,QVAL,Alpha Architect U.S. Quantitative Value ETF,Y
4166,QVCG,"QVC Group, Inc. - Common Stock",N
4167,QVOL,Infrastructure Capital Nasdaq Option Income ETF,Y
4168,QXL,Quantum X Labs Inc. - Common Stock,N
4169,QXQ,SGI Enhanced Nasdaq-100 ETF,Y
4170,QYLD,Global X NASDAQ 100 Covered Call ETF,Y
4171,QYLG,Global X Nasdaq 100 Covered Call & Growth ETF,Y
4172,RAA,SMI 3Fourteen REAL Asset Allocation ETF,Y
4173,RACC,Research Alliance Corporation III - Class A Ordinary Shares,N
4174,RACD,Research Alliance Corporation IV - Class A Ordinary Shares,N
4175,RADX,Radiopharm Theranostics Limited - American Depositary Shares,N
4176,RAIL,"Freightcar America, Inc. - Common Stock",N
4177,RAIN,"Rain Enhancement Technologies Holdco, Inc. - Class A Common Stock",N
4178,RAINW,"Rain Enhancement Technologies Holdco, Inc. - Warrants",N
4179,RAND,Rand Capital Corporation - Closed End Fund,N
4180,RANG,Range Capital Acquisition Corp. - Ordinary Shares,N
4181,RANGR,Range Capital Acquisition Corp. - Rights,N
4182,RANGU,Range Capital Acquisition Corp. - Units,N
4183,RANI,"Rani Therapeutics Holdings, Inc. - Class A Common Stock",N
4184,RAPP,"Rapport Therapeutics, Inc. - Common Stock",N
4185,RARE,Ultragenyx Pharmaceutical Inc. - Common Stock,N
4186,RAUS,RACWI US ETF,Y
4187,RAVE,"Rave Restaurant Group, Inc. - Common Stock",N
4188,RAY,Raytech Holding Limited - Ordinary Shares,N
4189,RAYA,Erayak Power Solution Group Inc. - Class A Ordinary Shares,N
4190,RBB,RBB Bancorp - Common Stock,N
4191,RBBN,Ribbon Communications Inc.  - Common Stock,N
4192,RBCAA,"Republic Bancorp, Inc. - Class A Common Stock",N
4193,RBIL,F/m Ultrashort Treasury Inflation-Protected Security (TIPS) ETF,Y
4194,RBKB,"Rhinebeck Bancorp, Inc. - Common Stock",N
4195,RBNE,Robin Energy Ltd. - Common Stock,N
4196,RCAT,"Red Cat Holdings, Inc. - Common Stock",N
4197,RCAX,Defiance Daily Target 2x Long RCAT ETF,Y
4198,RCBC,River City Bank - Common stock,N
4199,RCEL,"Avita Medical, Inc. - Common Stock",N
4200,RCGE,RockCreek Global Equality ETF,Y
4201,RCKT,"Rocket Pharmaceuticals, Inc. - Common Stock",N
4202,RCKTW,"Rocket Pharmaceuticals, Inc. - Warrant",N
4203,RCKY,"Rocky Brands, Inc. - Common Stock",N
4204,RCMT,"RCM Technologies, Inc. - Common Stock",N
4205,RCON,"Recon Technology, Ltd. - Class A Ordinary Shares",N
4206,RCT,RedCloud Holdings plc - Ordinary Shares,N
4207,RDAC,Rising Dragon Acquisition Corp. - Ordinary Shares,N
4208,RDACR,Rising Dragon Acquisition Corp. - Rights,N
4209,RDACU,Rising Dragon Acquisition Corp. - Unit,N
4210,RDAG,Republic Digital Acquisition Company - Class A Ordinary Shares,N
4211,RDAGU,Republic Digital Acquisition Company - Unit,N
4212,RDAGW,Republic Digital Acquisition Company - Warrants,N
4213,RDCM,Radcom Ltd. - Ordinary Shares,N
4214,RDGT,"Ridgetech, Inc. - Ordinary Shares",N
4215,RDHL,Redhill Biopharma Ltd. - American Depositary Shares,N
4216,RDI,Reading International Inc - Class A Non-voting Common Stock,N
4217,RDIB,Reading International Inc - Class B Voting Common Stock,N
4218,RDNT,"RadNet, Inc. - Common Stock",N
4219,RDNW,"RideNow Group, Inc. - Class B Common Stock",N
4220,RDTL,GraniteShares 2x Long RDDT Daily ETF,Y
4221,RDTY,YieldMax R2000 0DTE Covered Strategy ETF,Y
4222,RDVT,"Red Violet, Inc. - Common Stock ",N
4223,RDVY,First Trust Rising Dividend Achievers ETF,Y
4224,RDWR,Radware Ltd. - Ordinary Shares,N
4225,RDZN,"Roadzen, Inc. - Ordinary Shares",N
4226,RDZNW,"Roadzen, Inc. - Warrants",N
4227,REAI,Intelligent Real Estate ETF,Y
4228,REAL,"The RealReal, Inc. - Common Stock",N
4229,REAX,"The Real Brokerage, Inc. - Common Shares",N
4230,REBN,"Reborn Coffee, Inc. - Common Stock",N
4231,RECT,Rectitude Holdings Ltd - Ordinary Shares,N
4232,REFI,"Chicago Atlantic Real Estate Finance, Inc. - Common Stock",N
4233,REFR,Research Frontiers Incorporated - Common Stock,N
4234,REG,Regency Centers Corporation - Common Stock,N
4235,REGCO,Regency Centers Corporation - 5.875% Series B Cumulative Redeemable Preferred Stock,N
4236,REGCP,Regency Centers Corporation - 6.25% Series A Cumulative Redeemable Preferred Stock,N
4237,REGN,"Regeneron Pharmaceuticals, Inc. - Common Stock",N
4238,REIT,ALPS Active REIT ETF,Y
4239,REKR,"Rekor Systems, Inc. - Common Stock",N
4240,RELL,"Richardson Electronics, Ltd. - Common Stock",N
4241,RELY,"Remitly Global, Inc. - Common stock",N
4242,REMG,Russell Investments Emerging Markets Equity ETF,Y
4243,RENT,"Rent the Runway, Inc. - Class A Common Stock",N
4244,RENX,RenX Enterprises Corp. - Common Stock,N
4245,REPL,"Replimune Group, Inc. - Common Stock",N
4246,RETO,"ReTo Eco-Solutions, Inc. - Class A Shares",N
4247,REVB,"Revelation Biosciences, Inc. - Common Stock",N
4248,REVBW,"Revelation Biosciences, Inc. - Warrant",N
4249,REXC,Sprott Rare Earths Ex-China ETF,Y
4250,REYN,Reynolds Consumer Products Inc. - Common Stock,N
4251,RFAI,RF Acquisition Corp II - Ordinary Shares,N
4252,RFAIR,RF Acquisition Corp II - Right,N
4253,RFAIU,RF Acquisition Corp II - Unit,N
4254,RFAM,RF Acquisition Corp III - Ordinary Shares,N
4255,RFAMR,RF Acquisition Corp III - Rights,N
4256,RFAMU,RF Acquisition Corp III - Units,N
4257,RFDI,First Trust RiverFront Dynamic Developed International ETF,Y
4258,RFEM,First Trust RiverFront Dynamic Emerging Markets ETF,Y
4259,RFIL,"RF Industries, Ltd. - Common Stock",N
4260,RGC,Regencell Bioscience Holdings Limited - Ordinary Shares,N
4261,RGCO,RGC Resources Inc. - Common Stock,N
4262,RGEN,Repligen Corporation - Common Stock,N
4263,RGLD,"Royal Gold, Inc. - Common Stock",N
4264,RGLO,Russell Investments Global Equity ETF,Y
4265,RGNX,REGENXBIO Inc. - Common Stock,N
4266,RGP,"Resources Connection, Inc. - Common Stock",N
4267,RGS,Regis Corporation - Common Stock,N
4268,RGTI,"Rigetti Computing, Inc.  - Common stock",N
4269,RGTIW,"Rigetti Computing, Inc.  - Redeemable warrants, each whole warrant exercisable for one Class A ordinary share at an exercise price of $11.50",N
4270,RGTX,Defiance Daily Target 2X Long RGTI ETF,Y
4271,RGTZ,Defiance Daily Target 2x Short RGTI ETF,Y
4272,RGYY,GraniteShares YieldBoost RGTI ETF,Y
4273,RIBB,Ribbon Acquisition Corp - Class A Ordinary Shares,N
4274,RIBBR,Ribbon Acquisition Corp - Rights,N
4275,RIBBU,Ribbon Acquisition Corp - Unit,N
4276,RICK,"RCI Hospitality Holdings, Inc. - Common Stock",N
4277,RIFR,Russell Investments Global Infrastructure ETF,Y
4278,RIGL,"Rigel Pharmaceuticals, Inc. - Common Stock",N
4279,RILY,"BRC Group Holdings, Inc. - Common Stock",N
4280,RILYG,"BRC Group Holdings, Inc. - 5.00% Senior Notes due 2026",N
4281,RILYL,"BRC Group Holdings, Inc. - Depositary Shares, each representing a 1/1000th fractional interest in a share of Series B Cumulative Perpetual Preferred Stock",N
4282,RILYN,"BRC Group Holdings, Inc. - 6.50% Senior Notes Due 2026",N
4283,RILYP,"BRC Group Holdings, Inc. - Depositary Shares, each representing a 1/1000th fractional interest in a share of Series A Cumulative Perpetual Preferred Stock",N
4284,RILYT,"BRC Group Holdings, Inc. - 6.00% Senior Notes Due 2028",N
4285,RILYZ,"BRC Group Holdings, Inc. - 5.25% Senior Notes due 2028",N
4286,RIME,"Algorhythm Holdings, Inc. - Common Stock",N
4287,RING,iShares MSCI Global Gold Miners ETF,Y
4288,RINT,Russell Investments International Developed Equity ETF,Y
4289,RIOT,"Riot Platforms, Inc. - Common Stock",N
4290,RITR,Reitar Logtech Holdings Limited - Ordinary shares,N
4291,RIVN,"Rivian Automotive, Inc. - Class A Common Stock",N
4292,RJET,Republic Airways Holdings Inc. - Common Stock,N
4293,RKDA,"Arcadia Biosciences, Inc. - Common Stock",N
4294,RKLB,Rocket Lab Corporation - Common Stock,N
4295,RKLX,Defiance Daily Target 2X Long RKLB ETF,Y
4296,RKLZ,Defiance Daily Target 2x Short RKLB ETF,Y
4297,RKNG,Defiance Retail Kings ETF,Y
4298,RKTO,Rocket One Inc. - Common Stock,N
4299,RLAY,"Relay Therapeutics, Inc. - Common Stock",N
4300,RLMD,"Relmada Therapeutics, Inc. - Common Stock",N
4301,RLYB,Rallybio Corporation - Common Stock,N
4302,RMBI,"Richmond Mutual Bancorporation, Inc. - Common Stock",N
4303,RMBS,"Rambus, Inc. - Common Stock",N
4304,RMCF,"Rocky Mountain Chocolate Factory, Inc. - Common Stock",N
4305,RMCO,Royalty Management Holding Corporation - Class A Common Stock,N
4306,RMCOW,Royalty Management Holding Corporation - Warrant,N
4307,RMIX,"Suncrete, Inc. - Class A Common Stock",N
4308,RMNI,"Rimini Street, Inc. - Common Stock",N
4309,RMR,The RMR Group Inc. - Class A Common Stock,N
4310,RMSG,Real Messenger Corporation - Ordinary Shares,N
4311,RMSGW,Real Messenger Corporation - Warrants,N
4312,RMTI,"Rockwell Medical, Inc. - Common Stock",N
4313,RNA,"Atrium Therapeutics, Inc. - Common Stock",N
4314,RNAC,"Cartesian Therapeutics, Inc. - Common Stock",N
4315,RNAZ,"TransCode Therapeutics, Inc. - Common Stock",N
4316,RNEM,Emerging Markets Equity Select ETF,Y
4317,RNGT,Range Capital Acquisition Corp II - Class A Ordinary Shares,N
4318,RNGTU,Range Capital Acquisition Corp II - Units,N
4319,RNGTW,Range Capital Acquisition Corp II - Warrants,N
4320,RNIN,Bushido Capital US SMID Cap Equity ETF,Y
4321,RNRG,Global X Renewable Energy Producers ETF,Y
4322,RNTX,"Rein Therapeutics, Inc. - Common Stock",N
4323,RNW,ReNew Energy Global plc - Class A Shares,N
4324,RNWWW,ReNew Energy Global plc - Warrant,N
4325,RNXT,"RenovoRx, Inc. - Common Stock",N
4326,ROAD,"Construction Partners, Inc. - Common Stock",N
4327,ROBT,First Trust Nasdaq Artificial Intelligence and Robotics ETF,Y
4328,ROC,Rank One Computing Corporation - Common stock,N
4329,ROCK,"Gibraltar Industries, Inc. - Common Stock",N
4330,ROCQ,JPMorgan Nasdaq Equity Premium Yield ETF,Y
4331,ROCY,JPMorgan Equity Premium Yield ETF,Y
4332,ROE,Astoria US Equal Weight Quality Kings ETF,Y
4333,ROIV,Roivant Sciences Ltd. - Common Shares,N
4334,ROKU,"Roku, Inc. - Class A Common Stock",N
4335,ROMA,Roma Green Finance Limited - Class A Ordinary Shares,N
4336,ROOT,"Root, Inc. - Common Stock",N
4337,ROP,"Roper Technologies, Inc. - Common Stock",N
4338,ROST,"Ross Stores, Inc. - Common Stock",N
4339,RPAY,Repay Holdings Corporation - Class A Common Stock,N
4340,RPD,"Rapid7, Inc. - Common Stock",N
4341,RPGL,Republic Power Group Limited - Class A Ordinary Shares,N
4342,RPID,"Rapid Micro Biosystems, Inc. - Class A Common Stock",N
4343,RPRX,Royalty Pharma plc - Class A Ordinary Shares,N
4344,RR,Richtech Robotics Inc. - Class B Common Stock,N
4345,RRBI,"Red River Bancshares, Inc. - Common Stock",N
4346,RREV,RRE Ventures Acquisition Corp. - Class A Ordinary Shares,N
4347,RREVU,RRE Ventures Acquisition Corp. - Units,N
4348,RREVW,RRE Ventures Acquisition Corp. - Warrants,N
4349,RRGB,"Red Robin Gourmet Burgers, Inc. - Common Stock",N
4350,RRR,"Red Rock Resorts, Inc. - Class A Common Stock",N
4351,RSSS,"Research Solutions, Inc - Common Stock",N
4352,RSVR,"Reservoir Media, Inc.. - Common Stock",N
4353,RTAC,Renatus Tactical Acquisition Corp I - Class A Ordinary Shares,N
4354,RTACU,Renatus Tactical Acquisition Corp I - Unit,N
4355,RTACW,Renatus Tactical Acquisition Corp I - Warrant,N
4356,RTB,"RTB Digital, Inc. - Common Stock",N
4357,RTH,VanEck Retail ETF,Y
4358,RTXG,Leverage Shares 2X Long RTX Daily ETF,Y
4359,RTYY,GraniteShares YieldBoost RIOT ETF,Y
4360,RUBI,Rubico Inc. - Common Stock,N
4361,RUM,RUM Group Inc. - Class A Common Stock,N
4362,RUMBW,RUM Group Inc. - Warrant,N
4363,RUN,Sunrun Inc. - Common Stock,N
4364,RUNN,Running Oak Efficient Growth ETF,Y
4365,RUSC,Russell Investments U.S. Small Cap Equity ETF,Y
4366,RUSHA,"Rush Enterprises, Inc. - Class A Common Stock",N
4367,RUSHB,"Rush Enterprises, Inc. - Class B Common Stock",N
4368,RVMD,"Revolution Medicines, Inc. - Common Stock",N
4369,RVMDW,"Revolution Medicines, Inc. - Warrant",N
4370,RVNL,GraniteShares 2x Long RIVN Daily ETF,Y
4371,RVSB,Riverview Bancorp Inc - Common Stock,N
4372,RVSN,Rail Vision Ltd. - Ordinary Shares,N
4373,RVSNW,Rail Vision Ltd. - Warrant,N
4374,RWAY,Runway Growth Finance Corp. - Common Stock,N
4375,RWAYI,Runway Growth Finance Corp. - 7.25% Notes due 2031,N
4376,RWAYL,Runway Growth Finance Corp. - 7.50% Notes due 2027,N
4377,RWIN,Rayliant NxtGen Multifactor International Equity ETF,Y
4378,RXRX,"Recursion Pharmaceuticals, Inc. - Class A Common Stock",N
4379,RXST,"RxSight, Inc. - Common Stock",N
4380,RXT,"Rackspace Technology, Inc. - Common Stock",N
4381,RYAAY,"Ryanair Holdings plc - American Depositary Shares, each representing five Ordinary Shares",N
4382,RYET,Ruanyun Edai Technology Inc. - Ordinary shares,N
4383,RYM,"RYTHM, Inc. - Common Stock",N
4384,RYOJ,"rYojbaba Co., Ltd. - Common Shares",N
4385,RYTM,"Rhythm Pharmaceuticals, Inc. - Common Stock",N
4386,RZLT,"Rezolute, Inc. - Common Stock (NV)",N
4387,RZLV,Rezolve AI PLC - Ordinary Shares,N
4388,RZLVW,Rezolve AI PLC - Warrants,N
4389,SAAQ,Space Asset Acquisition Corp. - Class A Ordinary Shares,N
4390,SAAQU,Space Asset Acquisition Corp. - Units,N
4391,SAAQW,Space Asset Acquisition Corp. - Warrants,N
4392,SABR,Sabre Corporation - Common Stock,N
4393,SABS,"SAB Biotherapeutics, Inc. - Common Stock",N
4394,SABSW,"SAB Biotherapeutics, Inc. - Warrant",N
4395,SAFT,"Safety Insurance Group, Inc. - Common Stock",N
4396,SAFX,"XCF Global, Inc. - Class A Common Stock",N
4397,SAGT,SAGTEC GLOBAL LIMITED - Class A Ordinary shares,N
4398,SAIA,"Saia, Inc. - Common Stock",N
4399,SAIC,Science Applications International Corporation - Common Stock,N
4400,SAIH,SAIHEAT Limited - Class A Ordinary Shares,N
4401,SAIHW,SAIHEAT Limited - Warrant,N
4402,SAIL,"SailPoint, Inc. - Common Stock",N
4403,SAMG,Silvercrest Asset Management Group Inc. - Common Stock,N
4404,SANA,"Sana Biotechnology, Inc. - Common Stock",N
4405,SANG,Sangoma Technologies Corporation - Common Shares,N
4406,SANM,Sanmina Corporation - Common Stock,N
4407,SARK,Tradr 1X Short Innovation Daily ETF,Y
4408,SATA,"Strive, Inc. - Variable Rate Series A Perpetual Preferred Stock",N
4409,SATL,Satellogic Inc. - Class A Common Stock,N
4410,SATLW,Satellogic Inc. - Warrant,N
4411,SBAC,SBA Communications Corporation - Class A Common Stock,N
4412,SBC,SBC Medical Group Holdings Incorporated - Common Stock,N
4413,SBCF,Seacoast Banking Corporation of Florida - Common Stock,N
4414,SBCWW,SBC Medical Group Holdings Incorporated - Warrants,N
4415,SBET,"Sharplink, Inc. - Common Stock",N
4416,SBFG,"SB Financial Group, Inc. - Common Stock",N
4417,SBFM,Sunshine Biopharma Inc. - Common stock,N
4418,SBFMW,Sunshine Biopharma Inc. - Warrant,N
4419,SBGI,"Sinclair, Inc. - Class A Common Stock",N
4420,SBLK,Star Bulk Carriers Corp. - Common Shares,N
4421,SBRA,"Sabra Health Care REIT, Inc. - Common Stock",N
4422,SBUX,Starbucks Corporation - Common Stock,N
4423,SCA,GraniteShares Autocallable SMCI ETF,Y
4424,SCAG,Scage Future - American Depositary Shares,N
4425,SCAGW,Scage Future - Warrants,N
4426,SCDS,JPMorgan Fundamental Data Science Small Core ETF,Y
4427,SCHL,Scholastic Corporation - Common Stock,N
4428,SCII,SC II Acquisition Corp. - Class A ordinary share,N
4429,SCIIR,SC II Acquisition Corp. - Rights,N
4430,SCIIU,SC II Acquisition Corp. - Units,N
4431,SCKT,"Socket Mobile, Inc. - Common Stock",N
4432,SCLX,Scilex Holding Company - Common Stock,N
4433,SCLXW,Scilex Holding Company - Warrant,N
4434,SCNI,Scinai Immunotherapeutics Ltd. - American Depositary Shares,N
4435,SCNX,"Scienture Holdings, Inc. - Common Stock",N
4436,SCOR,"comScore, Inc. - Common Stock",N
4437,SCPQ,Social Commerce Partners Corporation - Class A Ordinary Shares,N
4438,SCPQU,Social Commerce Partners Corporation - Unit,N
4439,SCPQW,Social Commerce Partners Corporation - Warrant,N
4440,SCSC,"ScanSource, Inc. - Common Stock",N
4441,SCTX,Scribe Therapeutics Inc. - Common Stock,N
4442,SCWO,374Water Inc. - common stock,N
4443,SCYX,"SCYNEXIS, Inc. - Common Stock",N
4444,SCZ,iShares MSCI EAFE Small-Cap ETF,Y
4445,SCZM,Santacruz Silver Mining Ltd. - Common Shares,N
4446,SDA,SunCar Technology Group Inc. - Ordinary Shares,N
4447,SDAWW,SunCar Technology Group Inc. - Warrant,N
4448,SDG,iShares MSCI Global Sustainable Development Goals ETF,Y
4449,SDGR,"Schrodinger, Inc. - Common Stock",N
4450,SDHI,Siddhi Acquisition Corp - Class A Common stock,N
4451,SDHIR,Siddhi Acquisition Corp - Right,N
4452,SDHIU,Siddhi Acquisition Corp - Unit,N
4453,SDOT,Sadot Group Inc. - Common Stock,N
4454,SDSI,American Century Short Duration Strategic Income ETF,Y
4455,SDST,Stardust Power Inc. - Common Stock,N
4456,SDSTW,Stardust Power Inc. - Warrant,N
4457,SDTY,YieldMax S&P 500 0DTE Covered Call Strategy ETF,Y
4458,SDVY,First Trust SMID Cap Rising Dividend Achievers ETF,Y
4459,SEAT,Vivid Seats Inc. - Class A common stock,N
4460,SEATW,Vivid Seats Inc. - Warrant,N
4461,SEDG,"SolarEdge Technologies, Inc. - Common Stock",N
4462,SEED,Origin Agritech Limited - Ordinary Shares,N
4463,SEEM,SEI Select Emerging Markets Equity ETF,Y
4464,SEER,"Seer, Inc. - Class A Common Stock",N
4465,SEGG,Sports Entertainment Gaming Global Corporation  - Common Stock,N
4466,SEIC,SEI Investments Company - Common Stock,N
4467,SEIE,SEI Select International Equity ETF,Y
4468,SEIS,SEI Select Small Cap ETF,Y
4469,SELF,"Global Self Storage, Inc. - Common Stock",N
4470,SEMY,GraniteShares YieldBOOST Semiconductor ETF,Y
4471,SENEA,Seneca Foods Corp. - Class A Common Stock,N
4472,SENEB,Seneca Foods Corp. - Class B Common Stock,N
4473,SENS,"Senseonics Holdings, Inc. - Common Stock",N
4474,SEPN,"Septerna, Inc. - Common Stock",N
4475,SERA,"Sera Prognostics, Inc. - Class A Common Stock",N
4476,SERV,Serve Robotics Inc. - Common Stock,N
4477,SETM,Sprott Critical Materials ETF,Y
4478,SEUS,SEI QiM U.S. Equity Factor Allocation Active ETF,Y
4479,SEV,Aptera Motors Corp. - Class B Common Stock,N
4480,SEVN,Seven Hills Realty Trust  - Common Stock,N
4481,SEZL,Sezzle Inc. - Common Stock,N
4482,SFBC,"Sound Financial Bancorp, Inc. - Common Stock",N
4483,SFD,"Smithfield Foods, Inc. - Common Stock",N
4484,SFHG,Samfine Creation Holdings Group Limited - Class A Ordinary Share,N
4485,SFIX,"Stitch Fix, Inc. - Class A Common Stock",N
4486,SFLO,VictoryShares Small Cap Free Cash Flow ETF,Y
4487,SFM,"Sprouts Farmers Market, Inc. - Common Stock",N
4488,SFNC,Simmons First National Corporation - Common Stock,N
4489,SFST,"Southern First Bancshares, Inc. - Common Stock",N
4490,SFWL,Shengfeng Development Limited - Class A Ordinary Shares,N
4491,SGA,"Saga Communications, Inc. - Class A Common Stock",N
4492,SGC,"Superior Group of Companies, Inc. - Common Stock",N
4493,SGHT,"Sight Sciences, Inc. - Common Stock",N
4494,SGLY,Singularity Future Technology Ltd. - Common Stock,N
4495,SGML,Sigma Lithium Corporation - common shares,N
4496,SGMT,Sagimet Biosciences Inc. - Series A Common Stock,N
4497,SGP,"SpyGlass Pharma, Inc. - Common Stock",N
4498,SGRY,"Surgery Partners, Inc. - Common Stock",N
4499,SGVA,F/m Accumulator Ultrashort Treasury Fund,Y
4500,SHAZ,"SharonAI Holdings, Inc. - Class A Common Stock",N
4501,SHBI,"Shore Bancshares, Inc. - Common Stock",N
4502,SHC,Sotera Health Company - Common Stock,N
4503,SHEN,Shenandoah Telecommunications Co - Common Stock,N
4504,SHFS,"SHF Holdings, Inc. - Class A Common Stock",N
4505,SHFSW,"SHF Holdings, Inc. - Warrants",N
4506,SHIM,Shimmick Corporation - Common Stock,N
4507,SHIP,Seanergy Maritime Holdings Corp. - Common Stock,N
4508,SHLS,"Shoals Technologies Group, Inc. - Class A Common Stock",N
4509,SHMD,SCHMID Group N.V. - Class A Ordinary Shares,N
4510,SHMDW,SCHMID Group N.V. - Warrants,N
4511,SHOE,"Shoe Station Group, Inc. - Common Stock",N
4512,SHOO,"Steven Madden, Ltd. - Common Stock",N
4513,SHOP,Shopify Inc. - Class A Subordinate Voting Shares,N
4514,SHOT,RMG ML Sports Holdings - Class A Ordinary Shares,N
4515,SHOTR,RMG ML Sports Holdings - Rights,N
4516,SHOTU,RMG ML Sports Holdings - Unit,N
4517,SHPH,"Shuttle Pharmaceuticals Holdings, Inc. - common stock",N
4518,SHPU,Direxion Daily SHOP Bull 2X ETF,Y
4519,SHRY,First Trust Bloomberg Shareholder Yield ETF,Y
4520,SHY,iShares 1-3 Year Treasury Bond ETF,Y
4521,SIBN,"SI-BONE, Inc. - Common Stock",N
4522,SIDU,"Sidus Space, Inc. - Class A Common Stock",N
4523,SIEB,Siebert Financial Corp. - Common Stock,N
4524,SIFY,Sify Technologies Limited - American Depository Shares,N
4525,SIGA,SIGA Technologies Inc. - Common Stock,N
4526,SIGI,"Selective Insurance Group, Inc. - Common Stock",N
4527,SIGIP,"Selective Insurance Group, Inc. - Depositary Shares, each representing a 1/1,000th interest in a share of 4.60% Non-Cumulative Preferred Stock, Series B",N
4528,SILC,Silicom Ltd - Ordinary Shares,N
4529,SILO,"Silo Pharma, Inc. - Common Stock",N
4530,SIMA,SIM Acquisition Corp. I - Class A Ordinary Shares,N
4531,SIMAU,SIM Acquisition Corp. I - Unit,N
4532,SIMAW,SIM Acquisition Corp. I - Warrant,N
4533,SIMO,"Silicon Motion Technology Corporation - American Depositary Shares, each representing four ordinary shares",N
4534,SINT,"SiNtx Technologies, Inc. - Common Stock",N
4535,SION,"Sionna Therapeutics, Inc. - Common Stock",N
4536,SIRI,SiriusXM Holdings Inc. - Common Stock,N
4537,SITM,SiTime Corporation - Common Stock,N
4538,SJ,Scienjoy Holding Corporation - Class A Ordinary Shares,N
4539,SJCP,SanJac Alpha Core Plus Bond ETF,Y
4540,SJLD,SanJac Alpha Low Duration ETF,Y
4541,SKDD,GraniteShares 2x Short SK Hynix Daily ETF,Y
4542,SKHY,SK hynix Inc. - American Depositary Shares,N
4543,SKIN,SkinHealth Systems Inc. - Class A Common Stock,N
4544,SKK,SKK Holdings Limited - Class A Ordinary Shares,N
4545,SKOR,Northern Trust Credit-Scored US Corporate Bond ETF,Y
4546,SKRE,Tuttle Capital Daily 2X Inverse Regional Banks ETF,Y
4547,SKUU,GraniteShares 2x Long SK Hynix Daily ETF,Y
4548,SKWD,"Skyward Specialty Insurance Group, Inc. - Common Stock",N
4549,SKYA,"SkyAI, Inc. - Common Stock",N
4550,SKYAW,"SkyAI, Inc. - Warrant",N
4551,SKYE,"Skye Bioscience, Inc. - Common Stock",N
4552,SKYQ,Sky Quarry Inc. - Common Stock,N
4553,SKYU,ProShares Ultra Cloud Computing,Y
4554,SKYW,"SkyWest, Inc. - Common Stock",N
4555,SKYX,SKYX Platforms Corp. - Common Stock,N
4556,SKYY,First Trust Cloud Computing ETF,Y
4557,SLAB,"Silicon Laboratories, Inc. - Common Stock",N
4558,SLBT,SL Science Holding Limited - Ordinary Shares,N
4559,SLDB,Solid Biosciences Inc. - Common Stock,N
4560,SLDE,"Slide Insurance Holdings, Inc. - Common Stock",N
4561,SLDP,"Solid Power, Inc. - Class A Common Stock",N
4562,SLDPW,"Solid Power, Inc. - Warrant",N
4563,SLE,"Super League Enterprise, Inc. - Common Stock",N
4564,SLGB,Smart Logistics Global Limited - Class A Ordinary Shares,N
4565,SLGL,Sol-Gel Technologies Ltd. - Ordinary Shares,N
4566,SLM,SLM Corporation - Common Stock,N
4567,SLMBP,"SLM Corporation - Floating Rate Non-Cumulative Preferred Stock, Series B",N
4568,SLMT,Brera Holdings PLC - Class B Ordinary Shares,N
4569,SLN,Silence Therapeutics Plc - American Depository Share,N
4570,SLNG,"Stabilis Solutions, Inc. - Common Stock",N
4571,SLNH,"Soluna Holdings, Inc. - Common Stock",N
4572,SLNHP,"Soluna Holdings, Inc. - 9.0% Series A Cumulative Perpetual Preferred Stock",N
4573,SLP,"Simulations Plus, Inc. - Common Stock",N
4574,SLQD,iShares 0-5 Year Investment Grade Corporate Bond ETF,Y
4575,SLRC,SLR Investment Corp. - Closed End Fund,N
4576,SLS,"SELLAS Life Sciences Group, Inc.  - Common Stock",N
4577,SLSN,"Solesence, Inc. - Common stock",N
4578,SLVO,"ETRACS Silver Shares Covered Call ETNs due April 21, 2033",Y
4579,SLVR,Sprott Silver Miners & Physical Silver ETF,Y
4580,SLXN,Silexion Therapeutics Corp - Ordinary Shares,N
4581,SLXNW,Silexion Therapeutics Corp - Warrant,N
4582,SMBC,"Southern Missouri Bancorp, Inc. - Common Stock",N
4583,SMCF,Themes US Small Cap Cash Flow Champions ETF,Y
4584,SMCI,"Super Micro Computer, Inc. - Common Stock",N
4585,SMCIP,"Super Micro Computer, Inc. - Depositary Shares Each Representing a 1/20th Interest in a Share of 7% Series A Mandatory Convertible Preferred Stock",N
4586,SMCL,GraniteShares 2x Long SMCI Daily ETF,Y
4587,SMCO,Hilton Small-MidCap Opportunity ETF,Y
4588,SMCX,Defiance Daily Target 2X Long SMCI ETF,Y
4589,SMCZ,Defiance Daily Target 2X Short SMCI ETF,Y
4590,SMH,VanEck Semiconductor ETF,Y
4591,SMHC,VanEck China Semiconductor ETF,Y
4592,SMHX,VanEck Fabless Semiconductor ETF,Y
4593,SMID,Smith-Midland Corporation - Common Stock,N
4594,SMMT,Summit Therapeutics Inc.  - Common Stock,N
4595,SMOM,Symmetry Panoramic Sector Momentum ETF,Y
4596,SMPL,The Simply Good Foods Company - Common Stock,N
4597,SMRI,Bushido Capital US Equity ETF,Y
4598,SMSI,"Smith Micro Software, Inc. - Common Stock",N
4599,SMST,Defiance Daily Target 2x Short MSTR ETF,Y
4600,SMTC,Semtech Corporation - Common Stock,N
4601,SMTI,Sanara MedTech Inc. - Common Stock,N
4602,SMTK,"SmartKem, Inc. - Common Stock",N
4603,SMX,SMX (Security Matters) Public Limited Company - Ordinary Shares,N
4604,SMXT,Solarmax Technology Inc. - Common Stock,N
4605,SMXWW,SMX (Security Matters) Public Limited Company - Warrant,N
4606,SMYY,GraniteShares YieldBOOST SMCI ETF,Y
4607,SNAG,Leverage Shares 2x Long SNAP Daily ETF,Y
4608,SNAL,"Snail, Inc. - Class A Common Stock",N
4609,SND,"Smart Sand, Inc. - Common Stock",N
4610,SNDK,Sandisk Corporation - Common Stock When-Issued,N
4611,SNDL,SNDL Inc. - Common Shares,N
4612,SNDX,"Syndax Pharmaceuticals, Inc. - Common Stock",N
4613,SNES,"SenesTech, Inc. - Common Stock",N
4614,SNEX,StoneX Group Inc. - Common Stock,N
4615,SNFCA,Security National Financial Corporation - Class A Common Stock,N
4616,SNGX,"Soligenix, Inc. - Common Stock",N
4617,SNOA,"Sonoma Pharmaceuticals, Inc. - Common Stock",N
4618,SNPS,"Synopsys, Inc. - Common Stock",N
4619,SNSR,Global X Internet of Things ETF,Y
4620,SNT,Senstar Technologies Corporation - Common Shares,N
4621,SNTG,Sentage Holdings Inc. - Class A Ordinary Shares,N
4622,SNTI,"Senti Biosciences Holdings, Inc. - Common Stock",N
4623,SNWV,"SANUWAVE Health, Inc. - Common Stock",N
4624,SNY,Sanofi - American Depositary Shares,N
4625,SNYR,Synergy CHC Corp. - Common Stock,N
4626,SOBR,"SOBR Safe, Inc. - Common Stock",N
4627,SOCA,Solarius Capital Acquisition Corp. - Class A Ordinary Share,N
4628,SOCAU,Solarius Capital Acquisition Corp. - Units,N
4629,SOCAW,Solarius Capital Acquisition Corp. - Warrant,N
4630,SOCL,Global X Social Media ETF,Y
4631,SOFA,Direxion Daily SOFI Bull 2X ETF,Y
4632,SOFI,"SoFi Technologies, Inc.  - Common Stock",N
4633,SOFX,Defiance Daily Target 2X Long SOFI ETF,Y
4634,SOGP,Sound Group Inc. - American Depositary Shares,N
4635,SOHU,Sohu.com Limited  - American Depositary Shares,N
4636,SOLC,Canary Marinade Solana ETF,Y
4637,SOLS,Solstice Advanced Materials Inc. - Common Stock,N
4638,SOLT,2x Solana ETF,Y
4639,SOLZ,Solana ETF,Y
4640,SONM,"DNA X, Inc. - Common Stock",N
4641,SONO,"Sonos, Inc. - Common Stock",N
4642,SOPH,SOPHiA GENETICS SA - Ordinary Shares,N
4643,SORA,AsiaStrategy - Ordinary Shares,N
4644,SORN,Soren Acquisition Corp. - Class A Ordinary Shares,N
4645,SORNU,Soren Acquisition Corp. - Unit,N
4646,SORNW,Soren Acquisition Corp. - Warrant,N
4647,SOTK,Sono-Tek Corporation - Common Stock,N
4648,SOUN,"SoundHound AI, Inc. - Class A Common Stock",N
4649,SOUNW,"SoundHound AI, Inc. - Warrant",N
4650,SOUX,Defiance Daily Target 2X Long SOUN ETF,Y
4651,SOWG,Sow Good Inc. - Common Stock,N
4652,SOXQ,Invesco PHLX Semiconductor ETF,Y
4653,SOXX,iShares PHLX SOX Semiconductor Sector Index Fund,Y
4654,SPAI,Safe Pro Group Inc. - Common Stock,N
4655,SPAM,Themes Cybersecurity ETF,Y
4656,SPAQ,Horizon Kinetics SPAC Active ETF,Y
4657,SPBC,Simplify US Equity PLUS Bitcoin Strategy ETF,Y
4658,SPCB,"SuperCom, Ltd. - Ordinary Shares",N
4659,SPCK,SPAC and New Issue ETF,Y
4660,SPCT,Liberty One Spectrum ETF,Y
4661,SPCX,Space Exploration Technologies Corp. - Class A Common Stock,N
4662,SPEG,Silver Pegasus Acquisition Corp - Class A Ordinary Shares,N
4663,SPEGR,Silver Pegasus Acquisition Corp - Rights,N
4664,SPEGU,Silver Pegasus Acquisition Corp - Unit,N
4665,SPFI,"South Plains Financial, Inc. - Common Stock",N
4666,SPHL,Springview Holdings Ltd - Ordinary shares,N
4667,SPIT,F/m Emerald Special Situations ETF,Y
4668,SPKL,Spark I Acquisition Corp. - Class A Ordinary Share,N
4669,SPKLU,Spark I Acquisition Corp. - Unit,N
4670,SPKLW,Spark I Acquisition Corp. - Warrant,N
4671,SPOG,Leverage Shares 2X Long SPOT Daily ETF,Y
4672,SPOK,"Spok Holdings, Inc. - Common Stock",N
4673,SPPL,SIMPPLE LTD. - Ordinary Shares,N
4674,SPRB,"Spruce Biosciences, Inc. - Common Stock",N
4675,SPRC,SciSparc Ltd. - Ordinary Shares,N
4676,SPRO,"Spero Therapeutics, Inc. - Common Stock",N
4677,SPRX,Spear Alpha ETF,Y
4678,SPRY,"ARS Pharmaceuticals, Inc. - Common Stock",N
4679,SPSC,"SPS Commerce, Inc. - Common Stock",N
4680,SPT,"Sprout Social, Inc - Class A Common Stock",N
4681,SPTX,"Seaport Therapeutics, Inc. - Common Stock",N
4682,SPWH,"Sportsman's Warehouse Holdings, Inc. - Common Stock",N
4683,SPWR,SunPower Inc. - Common Stock,N
4684,SPWRW,SunPower Inc. - Warrant,N
4685,SPXD,Xtrackers S&P 500 Diversified Sector Weight ETF,Y
4686,SPYQ,Tradr 2X Long SPY Quarterly ETF,Y
4687,SQFT,"Presidio Property Trust, Inc. - Class A Common Stock",N
4688,SQFTP,"Presidio Property Trust, Inc. - 9.375% Series D Cumulative Redeemable Perpetual Preferred Stock, $0.01 par value per share",N
4689,SQFTW,"Presidio Property Trust, Inc. - Series A Common Stock Purchase Warrants",N
4690,SQLV,Royce Quant Small-Cap Quality Value ETF,Y
4691,SQQQ,ProShares UltraPro Short QQQ,Y
4692,SQS,Sapient Quality Select ETF,Y
4693,SRAD,Sportradar Group AG - Class A Ordinary Shares,N
4694,SRBK,"SR Bancorp, Inc. - Common stock",N
4695,SRCE,1st Source Corporation - Common Stock,N
4696,SRET,Global X SuperDividend REIT ETF,Y
4697,SRPT,"Sarepta Therapeutics, Inc. - Common Stock",N
4698,SRRK,Scholar Rock Holding Corporation - Common Stock,N
4699,SRTA,"Strata Critical Medical, Inc. - Class A Common Stock",N
4700,SRTS,"Sensus Healthcare, Inc. - Common Stock",N
4701,SRZN,"Surrozen, Inc. - Common Stock",N
4702,SSAC,SPACSphere Acquisition Corp. - Class A Ordinary Shares,N
4703,SSACR,SPACSphere Acquisition Corp. - Rights,N
4704,SSACU,SPACSphere Acquisition Corp. - Unit,N
4705,SSACW,SPACSphere Acquisition Corp. - Warrant,N
4706,SSBI,Summit State Bank - Common Stock,N
4707,SSEA,Starry Sea Acquisition Corp - Ordinary Shares,N
4708,SSEAR,Starry Sea Acquisition Corp - Rights,N
4709,SSEAU,Starry Sea Acquisition Corp - Unit,N
4710,SSII,SS Innovations International Inc. - Common Stock,N
4711,SSM,Sono Group N.V. - Ordinary Shares,N
4712,SSNC,"SS&C Technologies Holdings, Inc. - Common Stock",N
4713,SSP,E.W. Scripps Company (The) - Class A Common Stock,N
4714,SSRM,SSR Mining Inc. - Common Stock,N
4715,SSS,CYBER HORNET S&P 500 and Solana 75/25 Strategy ETF,Y
4716,SSTI,"SoundThinking, Inc. - Common Stock",N
4717,SSYS,"Stratasys, Ltd. - Common Stock",N
4718,STAA,STAAR Surgical Company - Common Stock,N
4719,STAK,STAK Inc. - Class A Ordinary Shares,N
4720,STBA,"S&T Bancorp, Inc. - Common Stock",N
4721,STEP,StepStone Group Inc. - Class A Common Stock,N
4722,STEX,Streamex Corp. - Common Stock,N
4723,STFS,Star Fashion Culture Holdings Limited - Class A Ordinary Shares,N
4724,STGW,Stagwell Inc. - Class A Common Stock,N
4725,STHO,Star Holdings - Shares of Beneficial Interest,N
4726,STI,"Solidion Technology, Inc. - Common Stock",N
4727,STIM,"Neuronetics, Inc. - Common Stock",N
4728,STKE,Sol Strategies Inc. - Common Shares,N
4729,STKH,Steakholder Foods Ltd. - American Depositary Shares,N
4730,STKS,"The ONE Group Hospitality, Inc. - Common Stock",N
4731,STLD,"Steel Dynamics, Inc. - Common Stock",N
4732,STLN,"Starling Oncology, Inc. - Common Stock",N
4733,STLNW,"Starling Oncology, Inc. - Warrant",N
4734,STNC,Hennessy Sustainable ETF,Y
4735,STNE,StoneCo Ltd. - Class A Common Share,N
4736,STOK,"Stoke Therapeutics, Inc. - Common Stock",N
4737,STRA,"Strategic Education, Inc. - Common Stock",N
4738,STRC,Strategy Inc - Variable Rate Series A Perpetual Stretch Preferred Stock,N
4739,STRD,Strategy Inc - 10.00% Series A Perpetual Stride Preferred Stock,N
4740,STRF,Strategy Inc - 10.00% Series A Perpetual Strife Preferred Stock,N
4741,STRK,Strategy Inc - 8.00% Series A Perpetual Strike Preferred Stock,N
4742,STRL,"Sterling Infrastructure, Inc. - Common Stock",N
4743,STRO,"Sutro Biopharma, Inc. - Common Stock",N
4744,STRR,"Star Equity Holdings, Inc. - Common Stock",N
4745,STRRP,"Star Equity Holdings, Inc. - 10% Series A Cumulative Perpetual Preferred Stock",N
4746,STRT,STRATTEC SECURITY CORPORATION - Common Stock,N
4747,STRZ,Starz Entertainment Corp. - Common Shares,N
4748,STTK,"Shattuck Labs, Inc. - Common Stock",N
4749,STX,Seagate Technology Holdings PLC - Ordinary Shares (Ireland),N
4750,SUGP,SU Group Holdings Limited - Class A Ordinary Shares,N
4751,SUIG,Sui Group Holdings Limited - Common Stock,N
4752,SUIS,Canary Staked SUI ETF,Y
4753,SUJA,"Suja Life, Inc. - Class A Common Stock",N
4754,SUMA,SUMA Acquisition Corporation - Class A Ordinary Shares,N
4755,SUMAR,SUMA Acquisition Corporation - Rights,N
4756,SUMAU,SUMA Acquisition Corporation - Units,N
4757,SUNE,"SUNation Energy, Inc. - Common Stock",N
4758,SUNS,"Sunrise Realty Trust, Inc. - Common Stock",N
4759,SUPN,"Supernus Pharmaceuticals, Inc. - Common Stock",N
4760,SUPP,TCW Transform Supply Chain ETF,Y
4761,SUPX,SuperX AI Technology Limited - Ordinary Shares,N
4762,SURG,"SurgePays, Inc. - Common Stock",N
4763,SUSB,iShares ESG Aware 1-5 Year USD Corporate Bond ETF,Y
4764,SUSC,iShares ESG Aware USD Corporate Bond ETF,Y
4765,SUSL,iShares ESG MSCI USA Leaders ETF,Y
4766,SVA,"Sinovac Biotech, Ltd. - Ordinary Shares (Antigua/Barbudo)",N
4767,SVAQ,Silicon Valley Acquisition Corp. - Class A Ordinary Shares,N
4768,SVAQU,Silicon Valley Acquisition Corp. - Units,N
4769,SVAQW,Silicon Valley Acquisition Corp. - Warrants,N
4770,SVC,Service Properties Trust - Common Shares of Beneficial Interest,N
4771,SVCC,Stellar V Capital Corp. - Class A Ordinary Shares,N
4772,SVCCU,Stellar V Capital Corp. - Unit,N
4773,SVCCW,Stellar V Capital Corp. - Warrant,N
4774,SVCO,"Silvaco Group, Inc. - Common Stock",N
4775,SVIV,Spring Valley Acquisition Corp. IV - Class A Ordinary Shares,N
4776,SVIVU,Spring Valley Acquisition Corp. IV - Units,N
4777,SVIVW,Spring Valley Acquisition Corp. IV - Warrants,N
4778,SVRA,"Savara, Inc. - Common Stock",N
4779,SVRE,SaverOne 2014 Ltd. - American Depositary Shares,N
4780,SVREW,SaverOne 2014 Ltd. - Warrant,N
4781,SVRN,OceanPal Inc. - Common Stock,N
4782,SWAG,"Stran & Company, Inc. - Common Stock",N
4783,SWAGW,"Stran & Company, Inc. - Warrant",N
4784,SWBI,"Smith & Wesson Brands, Inc. - Common Stock",N
4785,SWIM,"Latham Group, Inc. - Common Stock",N
4786,SWKHL,SWK Holdings Corporation - 9.00% Senior Notes due 2027,N
4787,SWKS,"Skyworks Solutions, Inc. - Common Stock",N
4788,SWMR,"Swarmer, Inc - common stock",N
4789,SWP,SWP Growth & Income ETF,Y
4790,SWVL,Swvl Holdings Corp - Ordinary Shares,N
4791,SWVLW,Swvl Holdings Corp - Warrant,N
4792,SXTC,"China SXT Pharmaceuticals, Inc. - Class A Ordinary Shares",N
4793,SXTP,"60 Degrees Pharmaceuticals, Inc. - Common Stock",N
4794,SXTPW,"60 Degrees Pharmaceuticals, Inc. - Warrant",N
4795,SY,So-Young International Inc. - American Depository Shares,N
4796,SYBT,"Stock Yards Bancorp, Inc. - Common Stock",N
4797,SYM,Symbotic Inc. - Class A Common Stock,N
4798,SYNA,Synaptics Incorporated - Common Stock,N
4799,SYPR,"Sypris Solutions, Inc. - Common Stock",N
4800,SYRE,"Spyre Therapeutics, Inc. - Common Stock",N
4801,SYZ,Lazard US Systematic Small Cap Equity ETF,Y
4802,SZZL,Sizzle Acquisition Corp. II - Class A ordinary shares,N
4803,SZZLR,Sizzle Acquisition Corp. II - Right,N
4804,SZZLU,Sizzle Acquisition Corp. II - Unit,N
4805,TACH,Titan Acquisition Corp. - Class A Ordinary Shares,N
4806,TACHU,Titan Acquisition Corp. - Units,N
4807,TACHW,Titan Acquisition Corp. - Warrants,N
4808,TACO,Berto Acquisition Corp. - Ordinary Shares,N
4809,TACOU,Berto Acquisition Corp. - unit,N
4810,TACOW,Berto Acquisition Corp. - Warrant,N
4811,TACT,TransAct Technologies Incorporated - Common Stock,N
4812,TANH,Tantech Holdings Ltd. - Class A Common Shares,N
4813,TAOP,Taoping Inc. - Ordinary Shares,N
4814,TAOX,Tao Synergies Inc. - Common Stock,N
4815,TAOZ,Thornburg American Opportunities Fund,Y
4816,TARA,"Protara Therapeutics, Inc.  - Common Stock",N
4817,TARK,Tradr 2X Long Innovation ETF,Y
4818,TARS,"Tarsus Pharmaceuticals, Inc. - Common Stock",N
4819,TASK,"TaskUs, Inc. - Class A Common Stock",N
4820,TATT,TAT Technologies Ltd. - Ordinary Shares,N
4821,TAVI,Tavia Acquisition Corp. - Ordinary Shares,N
4822,TAVIR,Tavia Acquisition Corp. - Right,N
4823,TAVIU,Tavia Acquisition Corp. - Unit,N
4824,TAX,Cambria Tax Aware ETF,Y
4825,TAXE,Intermediate Municipal Income ETF,Y
4826,TAXI,Northern Trust Intermediate Tax-Exempt Bond ETF,Y
4827,TAXS,Northern Trust Short-Term Tax-Exempt Bond ETF,Y
4828,TAXT,Northern Trust Tax-Exempt Bond ETF,Y
4829,TAYD,"Taylor Devices, Inc. - Common Stock",N
4830,TBBK,"The Bancorp, Inc. - Common Stock",N
4831,TBCH,Turtle Beach Corporation - Common Stock,N
4832,TBCVU,"Thunder Bridge Capital Partners V, Ltd. - Units",N
4833,TBIL,F/m US Treasury 3 Month Bill Fund,Y
4834,TBLA,Taboola.com Ltd. - Ordinary Shares,N
4835,TBLD,Thornburg Income Builder Opportunities Trust - Closed End Fund,N
4836,TBPH,"Theravance Biopharma, Inc. - Ordinary Shares",N
4837,TC,Token Cat Limited - American Depositary Shares,N
4838,TCAN,21Shares Canton Network ETF,Y
4839,TCBI,"Texas Capital Bancshares, Inc. - Common Stock",N
4840,TCBIO,"Texas Capital Bancshares, Inc. - Depositary Shares 5.75% Fixed Rate Non-Cumulative Perpetual Preferred Stock Series B",N
4841,TCBK,TriCo Bancshares - Common Stock,N
4842,TCBS,"Texas Community Bancshares, Inc. - Common Stock",N
4843,TCGX,TCGX Acquisition Corp. - Class A Ordinary Shares,N
4844,TCHI,iShares MSCI China Multisector Tech ETF,Y
4845,TCMD,"Tactile Systems Technology, Inc. - Common Stock",N
4846,TCOM,Trip.com Group Limited - American Depositary Shares,N
4847,TCPC,BlackRock TCP Capital Corp. - Closed End Fund,N
4848,TCRT,"Alaunos Therapeutics, Inc. - Common Stock",N
4849,TCRX,"TScan Therapeutics, Inc. - Common Stock",N
4850,TCX,Tucows Inc. - Common Stock,N
4851,TDAC,Translational Development Acquisition Corp. - Ordinary Shares,N
4852,TDACU,Translational Development Acquisition Corp. - Units,N
4853,TDACW,Translational Development Acquisition Corp. - Warrants,N
4854,TDCL,GraniteShares 2x Long TDC Daily ETF,Y
4855,TDI,Touchstone Dynamic International ETF,Y
4856,TDIC,Dreamland Limited - Class A Ordinary Shares,N
4857,TDIV,First Trust NASDAQ Technology Dividend Index Fund,Y
4858,TDOG,21shares Dogecoin ETF,Y
4859,TDOT,21shares Polkadot ETF,Y
4860,TDSB,ETC Cabana Target Beta ETF,Y
4861,TDSC,ETC Cabana Target Drawdown 10 ETF,Y
4862,TDTH,Trident Digital Tech Holdings Ltd - Class B Ordinary Shares,N
4863,TDUP,ThredUp Inc. - Class A Common Stock,N
4864,TDWD,Tailwind 2.0 Acquisition Corp. - Class A Ordinary Shares,N
4865,TDWDR,Tailwind 2.0 Acquisition Corp. - Rights,N
4866,TDWDU,Tailwind 2.0 Acquisition Corp. - Unit,N
4867,TEAD,Teads Holding Co. - Common Stock,N
4868,TEAM,Atlassian Corporation  - Class A Common Stock,N
4869,TECH,Bio-Techne Corp - Common Stock,N
4870,TECX,"Tectonic Therapeutic, Inc. - Common Stock",N
4871,TECY,GraniteShares YieldBOOST Technology ETF,Y
4872,TEKX,State Street Galaxy Transformative Tech Accelerators ETF,Y
4873,TEKY,Lazard Next Gen Technologies ETF,Y
4874,TELA,"TELA Bio, Inc. - Common stock",N
4875,TELO,"Telomir Pharmaceuticals, Inc. - Common Stock",N
4876,TEM,"Tempus AI, Inc. - Class A Common Stock",N
4877,TENB,"Tenable Holdings, Inc. - Common Stock",N
4878,TENX,"Tenax Therapeutics, Inc. - Common Stock",N
4879,TER,"Teradyne, Inc. - Common Stock",N
4880,TERG,Leverage Shares 2X Long TER Daily ETF,Y
4881,TEXN,iShares Texas Equity ETF,Y
4882,TEXX,Horizon Kinetics Texas ETF,Y
4883,TFGZ,Thornburg Focus Growth Fund,Y
4884,TFNS,T. Rowe Price Financials ETF,Y
4885,TFSL,TFS Financial Corporation - Common Stock,N
4886,TGHL,The GrowHub Limited - Class A Ordinary Shares,N
4887,TGL,Treasure Global Inc. - Common Stock,N
4888,TGTX,"TG Therapeutics, Inc. - Common Stock",N
4889,TH,Target Hospitality Corp. - Common Stock,N
4890,THCH,TH International Limited - Ordinary shares,N
4891,THEO,BOA Acquisition Corp. II - Class A Ordinary Shares,N
4892,THEOR,BOA Acquisition Corp. II - Rights,N
4893,THEOU,BOA Acquisition Corp. II - Units,N
4894,THFF,First Financial Corporation  - Common Stock,N
4895,THH,TryHard Holdings Limited - Ordinary Shares,N
4896,THMZ,Lazard Equity Megatrends ETF,Y
4897,THRM,Gentherm Inc - Common Stock,N
4898,THRV,Prospera Income ETF,Y
4899,THRY,"Thryv Holdings, Inc. - Common Stock",N
4900,THYM,T. Rowe Price High Income Municipal ETF,Y
4901,THYP,21shares Hyperliquid ETF,Y
4902,TIGO,Millicom International Cellular S.A. - Common Stock,N
4903,TIGR,UP Fintech Holding Limited - American Depositary Shares representing fifteen Class A Ordinary Shares,N
4904,TIH,The Investment House ETF,Y
4905,TIL,"Instil Bio, Inc. - Common Stock",N
4906,TILC,Thrivent International Large Cap ETF,Y
4907,TILE,"Interface, Inc. - Common Stock",N
4908,TIPT,Tiptree Inc. - Common Stock,N
4909,TISC,Thrivent International Small Cap ETF,Y
4910,TITN,Titan Machinery Inc. - Common Stock,N
4911,TJGC,TJGC Group Limited - Class A Ordinary Shares,N
4912,TKLF,"Tokyo Lifestyle Co., Ltd. - American Depositary Shares",N
4913,TKNO,"Alpha Teknova, Inc. - Common Stock",N
4914,TKNS,21Shares Active Crypto ETF,Y
4915,TLA,GraniteShares Autocallable TSLA ETF,Y
4916,TLF,"Tandy Leather Factory, Inc. - common stock",N
4917,TLG,Touchstone Large Company Growth ETF,Y
4918,TLIH,Ten-League International Holdings Limited - Ordinary Shares,N
4919,TLN,Talen Energy Corporation - Common Stock,N
4920,TLNC,Talon Capital Corp. - Class A Ordinary Shares,N
4921,TLNCU,Talon Capital Corp. - Units,N
4922,TLNCW,Talon Capital Corp. - Warrants,N
4923,TLPH,"Talphera, Inc. - Common Stock",N
4924,TLRY,"Tilray Brands, Inc. - Common Stock",N
4925,TLS,Telos Corporation - Common Stock,N
4926,TLSA,Tiziana Life Sciences Ltd - Common Shares,N
4927,TLSI,"TriSalus Life Sciences, Inc. - Common Stock",N
4928,TLSIW,"TriSalus Life Sciences, Inc. - Warrant",N
4929,TLT,iShares 20+ Year Treasury Bond ETF,Y
4930,TLX,Telix Pharmaceuticals Limited - American Depositary Shares,N
4931,TMB,Thornburg Multi Sector Bond ETF,Y
4932,TMC,TMC the metals company Inc. - Common Stock,N
4933,TMCI,"Treace Medical Concepts, Inc. - Common Stock",N
4934,TMCR,The Metals Royalty Company Inc. - Common Stock,N
4935,TMCWW,TMC the metals company Inc. - Warrant,N
4936,TMDX,"TransMedics Group, Inc. - Common Stock",N
4937,TMED,T. Rowe Price Health Care ETF,Y
4938,TMNL,T. Rowe Price Long Municipal Income ETF,Y
4939,TMNS,T. Rowe Price Short Municipal Income ETF,Y
4940,TMS,Teamshares Inc. - Common Stock,N
4941,TMSF,T. Rowe Price Multi-Sector Income ETF,Y
4942,TMSWW,Teamshares Inc. - Warrants,N
4943,TMTS,Spartacus Acquisition Corp. II - Class A Ordinary Shares,N
4944,TMTSU,Spartacus Acquisition Corp. II - Unit,N
4945,TMTSW,Spartacus Acquisition Corp. II - Warrants,N
4946,TMUS,"T-Mobile US, Inc. - Common Stock",N
4947,TMUSI,"T-Mobile US, Inc. - 5.500% Senior Notes due June 2070",N
4948,TMUSL,"T-Mobile US, Inc. - 6.250% Senior Notes due 2069",N
4949,TMUSZ,"T-Mobile US, Inc. - 5.500% Senior Notes due March 2070",N
4950,TMYY,GraniteShares YieldBOOST TSM ETF,Y
4951,TNDM,"Tandem Diabetes Care, Inc. - Common Stock",N
4952,TNGX,"Tango Therapeutics, Inc. - Common Stock",N
4953,TNMG,TNL Mediagene - Ordinary Shares,N
4954,TNON,"Tenon Medical, Inc. - Common Stock",N
4955,TNONW,"Tenon Medical, Inc. - Warrant",N
4956,TNXP,Tonix Pharmaceuticals Holding Corp. - Common Stock,N
4957,TNXT,T. Rowe Price Innovation Leaders ETF,Y
4958,TNYA,"Tenaya Therapeutics, Inc. - Common Stock",N
4959,TOMZ,"TOMI Environmental Solutions, Inc. - Common Stock",N
4960,TONX,TON Strategy Company - Common Stock,N
4961,TOP,TOP Financial Group Limited - Class A Ordinary Shares,N
4962,TORO,Toro Corp. - Common stock,N
4963,TOUR,Tuniu Corporation - American Depositary Shares,N
4964,TOWN,Towne Bank - Common Stock,N
4965,TOYO,"TOYO Co., Ltd - Ordinary Shares",N
4966,TPCS,TechPrecision Corporation - Common stock,N
4967,TPG,TPG Inc. - Class A Common Stock,N
4968,TPGXL,TPG Inc. - 6.950% Fixed-Rate Junior Subordinated Notes due 2064,N
4969,TPLS,Thornburg Core Plus Bond ETF,Y
4970,TPST,"Tempest Therapeutics, Inc. - Common Stock",N
4971,TQQQ,ProShares UltraPro QQQ,Y
4972,TQQY,GraniteShares YieldBOOST QQQ ETF,Y
4973,TRAW,"Traws Pharma, Inc. - Common Stock",N
4974,TRAX,"First Tracks Biotherapeutics, Inc. - Ordinary Shares",N
4975,TRBF,Angel Oak Total Return ETF,Y
4976,TRDA,"Entrada Therapeutics, Inc. - Common Stock",N
4977,TREE,"LendingTree, Inc. - Common Stock",N
4978,TREO,Tactical Resources Corp. - Common Shares,N
4979,TRGS,TRG Latin America Acquisitions Corp. - Class A Ordinary Shares,N
4980,TRGSR,TRG Latin America Acquisitions Corp. - Rights,N
4981,TRGSU,TRG Latin America Acquisitions Corp. - Units,N
4982,TRI,Thomson Reuters Corp - Common Shares,N
4983,TRIB,Trinity Biotech plc - American Depositary Shares,N
4984,TRIP,"TripAdvisor, Inc. - Common Stock",N
4985,TRMB,Trimble Inc. - Common Stock,N
4986,TRMD,TORM plc - Class A Common Stock,N
4987,TRMK,Trustmark Corporation - Common Stock,N
4988,TRNR,Interactive Strength Inc. - Common Stock,N
4989,TRNS,"Transcat, Inc. - Common Stock",N
4990,TRON,Tron Inc. - Common Stock,N
4991,TROO,"TROOPS, Inc.  - Ordinary Shares",N
4992,TROW,"T. Rowe Price Group, Inc. - Common Stock",N
4993,TRS,TriMas Corporation - Common Stock,N
4994,TRSG,Tungray Technologies Inc - Class A Ordinary Shares,N
4995,TRST,TrustCo Bank Corp NY - Common Stock,N
4996,TRUC,VanEck Communication Services TruSector ETF,Y
4997,TRUD,VanEck Consumer Discretionary TruSector ETF,Y
4998,TRUF,VanEck Financials TruSector ETF,Y
4999,TRUG,"TruGolf Holdings, Inc. - Class A Common Stock",N
5000,TRUH,VanEck Healthcare TruSector ETF,Y
5001,TRUI,VanEck Industrials TruSector ETF,Y
5002,TRUM,VanEck Materials TruSector ETF,Y
5003,TRUN,VanEck Energy TruSector ETF,Y
5004,TRUO,VanEck Consumer Staples TruSector ETF,Y
5005,TRUP,"Trupanion, Inc. - Common Stock",N
5006,TRUR,VanEck Real Estate TruSector ETF,Y
5007,TRUT,VanEck Technology TruSector ETF,Y
5008,TRUU,VanEck Utilities TruSector ETF,Y
5009,TRVG,trivago N.V. - American Depositary Shares,N
5010,TRVI,"Trevi Therapeutics, Inc. - Common Stock",N
5011,TSAT,Telesat Corporation - Class A Common Shares and Class B Variable Voting Shares,N
5012,TSBK,"Timberland Bancorp, Inc. - Common Stock",N
5013,TSCM,TimesSquare Quality Mid Cap Growth ETF,Y
5014,TSCO,Tractor Supply Company - Common Stock,N
5015,TSDD,GraniteShares 2x Short TSLA Daily ETF,Y
5016,TSEL,Touchstone Sands Capital US Select Growth ETF,Y
5017,TSEM,Tower Semiconductor Ltd. - Ordinary Shares,N
5018,TSHA,"Taysha Gene Therapies, Inc. - Common Stock",N
5019,TSL,GraniteShares 1.25x Long TSLA Daily ETF,Y
5020,TSLA,"Tesla, Inc.  - Common Stock",N
5021,TSLG,Leverage Shares 2X Long TSLA Daily ETF,Y
5022,TSLL,Direxion Daily TSLA Bull 2X ETF,Y
5023,TSLQ,Tradr 2X Short TSLA Daily ETF,Y
5024,TSLR,GraniteShares 2x Long TSLA Daily ETF,Y
5025,TSLS,Direxion Daily TSLA Bear 1X ETF,Y
5026,TSMG,Leverage Shares 2X Long TSM Daily ETF,Y
5027,TSMU,GraniteShares 2x Long TSM Daily ETF,Y
5028,TSMX,Direxion Daily TSM Bull 2X ETF,Y
5029,TSMZ,Direxion Daily TSM Bear 1X ETF,Y
5030,TSPY,TappAlpha S&P 500 Growth & Daily Income ETF,Y
5031,TSSI,"TSS, Inc. - Common Stock",N
5032,TSUI,21Shares Sui ETF,Y
5033,TSYX,TSPY Lift ETF,Y
5034,TSYY,GraniteShares YieldBOOST TSLA ETF,Y
5035,TTAN,"ServiceTitan, Inc. - Class A Common Stock",N
5036,TTD,"The Trade Desk, Inc. - Class A Common Stock",N
5037,TTEC,"TTEC Holdings, Inc. - Common Stock",N
5038,TTEK,"Tetra Tech, Inc. - Common Stock",N
5039,TTEQ,T. Rowe Price Technology ETF,Y
5040,TTGT,"TechTarget, Inc. - Common Stock",N
5041,TTMI,"TTM Technologies, Inc. - Common Stock",N
5042,TTRX,Turn Therapeutics Inc. - Common Stock,N
5043,TTWO,"Take-Two Interactive Software, Inc. - Common Stock",N
5044,TUG,STF Tactical Growth ETF,Y
5045,TUGN,STF Tactical Growth & Income ETF,Y
5046,TULP,"Bloomia Holdings, Inc. - Common Stock",N
5047,TUR,iShares MSCI Turkey ETF,Y
5048,TURB,"Turbo Energy, S.A. - American Depositary Shares",N
5049,TURF,T. Rowe Price Natural Resources ETF,Y
5050,TUSK,"Mammoth Energy Services, Inc. - Common Stock",N
5051,TVA,Texas Ventures Acquisition III Corp - Class A Ordinary Share,N
5052,TVACU,Texas Ventures Acquisition III Corp - Unit,N
5053,TVACW,Texas Ventures Acquisition III Corp - Warrants,N
5054,TVAI,Thayer Ventures Acquisition Corporation II - Class A Ordinary Shares,N
5055,TVAIR,Thayer Ventures Acquisition Corporation II - Rights,N
5056,TVAIU,Thayer Ventures Acquisition Corporation II - Unit,N
5057,TVGN,Tevogen Inc. - Common Stock,N
5058,TVGNW,Tevogen Inc. - Warrant,N
5059,TVIV,Texas Ventures Acquisition IV Corp - Class A Ordinary Shares,N
5060,TVIVU,Texas Ventures Acquisition IV Corp - Units,N
5061,TVIVW,Texas Ventures Acquisition IV Corp - Warrant,N
5062,TVRD,"Tvardi Therapeutics, Inc. - Common Stock",N
5063,TVTX,"Travere Therapeutics, Inc. - Common Stock",N
5064,TW,Tradeweb Markets Inc. - Class A Common Stock,N
5065,TWAV,"TaoWeave, Inc. - Common Stock",N
5066,TWFG,"TWFG, Inc. - Common Stock",N
5067,TWG,Top Wealth Group Holding Limited - Class A Ordinary Shares,N
5068,TWIN,"Twin Disc, Incorporated - Common Stock",N
5069,TWLV,Twelve Seas Investment Company III - Class A Ordinary Shares,N
5070,TWLVR,Twelve Seas Investment Company III - Rights,N
5071,TWLVU,Twelve Seas Investment Company III - Units,N
5072,TWST,Twist Bioscience Corporation - Common Stock,N
5073,TXG,"10x Genomics, Inc. - Common Stock",N
5074,TXMD,"TherapeuticsMD, Inc. - Common Stock",N
5075,TXN,Texas Instruments Incorporated - Common Stock,N
5076,TXRH,"Texas Roadhouse, Inc. - Common Stock",N
5077,TXUE,Thornburg International Equity ETF,Y
5078,TXUG,Thornburg International Growth Fund ETF,Y
5079,TXXD,21Shares 2x Long Dogecoin ETF,Y
5080,TXXH,21Shares 2x Long HYPE ETF,Y
5081,TXXS,21Shares 2x Long Sui ETF,Y
5082,TYGO,"Tigo Energy, Inc. - Common Stock",N
5083,TYRA,"Tyra Biosciences, Inc. - Common Stock",N
5084,TZOO,Travelzoo - Common Stock,N
5085,UAE,iShares MSCI UAE ETF,Y
5086,UAL,"United Airlines Holdings, Inc. - Common Stock",N
5087,UBCP,"United Bancorp, Inc. - Common Stock",N
5088,UBND,VictoryShares Core Plus Bond ETF,Y
5089,UBRL,GraniteShares 2x Long UBER Daily ETF,Y
5090,UBSI,"United Bankshares, Inc. - Common Stock",N
5091,UCAR,U Power Limited - Class A Ordinary Shares,N
5092,UCFI,CN Healthy Food Tech Group Corp. - Common Stock,N
5093,UCFIW,CN Healthy Food Tech Group Corp. - Warrant,N
5094,UCL,uCloudlink Group Inc. - American Depositary Shares,N
5095,UCRD,VictoryShares Corporate Bond ETF,Y
5096,UCTT,"Ultra Clean Holdings, Inc. - Common Stock",N
5097,UCYB,ProShares Ultra Nasdaq Cybersecurity,Y
5098,UECG,Leverage Shares 2x Long UEC Daily ETF,Y
5099,UEIC,Universal Electronics Inc. - Common Stock,N
5100,UEVM,VictoryShares Emerging Markets Value Momentum ETF,Y
5101,UFCS,"United Fire Group, Inc - Common Stock",N
5102,UFG,Uni-Fuels Holdings Limited - Class A Ordinary Shares,N
5103,UFIV,US Treasury 5 Year Note ETF,Y
5104,UFO,Procure Space ETF,Y
5105,UFOX,Defiance Space and Connective Tech ETF,Y
5106,UFPI,"UFP Industries, Inc. - Common Stock",N
5107,UFPT,"UFP Technologies, Inc. - Common Stock",N
5108,UG,"United-Guardian, Inc. - Common Stock",N
5109,UITB,VictoryShares Core Intermediate Bond ETF,Y
5110,UIVM,VictoryShares International Value Momentum ETF,Y
5111,UK,Ucommune International Ltd  - Class A Ordinary Shares,N
5112,ULBI,Ultralife Corporation - Common Stock,N
5113,ULCC,"Frontier Group Holdings, Inc. - Common Stock",N
5114,ULH,"Universal Logistics Holdings, Inc. - Common Stock",N
5115,ULTA,"Ulta Beauty, Inc. - Common Stock",N
5116,ULTI,REX IncomeMax Option Strategy ETF,Y
5117,ULVM,VictoryShares US Value Momentum ETF,Y
5118,UMBF,UMB Financial Corporation - Common Stock,N
5119,UMBFO,"UMB Financial Corporation - Depositary Shares Each Representing a 1/400th Interest in a Share of 7.750% Fixed-Rate Reset Non-Cumulative Perpetual Preferred Stock, Series B",N
5120,UMMA,Wahed Dow Jones Islamic World ETF,Y
5121,UNB,"Union Bankshares, Inc. - Common Stock",N
5122,UNCY,"Unicycive Therapeutics, Inc. - Common Stock",N
5123,UNHG,Leverage Shares 2X Long UNH Daily ETF,Y
5124,UNIT,Uniti Group Inc. - Common Stock,N
5125,UNIY,WisdomTree Voya Yield Enhanced USD Universal Bond Fund,Y
5126,UNTY,"Unity Bancorp, Inc. - Common Stock",N
5127,UONE,"Urban One, Inc.  - Class A Common Stock",N
5128,UONEK,"Urban One, Inc.  - Class D Common Stock",N
5129,UPB,"Upstream Bio, Inc. - Common Stock",N
5130,UPBD,"Upbound Group, Inc. - Common Stock",N
5131,UPC,Universe Pharmaceuticals Inc - Class A Ordinary Shares,N
5132,UPGR,Xtrackers US Green Infrastructure Select Equity ETF,Y
5133,UPLD,"Upland Software, Inc. - Common Stock",N
5134,UPST,"Upstart Holdings, Inc. - Common stock",N
5135,UPWK,Upwork Inc. - Common Stock,N
5136,UPXI,"Upexi, Inc. - Common Stock",N
5137,URBN,"Urban Outfitters, Inc. - Common Stock",N
5138,URGN,UroGen Pharma Ltd. - Ordinary Shares,N
5139,URNJ,Sprott Junior Uranium Miners ETF,Y
5140,UROY,Uranium Royalty Corp. - Common Stock,N
5141,USAF,Atlas America Fund,Y
5142,USAR,"USA Rare Earth, Inc. - Common Stock",N
5143,USAU,U.S. Gold Corp. - Common Stock,N
5144,USCB,"USCB Financial Holdings, Inc.  - Class A Common Stock",N
5145,USCL,iShares Climate Conscious & Transition MSCI USA ETF,Y
5146,USDE,StablecoinX Inc. - Class A Common Stock,N
5147,USDEW,StablecoinX Inc. - Warrants,N
5148,USDX,SGI Enhanced Core ETF,Y
5149,USEA,United Maritime Corporation - Common Stock,N
5150,USFI,BrandywineGLOBAL - U.S. Fixed Income ETF,Y
5151,USGG,Leverage Shares 2X Long USAR Daily ETF,Y
5152,USGO,U.S. GoldMining Inc. - Common stock,N
5153,USIG,iShares Broad USD Investment Grade Corporate Bond ETF,Y
5154,USIN,WisdomTree 7-10 Year Laddered Treasury Fund,Y
5155,USIO,"Usio, Inc. - Common Stock",N
5156,USLM,"United States Lime & Minerals, Inc. - Common Stock",N
5157,USMC,Principal U.S. Mega-Cap ETF,Y
5158,USOI,"ETRACS Crude Oil Shares Covered Call ETNs due April 24, 2037",Y
5159,USOY,Defiance Oil Enhanced Options Income ETF,Y
5160,USSH,WisdomTree 1-3 Year Laddered Treasury Fund,Y
5161,USTB,VictoryShares Short-Term Bond ETF,Y
5162,USVM,VictoryShares US Small Mid Cap Value Momentum ETF,Y
5163,USVN,US Treasury 7 Year Note ETF,Y
5164,USXF,iShares ESG Advanced MSCI USA ETF,Y
5165,UTEN,US Treasury 10 Year Note ETF,Y
5166,UTHR,United Therapeutics Corporation - Common Stock,N
5167,UTHY,US Treasury 30 Year Bond ETF,Y
5168,UTMD,"Utah Medical Products, Inc. - Common Stock",N
5169,UTRE,US Treasury 3 Year Note ETF,Y
5170,UTSI,UTStarcom Holdings Corp - Ordinary Shares,N
5171,UTWO,US Treasury 2 Year Note ETF,Y
5172,UTWY,US Treasury 20 Year Bond ETF,Y
5173,UUUG,Leverage Shares 2X Long UUUU Daily ETF,Y
5174,UVSP,Univest Financial Corporation - Common Stock,N
5175,UXIN,Uxin Limited - American Depositary Shares,N
5176,UYLD,Angel Oak UltraShort Income ETF,Y
5177,UYSC,UY Scuti Acquisition Corp. - Ordinary Shares,N
5178,UYSCR,UY Scuti Acquisition Corp. - Rights,N
5179,UYSCU,UY Scuti Acquisition Corp. - Units,N
5180,UZX,Linkage Global Inc - Class A Ordinary Shares,N
5181,VABK,Virginia National Bankshares Corporation - Common Stock,N
5182,VALG,Leverage Shares 2X Long VALE Daily ETF,Y
5183,VALN,Valneva SE - American Depositary Shares,N
5184,VALU,"Value Line, Inc. - Common Stock",N
5185,VANI,"Vivani Medical, Inc.  - Common Stock",N
5186,VAVX,VanEck Avalanche ETF,Y
5187,VBCA,Vanguard Target Maturity 2027 Corporate Bond ETF,Y
5188,VBCB,Vanguard Target Maturity 2028 Corporate Bond ETF,Y
5189,VBCC,Vanguard Target Maturity 2029 Corporate Bond ETF,Y
5190,VBCD,Vanguard Target Maturity 2030 Corporate Bond ETF,Y
5191,VBCE,Vanguard Target Maturity 2031 Corporate Bond ETF,Y
5192,VBCF,Vanguard Target Maturity 2032 Corporate Bond ETF,Y
5193,VBCG,Vanguard Target Maturity 2033 Corporate Bond ETF,Y
5194,VBCH,Vanguard Target Maturity 2034 Corporate Bond ETF,Y
5195,VBCI,Vanguard Target Maturity 2035 Corporate Bond ETF,Y
5196,VBCJ,Vanguard Target Maturity 2036 Corporate Bond ETF,Y
5197,VBIL,Vanguard 0-3 Month Treasury Bill ETF,Y
5198,VBIO,"Valion Bio, Inc. - Common stock",N
5199,VBNB,VanEck BNB ETF,Y
5200,VBNK,VersaBank - Common Shares,N
5201,VC,Visteon Corporation - Common Stock,N
5202,VCEL,Vericel Corporation - Common Stock,N
5203,VCIG,VCI Global Limited - Ordinary Share,N
5204,VCIT,Vanguard Intermediate-Term Corporate Bond ETF,Y
5205,VCLT,Vanguard Long-Term Corporate Bond ETF,Y
5206,VCRB,Vanguard Core Bond ETF,Y
5207,VCRE,Vicore Pharma Holding AB - American Depositary Shares,N
5208,VCSH,Vanguard Short-Term Corporate Bond ETF,Y
5209,VCTR,"Victory Capital Holdings, Inc. - Common Stock",N
5210,VCYT,"Veracyte, Inc. - Common Stock",N
5211,VECO,Veeco Instruments Inc. - Common Stock,N
5212,VEEA,Veea Inc. - Common Stock,N
5213,VEEAW,Veea Inc. - Warrant,N
5214,VEEE,Twin Vee PowerCats Co. - Common Stock,N
5215,VEFA,VanEck MSCI EAFE Analyst Sentiment ETF,Y
5216,VELO,"Velo3D, Inc. - Common stock",N
5217,VEON,VEON Ltd. - American Depositary Shares,N
5218,VERA,"Vera Therapeutics, Inc. - Class A Common Stock",N
5219,VERI,"Veritone, Inc. - Common Stock",N
5220,VERU,Veru Inc. - Common Stock,N
5221,VERX,"Vertex, Inc. - Class A Common Stock",N
5222,VFF,"Village Farms International, Inc. - Common Shares",N
5223,VFLO,VictoryShares Free Cash Flow ETF,Y
5224,VFS,VinFast Auto Ltd. - Ordinary Shares,N
5225,VFSWW,VinFast Auto Ltd. - Warrant,N
5226,VGAS,"Verde Clean Fuels, Inc. - Class A Common Stock",N
5227,VGASW,"Verde Clean Fuels, Inc. - Warrant",N
5228,VGIT,Vanguard Intermediate-Term Treasury ETF,Y
5229,VGLT,Vanguard Long-Term Treasury ETF,Y
5230,VGSH,Vanguard Short-Term Treasury ETF,Y
5231,VGSR,Vert Global Sustainable Real Estate ETF,Y
5232,VGUS,Vanguard Ultra-Short Treasury ETF,Y
5233,VHC,VirnetX Holding Corp - Common Stock,N
5234,VHCP,Vine Hill Capital Investment Corp. II - Class A Ordinary Shares,N
5235,VHCPU,Vine Hill Capital Investment Corp. II - Units,N
5236,VHCPW,Vine Hill Capital Investment Corp. II - Warrants,N
5237,VHUB,"VenHub Global, Inc. - Common Stock",N
5238,VIAV,Viavi Solutions Inc. - Common Stock,N
5239,VICR,Vicor Corporation - Common Stock,N
5240,VIGI,Vanguard International Dividend Appreciation ETF,Y
5241,VINP,Vinci Compass Investments Ltd. - Class A Common Shares,N
5242,VIOT,"Viomi Technology Co., Ltd - American Depositary Shares",N
5243,VIP,Vulcan Infrastructure and Power Inc. - Class A Common Stock,N
5244,VIR,"Vir Biotechnology, Inc. - Common Stock",N
5245,VIRC,Virco Manufacturing Corporation - Common Stock,N
5246,VISN,"Vistance Networks, Inc.  - Common Stock",N
5247,VITL,"Vital Farms, Inc. - Common Stock",N
5248,VIVK,"Vivakor, Inc. - Common Stock",N
5249,VIVO,VivoPower PLC - Class A Ordinary Shares,N
5250,VIVS,"VivoSim Labs, Inc. - Common Stock",N
5251,VKTX,"Viking Therapeutics, Inc. - Common Stock",N
5252,VLGEA,"Village Super Market, Inc. - Class A Common Stock",N
5253,VLOS,Velos Acquisition I Corp. - Class A Ordinary shares,N
5254,VLOSU,Velos Acquisition I Corp. - Units,N
5255,VLOSW,Velos Acquisition I Corp. - Warrant,N
5256,VLY,Valley National Bancorp - Common Stock,N
5257,VLYPN,"Valley National Bancorp - 8.250% Fixed-Rate Reset Non-Cumulative Perpetual Preferred Stock, Series C",N
5258,VLYPO,Valley National Bancorp - 5.5% Fixed to Floating Rate Series B Non-Cumulative Perpetual Preferred Stock,N
5259,VLYPP,Valley National Bancorp - 6.25% Fixed-to-Floating Rate Series A Non-Cumulative Perpetual Preferred Stock,N
5260,VMAR,Vision Marine Technologies Inc. - Common Shares,N
5261,VMBS,Vanguard Mortgage-Backed Securities ETF,Y
5262,VMD,"Viemed Healthcare, Inc. - Common Shares",N
5263,VMET,Versamet Royalties Corporation - Common Stock,N
5264,VNCE,Vince Holding Corp. - Common Stock,N
5265,VNDA,Vanda Pharmaceuticals Inc. - Common Stock,N
5266,VNET,"VNET Group, Inc. - American Depositary Shares",N
5267,VNME,Vendome Acquisition Corporation I - Class A Ordinary Shares,N
5268,VNMEU,Vendome Acquisition Corporation I - Unit,N
5269,VNMEW,Vendome Acquisition Corporation I - Warrant,N
5270,VNOM,"Viper Energy, Inc.  - Class A Common Stock",N
5271,VNQI,Vanguard Global ex-U.S. Real Estate ETF,Y
5272,VOD,Vodafone Group Plc - American Depositary Shares each representing ten Ordinary Shares,N
5273,VOGX,Vogenx Inc - Common Stock,N
5274,VOLT,Tema Electrification ETF,Y
5275,VONE,Vanguard Russell 1000 ETF,Y
5276,VONG,Vanguard Russell 1000 Growth ETF,Y
5277,VONV,Vanguard Russell 1000 Value ETF,Y
5278,VOR,Vor Biopharma Inc. - Common Stock,N
5279,VOTE,TCW Transform 500 ETF,Y
5280,VOXR,Vox Royalty Corp. - common stock,N
5281,VPLS,Vanguard Core Plus Bond ETF,Y
5282,VRA,"Vera Bradley, Inc. - Common Stock",N
5283,VRAX,Virax Biolabs Group Limited - Ordinary Shares,N
5284,VRCA,Verrica Pharmaceuticals Inc. - Common Stock,N
5285,VRDN,"Viridian Therapeutics, Inc.  - Common Stock",N
5286,VREX,Varex Imaging Corporation - Common Stock,N
5287,VRIG,Invesco Variable Rate Investment Grade ETF,Y
5288,VRM,"Vroom, Inc. - Common Stock",N
5289,VRME,"VerifyMe, Inc. - Common Stock",N
5290,VRNS,"Varonis Systems, Inc. - Common Stock",N
5291,VRRM,Verra Mobility Corporation - Class A Common Stock,N
5292,VRSK,"Verisk Analytics, Inc. - Common Stock",N
5293,VRSN,"VeriSign, Inc. - Common Stock",N
5294,VRTL,GraniteShares 2x Long VRT Daily ETF,Y
5295,VRTX,Vertex Pharmaceuticals Incorporated - Common Stock,N
5296,VRXA,Veraxa Biotech AG - Ordinary Shares,N
5297,VRXAW,Veraxa Biotech AG - Warrants,N
5298,VS,Versus Systems Inc. - Common Stock,N
5299,VSA,VisionSys AI Inc. - American Depositary Shares,N
5300,VSAT,"ViaSat, Inc. - Common Stock",N
5301,VSDA,VictoryShares Dividend Accelerator ETF,Y
5302,VSEC,VSE Corporation - Common Stock,N
5303,VSECU,VSE Corporation - Tangible Equity Units,N
5304,VSME,VS Media Holdings Limited - Class A Ordinary Shares,N
5305,VSMV,VictoryShares US Multi-Factor Minimum Volatility ETF,Y
5306,VSNT,"Versant Media Group, Inc. - Class A Common Stock",N
5307,VSOL,VanEck Solana ETF,Y
5308,VSTL,Defiance Daily Target 2X Long VST ETF,Y
5309,VSTM,"Verastem, Inc. - Common Stock",N
5310,VTC,Vanguard Total Corporate Bond ETF,Y
5311,VTGN,"Vistagen Therapeutics, Inc. - Common Stock",N
5312,VTHR,Vanguard Russell 3000 ETF,Y
5313,VTIP,Vanguard Short-Term Inflation-Protected Securities Index Fund ETF Shares,Y
5314,VTIX,Virtuix Holdings Inc. - Class A Common Stock,N
5315,VTRS,Viatris Inc. - Common Stock,N
5316,VTSI,"VirTra, Inc. - Common Stock",N
5317,VTVT,vTv Therapeutics Inc. - Class A Common Stock,N
5318,VTWG,Vanguard Russell 2000 Growth ETF,Y
5319,VTWO,Vanguard Russell 2000 ETF,Y
5320,VTWV,Vanguard Russell 2000 Value ETF,Y
5321,VUZI,Vuzix Corporation  - Common Stock,N
5322,VVOS,"Vivos Therapeutics, Inc. - Common Stock",N
5323,VWAV,"VisionWave Holdings, Inc. - Common Stock",N
5324,VWAVW,"VisionWave Holdings, Inc. - Warrant",N
5325,VWOB,Vanguard Emerging Markets Government Bond ETF,Y
5326,VXUS,Vanguard Total International Stock ETF,Y
5327,VYGR,"Voyager Therapeutics, Inc. - Common Stock",N
5328,VYMI,Vanguard International High Dividend Yield ETF,Y
5329,WABC,Westamerica Bancorporation - Common Stock,N
5330,WABF,Western Asset Bond ETF,Y
5331,WAFD,"WaFd, Inc. - Common Stock",N
5332,WAFDP,"WaFd, Inc. - Depositary Shares",N
5333,WAFU,Wah Fu Education Group Limited - Ordinary Shares,N
5334,WALD,Waldencast plc - Class A Ordinary Share,N
5335,WALDW,Waldencast plc - Warrant,N
5336,WAMA,WisdomTree US Adaptive Moving Average Fund,Y
5337,WARP,VanEck Space ETF,Y
5338,WASH,"Washington Trust Bancorp, Inc. - Common Stock",N
5339,WATR,Air Water Ventures Limited - Ordinary Shares,N
5340,WATT,Energous Corporation - Common Stock,N
5341,WAVE,Eco Wave Power Global AB (publ) - American Depositary Shares,N
5342,WAY,Waystar Holding Corp. - Common Stock,N
5343,WB,Weibo Corporation - American Depositary Shares,N
5344,WBD,"Warner Bros. Discovery, Inc. - Series A Common Stock",N
5345,WBTN,WEBTOON Entertainment Inc. - Common stock,N
5346,WBUY,WEBUY GLOBAL LTD. - Class A Ordinary Shares,N
5347,WCBR,WisdomTree Cybersecurity Fund,Y
5348,WCLD,WisdomTree Cloud Computing Fund,Y
5349,WCT,Wellchange Holdings Company Limited - Class A Ordinary shares,N
5350,WDAF,WisdomTree Asia Defense Fund,Y
5351,WDAY,"Workday, Inc. - Class A Common Stock",N
5352,WDC,Western Digital Corporation - Common Stock,N
5353,WDFC,WD-40 Company - Common Stock,N
5354,WDGF,WisdomTree Global Defense Fund,Y
5355,WEEI,Westwood Salient Enhanced Energy Income ETF,Y
5356,WEN,Wendy's Company (The) - Common Stock,N
5357,WENN,Wen Acquisition Corp - Class A Ordinary Shares,N
5358,WENNU,Wen Acquisition Corp - Unit,N
5359,WENNW,Wen Acquisition Corp - Warrant,N
5360,WERN,"Werner Enterprises, Inc. - Common Stock",N
5361,WEST,Westrock Coffee Company - Common Stock,N
5362,WETH,Wetouch Technology Inc. - Common Stock,N
5363,WETO,Wetour Robotics Limited - Ordinary Shares,N
5364,WEYS,"Weyco Group, Inc. - Common Stock",N
5365,WFCF,"Where Food Comes From, Inc. - Common Stock",N
5366,WFF,WF Holding Limited - Ordinary Shares,N
5367,WFRD,Weatherford International plc - Ordinary shares,N
5368,WGMI,CoinShares Bitcoin Mining and Digital Power ETF,Y
5369,WGS,GeneDx Holdings Corp. - Class A Common Stock,N
5370,WHF,"WhiteHorse Finance, Inc. - Closed End Fund",N
5371,WHFCL,"WhiteHorse Finance, Inc. - 7.875% Notes due 2028",N
5372,WHLR,"Wheeler Real Estate Investment Trust, Inc. - Common Stock",N
5373,WHLRD,"Wheeler Real Estate Investment Trust, Inc. - Series D Cumulative Preferred Stock",N
5374,WHLRL,"Wheeler Real Estate Investment Trust, Inc. - 7.00% Senior Subordinated Convertible Notes Due 2031",N
5375,WHLRP,"Wheeler Real Estate Investment Trust, Inc. - Series B Preferred Stock",N
5376,WHWK,"Whitehawk Therapeutics, Inc. - Common Stock",N
5377,WILC,"G. Willi-Food International,  Ltd. - Ordinary Shares",N
5378,WIMA,WisdomTree International Adaptive Moving Average Fund,Y
5379,WIMI,WiMi Hologram Cloud Inc. - Class B Ordinary Shares,N
5380,WINA,Winmark Corporation - Common Stock,N
5381,WING,Wingstop Inc. - Common Stock,N
5382,WISE,Themes Generative Artificial Intelligence ETF,Y
5383,WIX,Wix.com Ltd. - Ordinary Shares,N
5384,WKEY,WISeKey International Holding Ltd - American Depositary Shares,N
5385,WKHS,"Workhorse Group, Inc. - Common Stock",N
5386,WKSP,"Worksport, Ltd. - Common Stock",N
5387,WLCO,Wilco 63 Corporation - Class A Ordinary Shares,N
5388,WLCOU,Wilco 63 Corporation - Units,N
5389,WLCOW,Wilco 63 Corporation - Warrant,N
5390,WLDN,"Willdan Group, Inc. - Common Stock",N
5391,WLDS,Wearable Devices Ltd. - Ordinary Share,N
5392,WLDSW,Wearable Devices Ltd. - Warrant,N
5393,WLFC,Willis Lease Finance Corporation - Common Stock,N
5394,WLII,Willow Lane Acquisition Corp. II - Class A Ordinary Shares,N
5395,WLIIU,Willow Lane Acquisition Corp. II - Unit,N
5396,WLIIW,Willow Lane Acquisition Corp. II - Warrants,N
5397,WLTH,Wealthfront Corporation - Common Stock,N
5398,WMG,Warner Music Group Corp. - Class A Common Stock,N
5399,WMT,Walmart Inc. - Common Stock,N
5400,WNEB,"Western New England Bancorp, Inc. - Common Stock",N
5401,WNW,Meiwu Technology Company Limited - Ordinary Shares,N
5402,WOK,WORK Medical Technology Group LTD - Class A Ordinary Shares,N
5403,WOOD,iShares Global Timber & Forestry ETF,Y
5404,WOOF,"Petco Health and Wellness Company, Inc. - Class A Common Stock",N
5405,WPRT,Westport Fuel Systems Inc - Common Shares,N
5406,WRAP,"Wrap Technologies, Inc. - Common Stock",N
5407,WRD,WeRide Inc. - American Depositary Shares,N
5408,WRLD,World Acceptance Corporation - Common Stock,N
5409,WRND,NYLI Global Equity R&D Leaders ETF,Y
5410,WRTH,Worth Charting Options Income ETF,Y
5411,WSBC,"WesBanco, Inc. - Common Stock",N
5412,WSBCO,"WesBanco, Inc. - Depositary Shares each representing 1/40th interest in a share of 7.375% Fixed-Rate Reset Non-Cumulative Perpetual Preferred Stock, Series B",N
5413,WSBF,"Waterstone Financial, Inc. - Common Stock",N
5414,WSBK,"Winchester Bancorp, Inc. - Common Stock",N
5415,WSC,WillScot Holdings Corporation - Class A Common Stock,N
5416,WSE,Wise Group plc - Class A Ordinary Shares,N
5417,WSFS,WSFS Financial Corporation - Common Stock,N
5418,WSGE,Warren Street Global Equity ETF,Y
5419,WSHP,WeShop Holdings Limited - Class A Ordinary Shares,N
5420,WSML,iShares MSCI World Small-Cap ETF,Y
5421,WSPC,WisdomTree Space Economy Fund,Y
5422,WSTN,Westin Acquisition Corp - Class A Ordinary Share,N
5423,WSTNR,Westin Acquisition Corp - Right,N
5424,WSTNU,Westin Acquisition Corp - Units,N
5425,WTBA,West Bancorporation - Common Stock,N
5426,WTBN,WisdomTree Bianco Total Return Fund,Y
5427,WTF,Waton Financial Limited - Ordinary Shares,N
5428,WTFC,Wintrust Financial Corporation - Common Stock,N
5429,WTFCN,"Wintrust Financial Corporation - Depositary Shares, Each Representing a 1/1,000th Interest in a Share of 7.875% Fixed-Rate Reset Non-Cumulative Perpetual Preferred Stock, Series F, no par value, with a liquidation preference of $25,000 per share",N
5430,WTG,Wintergreen Acquisition Corp. - Ordinary Shares,N
5431,WTGUR,Wintergreen Acquisition Corp. - Rights,N
5432,WTGUU,Wintergreen Acquisition Corp. - Unit,N
5433,WTIP,WisdomTree Inflation Plus Fund,Y
5434,WTMU,WisdomTree Core Laddered Municipal Fund,Y
5435,WTMY,WisdomTree High Income Laddered Municipal Fund,Y
5436,WTW,Willis Towers Watson Public Limited Company - Ordinary Shares,N
5437,WULF,TeraWulf Inc. - Common Stock,N
5438,WVE,"Wave Life Sciences, Inc. - Common Stock",N
5439,WVVI,"Willamette Valley Vineyards, Inc. - Common Stock",N
5440,WVVIP,"Willamette Valley Vineyards, Inc. - Series A Redeemable Preferred Stock",N
5441,WW,"WW International, Inc.  - Common Stock",N
5442,WWD,"Woodward, Inc. - Common Stock",N
5443,WXM,WF International Limited - Ordinary Shares,N
5444,WYFI,"WhiteFiber, Inc. - Ordinary Shares",N
5445,WYHG,Wing Yip Food Holdings Group Limited - American Depositary Shares,N
5446,WYNN,"Wynn Resorts, Limited - Common Stock",N
5447,XAIR,"Beyond Air, Inc. - Common Stock",N
5448,XAIX,Xtrackers Artificial Intelligence and Big Data ETF,Y
5449,XBCI,NEOS Boosted Bitcoin High Income ETF,Y
5450,XBIL,US Treasury 6 Month Bill ETF,Y
5451,XBIO,"Xenetic Biosciences, Inc. - Common Stock",N
5452,XBIT,XBiotech Inc. - Common Stock,N
5453,XBP,"XBP Global Holdings, Inc. - Common Stock",N
5454,XBPEW,"XBP Global Holdings, Inc. - Warrant",N
5455,XBTY,GraniteShares YieldBOOST Bitcoin ETF,Y
5456,XCBE,X3 Acquisition Corp. Ltd. - Class A Ordinary Shares,N
5457,XCBEU,X3 Acquisition Corp. Ltd. - Unit,N
5458,XCBEW,X3 Acquisition Corp. Ltd. - Warrant,N
5459,XCH,XCHG Limited - ADS,N
5460,XCNY,State Street SPDR S&P Emerging Markets ex-China ETF,Y
5461,XCSH,XFUNDS 1-3 Month BOX ETF,Y
5462,XCUR,"Exicure, Inc. - Common Stock",N
5463,XDEF,Xtrackers Europe Defense Technologies ETF,Y
5464,XE,"X-Energy, Inc. - Class A Common Stock",N
5465,XEL,Xcel Energy Inc. - Common Stock,N
5466,XELB,"Xcel Brands, Inc - Common Stock",N
5467,XELLL,"Xcel Energy Inc. - 6.25% Junior Subordinated Notes, Series due 2085",N
5468,XENE,Xenon Pharmaceuticals Inc. - Common Shares,N
5469,XERS,"Xeris Biopharma Holdings, Inc. - Common Stock",N
5470,XEY,GraniteShares YieldBOOST Ether ETF,Y
5471,XFOR,"X4 Pharmaceuticals, Inc. - Common Stock",N
5472,XGN,Exagen Inc. - Common Stock,N
5473,XHG,XChange TEC.INC - American Depositary Shares,N
5474,XHLD,"TEN Holdings, Inc. - Common Stock",N
5475,XIIIU,Churchill Capital Corp XIII - Units,N
5476,XLO,"Xilio Therapeutics, Inc. - Common Stock",N
5477,XMAG,Defiance Large Cap ex-Mag 7 ETF,Y
5478,XMAX,"XMAX, Inc. - Common Stock",N
5479,XMTR,"Xometry, Inc. - Class A Common Stock",N
5480,XNCR,"Xencor, Inc. - Common Stock",N
5481,XNDU,Xanadu Quantum Technologies Limited - Class B Subordinate Voting Shares,N
5482,XNET,Xunlei Limited - American Depositary Shares,N
5483,XOMX,Direxion Daily XOM Bull 2X ETF,Y
5484,XOS,"Xos, Inc. - Common Stock",N
5485,XOVR,ERShares Private-Public Crossover ETF,Y
5486,XP,XP Inc. - Class A Common Stock,N
5487,XPEG,Leverage Shares 2X Long XPEV Daily ETF,Y
5488,XPEL,"XPEL, Inc. - Common Stock",N
5489,XPON,Expion360 Inc. - Common Stock,N
5490,XQQI,NEOS Boosted Nasdaq-100 High Income ETF,Y
5491,XRAY,DENTSPLY SIRONA Inc. - Common Stock,N
5492,XRPC,Canary XRP ETF,Y
5493,XRPI,Volatility Shares Trust XRP ETF,Y
5494,XRPN,Armada Acquisition Corp. II - Class A Ordinary Shares,N
5495,XRPNU,Armada Acquisition Corp. II - Units,N
5496,XRPNW,Armada Acquisition Corp. II - Warrant,N
5497,XRPT,Volatility Shares Trust XRP 2X ETF,Y
5498,XRTX,XORTX Therapeutics Inc. - Common Shares,N
5499,XRX,Xerox Holdings Corporation - Common Stock,N
5500,XRXDW,Xerox Holdings Corporation - Warrants,N
5501,XSLL,Xsolla SPAC 1 - Class A Ordinary Shares,N
5502,XSLLU,Xsolla SPAC 1 - Units,N
5503,XSLLW,Xsolla SPAC 1 - Warrants,N
5504,XSPC,VegaShares SpaceX & Beyond Earth ETF,Y
5505,XSPI,NEOS Boosted S&P 500 High Income ETF,Y
5506,XT,iShares Future Exponential Technologies ETF,Y
5507,XTERU,Karman Line Acquisition Corp. - Units,N
5508,XTIA,"XTI Aerospace, Inc. Common Stock  - Common Stock",N
5509,XTLB,XTL Biopharmaceuticals Ltd. - American Depositary Shares,N
5510,XWEL,"XWELL, Inc. - Common Stock",N
5511,XXII,"22nd Century Group, Inc - Common Stock",N
5512,XXX,CYBER HORNET S&P 500 and XRP 75/25 Strategy ETF,Y
5513,XYZG,Leverage Shares 2X Long XYZ Daily ETF,Y
5514,YAAS,Youxin Technology Ltd - Class A Ordinary shares,N
5515,YARW,"Yarrow Bioscience, Inc. - Common Stock",N
5516,YB,Yuanbao Inc. - American Depositary Shares,N
5517,YBMN,Defiance BMNR Option Income ETF,Y
5518,YBST,GraniteShares YieldBoost Single Stock Universe ETF,Y
5519,YBTY,GraniteShares YieldBoost TopYielders ETF,Y
5520,YDDL,One and One Green Technologies. INC - Class A Ordinary Shares,N
5521,YDES,YD Bio Limited - Ordinary Shares,N
5522,YDESW,YD Bio Limited - Warrants,N
5523,YDKG,Yueda Digital Holding - Class A Ordinary Share,N
5524,YHC,LQR House Inc. - Common Stock,N
5525,YHGJ,Yunhong Green CTI Ltd. - Common Stock,N
5526,YHNA,YHN Acquisition I Limited - Ordinary Shares,N
5527,YHNAR,YHN Acquisition I Limited - Right,N
5528,YHNAU,YHN Acquisition I Limited - Unit,N
5529,YI,"111, Inc. - American Depositary Shares",N
5530,YIBO,Planet Image International Limited - Class A Ordinary Shares,N
5531,YICC,Yorkville International Capital Corp. - Class A Ordinary Shares,N
5532,YICCU,Yorkville International Capital Corp. - Units,N
5533,YICCW,Yorkville International Capital Corp. - Warrants,N
5534,YJ,Yunji Inc. - American Depository Shares,N
5535,YLDE,Franklin ClearBridge Enhanced Income ETF,Y
5536,YMAT,"J-Star Holding Co., Ltd. - Class A Ordinary Shares",N
5537,YMT,Yimutian Inc. - American Depositary Shares; each representing 25 Class A ordinary shares,N
5538,YNOT,Horizon Digital Frontier ETF,Y
5539,YOKE,YOKE Core ETF,Y
5540,YORW,The York Water Company - Common Stock,N
5541,YOUL,Youlife Group Inc. - American Depositary Shares,N
5542,YQ,17 Education & Technology Group Inc. - American Depositary Shares,N
5543,YQQQ,YieldMax Short N100 Option Income Strategy ETF,Y
5544,YSAG,Y'all Street Physical Silver ETF,Y
5545,YSAU,Y'all Street Physical Gold ETF,Y
5546,YSPY,GraniteShares YieldBOOST SPY ETF,Y
5547,YSWY,"Yesway, Inc. - Class A Common Stock",N
5548,YSXT,"YSX Tech. Co., Ltd  - Class A Ordinary Shares",N
5549,YTRA,"Yatra Online, Inc. - Ordinary Shares",N
5550,YXT,YXT.COM GROUP HOLDING LIMITED - American Depository Shares,N
5551,YYAI,AiRWA Inc. - Common Stock,N
5552,YYGH,YY Group Holding Limited - Class A Ordinary Shares,N
5553,Z,"Zillow Group, Inc. - Class C Capital Stock",N
5554,ZAP,Global X U.S. Electrification ETF,Y
5556,ZBAO,Zhibao Technology Inc. - Class A Ordinary Shares,N
5557,ZBIO,"Zenas BioPharma, Inc. - Common Stock",N
5558,ZBRA,Zebra Technologies Corporation - Class A Common Stock,N
5560,ZCMD,Zhongchao Inc. - Class A Ordinary Shares,N
5562,ZD,"Ziff Davis, Inc. - Common Stock",N
5563,ZDAI,"DirectBooking Technology Co., Ltd. - Class A Ordinary Shares",N
5564,ZENA,"ZenaTech, Inc. - Common Stock",N
5565,ZEO,Zeo Energy Corporation - Class A Common Stock,N
5566,ZEOWW,Zeo Energy Corporation - Warrants,N
5567,ZG,"Zillow Group, Inc. - Class A Common Stock",N
5568,ZHOG,F/m Opportunistic Income ETF,Y
5569,ZION,Zions Bancorporation N.A. - Common Stock,N
5570,ZIONP,Zions Bancorporation N.A. - Depositary Shares each representing a 1/40th ownership interest in a share of Series A Floating-Rate Non-Cumulative Perpetual Preferred Stock,N
5571,ZJK,"ZJK Industrial Co., Ltd. - Class A Ordinary Shares",N
5572,ZJYL,JIN MEDICAL INTERNATIONAL LTD. - Class A Ordinary Shares,N
5574,ZKIN,"ZK International Group Co., Ltd - Ordinary Share",N
5575,ZKP,Lafayette Digital Acquisition Corp. I - Class A Ordinary Shares,N
5576,ZKPU,Lafayette Digital Acquisition Corp. I - Unit,N
5577,ZKPW,Lafayette Digital Acquisition Corp. I - Warrant,N
5578,ZLAB,Zai Lab Limited - American Depositary Shares,N
5579,ZM,"Zoom Communications, Inc. - Class A Common Stock",N
5580,ZMUN,F/m Ultrashort Tax-Free Municipal ETF,Y
5581,ZNB,Zeta Network Group - Class A Ordinary Shares,N
5582,ZNTL,"Zentalis Pharmaceuticals, Inc. - common stock",N
5583,ZOOZ,ZOOZ Strategy Ltd. - Ordinary Shares,N
5584,ZOOZW,ZOOZ Strategy Ltd. - Warrant,N
5585,ZS,"Zscaler, Inc. - Common Stock",N
5586,ZSQR,Z Squared Inc. - Common Stock,N
5587,ZSTK,ZeroStack Corp. - Common Stock,N
5588,ZTEK,Zentek Ltd. - common stock,N
5589,ZTEN,F/m 10-Year Investment Grade Corporate Bond ETF,Y
5590,ZTG,Zenta Group Company Limited - Class A Ordinary Shares,N
5591,ZTOP,F/m High Yield 100 ETF,Y
5592,ZTRE,F/m 3-Year Investment Grade Corporate Bond ETF,Y
5593,ZTWO,F/m 2-Year Investment Grade Corporate Bond ETF,Y
5594,ZUMZ,Zumiez Inc. - Common Stock,N
5595,ZURA,Zura Bio Limited - Class A Ordinary shares,N
5596,ZVRA,"Zevra Therapeutics, Inc.  - Common Stock",N
5601,ZYBT,Zhengye Biotechnology Holding Limited - Class A Ordinary Shares,N
5602,ZYME,Zymeworks Inc. - Common Stock,N
0,A,"Agilent Technologies, Inc. Common Stock",N
1,AA,Alcoa Corporation Common Stock ,N
2,AAA,Alternative Access First Priority CLO Bond ETF,Y
3,AAAA,Amplius Aggressive Asset Allocation ETF,Y
4,AAAC,Columbia AAA CLO ETF,Y
5,AAAD,PGIM AAA CLO Aggregate Duration ETF,Y
6,AAAU,Goldman Sachs Physical Gold ETF Shares,Y
7,AAC.U,"Ares Acquisition Corporation III Units, each consisting of one Class A ordinary share and one-tenth of one redeemable warrant",N
8,AADX,"Applied Aerospace & Defense, Inc. Common Stock",N
9,AAMI,Acadian Asset Management Inc. Common Stock,N
10,AAOG,Leverage Shares 2X Long AAOI Daily ETF,Y
11,AAOX,Tradr 2X Long AAOI Daily ETF,Y
12,AAOZ,Tradr 2X Short AAOI Daily ETF,Y
13,AAP,Advance Auto Parts Inc.,N
14,AAPE,Leverage Shares 2X Long AAPL Daily ETF,Y
15,AAPR,Innovator Equity Defined Protection ETF - 2 Yr to April 2028,Y
16,AAPW,Roundhill AAPL WeeklyPay ETF,Y
17,AAPX,T-Rex 2X Long Apple Daily Target ETF,Y
18,AAPY,Kurv Yield Premium Strategy Apple (AAPL) ETF,Y
19,AAT,"American Assets Trust, Inc. Common Stock",N
20,AAUA,Alpha Architect US Equity 3 ETF,Y
21,AAUC,Allied Gold Corporation Common Shares,N
22,AB,AllianceBernstein Holding L.P.  Units,N
23,ABBV,AbbVie Inc. Common Stock,N
24,ABCB,Ameris Bancorp Common Stock,N
25,ABEQ,Absolute Select Value ETF,Y
26,ABEV,Ambev S.A. American Depositary Shares (Each representing 1 Common Share),N
27,ABFL,Abacus FCF Leaders ETF,Y
28,ABG,Asbury Automotive Group Inc Common Stock,N
29,ABLD,Abacus FCF Real Assets Leaders ETF,Y
30,ABLG,Abacus FCF International Leaders ETF,Y
31,ABLS,Abacus FCF Small Cap Leaders ETF,Y
32,ABM,ABM Industries Incorporated Common Stock,N
33,ABOT,Abacus FCF Innovation Leaders ETF,Y
34,ABR,Arbor Realty Trust Common Stock,N
35,ABR$D,"Arbor Realty Trust 6.375% Series D Cumulative Redeemable Preferred Stock, Liquidation Preference $25.00 per Share",N
36,ABR$E,Arbor Realty Trust 6.25% Series E Cumulative Redeemable Preferred Stock,N
37,ABR$F,"Arbor Realty Trust 6.25% Series F Fixed-to-Floating Rate Cumulative Redeemable Preferred Stock, Liquidation Preference $25.00 per share",N
38,ABT,Abbott Laboratories Common Stock,N
39,ABUF,Aptus Laddered Buffer ETF,Y
40,ABX,"Abacus Global Management, Inc. Class A Common Stock",N
41,ABXB,Abacus Flexible Bond Leaders ETF,Y
42,ABXL,"Abacus Global Management, Inc. 9.875% Fixed Rate Senior Notes due 2028",N
43,ACA,"Arcosa, Inc. Common Stock ",N
44,ACCO,Acco Brands Corporation Common Stock,N
45,ACCS,ACCESS Newswire Inc. Common Stock,N
46,ACEI,Innovator Equity Autocallable Income Strategy ETF,Y
47,ACEL,"Accel Entertainment, Inc. ",N
48,ACES,ALPS Clean Energy ETF,Y
49,ACGO,Hartford Alpha Capture Growth ETF,Y
50,ACGR,American Century Large Cap Growth ETF,Y
51,ACH,"Accendra Health, Inc. Common Stock",N
52,ACHR,Archer Aviation Inc. Class A Common Stock,N
53,ACHR.W,"Archer Aviation Inc. Redeemable Warrants, each whole warrant exercisable for one Class A common stock at an exercise price of $11.50",N
54,ACHX,Corgi ACHR 2x Daily ETF,Y
55,ACI,"Albertsons Companies, Inc. Class A Common Stock",N
56,ACII,Innovator Index Autocallable Income Strategy ETF,Y
57,ACIO,Aptus Collared Investment Opportunity ETF,Y
58,ACKY,VistaShares Target 15 ACKtivist Distribution ETF,Y
59,ACLC,American Century Large Cap Equity ETF,Y
60,ACLO,TCW AAA CLO ETF,Y
61,ACLZ,Corgi ACLS 2x Daily ETF,Y
62,ACM,AECOM Common Stock,N
63,ACMM,Corgi ACMR 2x Daily ETF,Y
64,ACN,Accenture plc Class A Ordinary Shares (Ireland),N
65,ACOM,Harbor Active Commodity ETF,Y
66,ACP,abrdn Income Credit Strategies Fund Common Shares,N
67,ACP$A,abrdn Income Credit Strategies Fund 5.250% Series A Perpetual Preferred Stock,N
68,ACR,ACRES Commercial Realty Corp. Common Stock,N
69,ACR$C,ACRES Commercial Realty Corp. 8.625% Fixed-to-Floating Series C Cumulative Redeemable Preferred Stock ,N
70,ACR$D,ACRES Commercial Realty Corp. 7.875% Series D Cumulative Redeemable Preferred Stock,N
71,ACRE,Ares Commercial Real Estate Corporation Common Stock,N
72,ACSG,American Century Small Cap Growth Insights ETF,Y
73,ACSI,American Customer Satisfaction ETF,Y
74,ACSV,American Century Small Cap Value Insights ETF,Y
75,ACTS,FIS Tactical Equity ETF,Y
76,ACU,Acme United Corporation. Common Stock,N
77,ACV,Virtus Diversified Income & Convertible Fund Common Shares of Beneficial Interest,N
78,ACVA,ACV Auctions Inc. Class A Common Stock,N
79,ACVF,American Conservative Values ETF,Y
80,ACVT,Advent Convertible Bond ETF,Y
81,ACVU,Hartford Alpha Capture Value ETF,Y
82,ACWV,iShares MSCI Global Min Vol Factor ETF,Y
83,ACYN,FT Vest Laddered Autocallable Barrier & Income ETF,Y
84,ACYQ,FT Vest Autocallable Barrier & High Income ETF,Y
85,ACYS,FT Vest Laddered Autocallable Barrier & Resilient Income ETF,Y
86,AD,"Array Digital Infrastructure, Inc. Common Shares",N
87,ADBU,Direxion Daily ADBE Bull 2X ETF,Y
88,ADC,Agree Realty Corporation Common Stock,N
89,ADC$A,"Agree Realty Corporation Depositary Shares, each representing 1/1,000th of a 4.250% Series A Cumulative Redeemable Preferred Stock",N
90,ADCT,ADC Therapeutics SA Common Shares,N
91,ADDS,Hedgeye Index Adds ETF,Y
92,ADIG,ADI Global Distribution Inc. Common Stock,N
93,ADIU,Leverage Shares 2X Long ADI Daily ETF,Y
94,ADIV,Guinness Atkinson Asia Pacific Dividend Builder ETF,Y
95,ADM,Archer-Daniels-Midland Company Common Stock,N
96,ADME,Aptus Drawdown Managed Equity ETF,Y
97,ADNT,Adient plc Ordinary Shares ,N
98,ADPV,Adaptiv Select ETF,Y
99,ADT,ADT Inc. Common Stock,N
100,ADVE,Matthews Asia Dividend Active ETF,Y
101,ADX,Adams Diversified Equity Fund Inc.,N
102,AEE,Ameren Corporation Common Stock,N
103,AEF,"abrdn Emerging Markets ex-China Fund, Inc. Common Stock",N
104,AEFC,Aegon Funding Company LLC 5.10% Subordinated Notes due 2049,N
105,AEG,Aegon Ltd. New York Registry Shares,N
106,AEHG,Leverage Shares 2X Long AEHR Daily ETF,Y
107,AEM,Agnico Eagle Mines Limited Common Stock,N
108,AEO,"American Eagle Outfitters, Inc. Common Stock",N
109,AEON,"AEON Biopharma, Inc. Class A Common Stock",N
110,AER,AerCap Holdings N.V. Ordinary Shares,N
111,AERO,"Grupo Aeromexico, S.A.B. de C.V. American Depositary Shares (each representing ten (10) Common Shares)",N
112,AES,The AES Corporation Common Stock,N
113,AESI,Atlas Energy Solutions Inc. Common Stock,N
114,AESR,Anfield U.S. Equity Sector Rotation ETF,Y
115,AETH,Bitwise Trendwise Ether and Treasuries Rotation Strategy ETF,Y
116,AEXA,American Exceptionalism Acquisition Corp. A Class A Ordinary Shares,N
117,AFB,AllianceBernstein National Municipal Income Fund Inc,N
118,AFG,"American Financial Group, Inc. Common Stock",N
119,AFGB,"American Financial Group, Inc. 5.875% Subordinated Debentures due 2059",N
120,AFGC,"American Financial Group, Inc. 5.125% Subordinated Debentures due 2059",N
121,AFGD,"American Financial Group, Inc. 5.625% Subordinated Debentures due 2060",N
122,AFGE,"American Financial Group, Inc. 4.500% Subordinated Debentures due 2060",N
123,AFGR,First Trust Multi-Manager Large Growth ETF,Y
124,AFIF,Anfield Universal Fixed Income ETF,Y
125,AFIX,Allspring Broad Market Core Bond ETF,Y
126,AFK,VanEck Africa Index ETF,Y
127,AFL,AFLAC Incorporated Common Stock,N
128,AFLG,First Trust Active Factor Large Cap ETF,Y
129,AFMC,First Trust Active Factor Mid Cap ETF,Y
130,AFRU,T-REX 2X Long AFRM Daily Target ETF,Y
131,AFSM,First Trust Active Factor Small Cap ETF,Y
132,AG,First Majestic Silver Corp. Ordinary Shares (Canada),N
133,AGBK,AGI Inc Class A Common Shares,N
134,AGCO,AGCO Corporation Common Stock,N
135,AGD,abrdn Global Dynamic Dividend Fund Common Shares of Beneficial Interest,N
136,AGG,iShares Core U.S. Aggregate Bond ETF,Y
137,AGGH,Simplify Aggregate Bond ETF,Y
138,AGGS,Harbor Disciplined Bond ETF,Y
139,AGGY,WisdomTree Yield Enhanced U.S. Aggregate Bond Fund,Y
140,AGI,Alamos Gold Inc. Class A Common Shares,N
141,AGIG,Abundia Global Impact Group Inc. Common stock,N
142,AGIQ,SoFi Agentic AI ETF,Y
143,AGL,"agilon health, inc. Common Stock",N
144,AGM,Federal Agricultural Mortgage Corporation Common Stock,N
145,AGM$D,"Federal Agricultural Mortgage Corporation 5.700% Non-Cumulative Preferred Stock, Series D",N
146,AGM$E,"Federal Agricultural Mortgage Corporation 5.750% Non-Cumulative Preferred Stock, Series E",N
147,AGM$F,"Federal Agricultural Mortgage Corporation 5.250% Non-Cumulative Preferred Stock, Series F",N
148,AGM$G,"Federal Agricultural Mortgage Corporation 4.875% Non-Cumulative Preferred Stock, Series G",N
149,AGM$H,"Federal Agricultural Mortgage Corporation 6.500% Non-Cumulative Preferred Stock, Series H",N
150,AGM$I,"Federal Agricultural Mortgage Corporation 6.875% Non-Cumulative Preferred Stock, Series I",N
151,AGM.A,Federal Agricultural Mortgage Corporation Common Stock,N
152,AGO,Assured Guaranty Ltd. Common Stock,N
153,AGOX,Adaptive Alpha Opportunities ETF,Y
154,AGQ,ProShares Ultra Silver,Y
155,AGQI,First Trust Active Global Quality Income ETF,Y
156,AGRO,Adecoagro S.A. Common Shares,N
157,AGRW,Allspring LT Large Growth ETF,Y
158,AGX,"Argan, Inc. Common Stock",N
159,AGZ,iShares  Agency Bond ETF,Y
160,AHBM,Amplify Top 10 Asia Memory ETF,Y
161,AHL$D,Aspen Insurance Holdings Limited 5.625% Perpetual Non-Cumulative Preference Shares,N
162,AHL$E,"Aspen Insurance Holdings Limited Depositary Shares, each representing a 1/1000th interest in a share of 5.625% Perpetual Non-Cumulative Preference Shares",N
163,AHL$F,"Aspen Insurance Holdings Limited Depositary Shares, each representing a 1/1,000th Interest in a 7.00% Perpetual Non-Cumulative Preference Share",N
164,AHLT,AHL Trend ETF,Y
165,AHR,"American Healthcare REIT, Inc. Common Stock",N
166,AHRT,"AH Realty Trust, Inc. Common Stock",N
167,AHRT$A,"AH Realty Trust, Inc. 6.75% Series A Cumulative Redeemable Perpetual Preferred Stock",N
168,AHT,Ashford Hospitality Trust Inc Common Stock,N
169,AHT$D,Ashford Hospitality Trust Inc 8.45% Series D Cumulative Preferred Stock,N
170,AHT$F,Ashford Hospitality Trust Inc 7.375% Series F Cumulative Preferred Stock,N
171,AHT$G,Ashford Hospitality Trust Inc 7.375% Series G Cumulative Preferred Stock,N
172,AHT$H,Ashford Hospitality Trust Inc 7.50% Series H Cumulative Preferred Stock,N
173,AHT$I,Ashford Hospitality Trust Inc 7.50% Series I Cumulative Preferred Stock,N
174,AHYB,American Century Select High Yield ETF,Y
175,AI,"C3.ai, Inc. Class A Common Stock",N
176,AIB,AIB Data Centers Inc. Common Stock,N
177,AIBD,Direxion Daily AI and Big Data Bear 2X ETF,Y
178,AIBU,Direxion Daily AI and Big Data Bull 2X ETF,Y
179,AIEQ,Amplify AI Powered Equity ETF,Y
180,AIG,"American International Group, Inc. New Common Stock",N
181,AIHY,Defiance AI Hyperscale Leaders ETF,Y
182,AII,"American Integrity Insurance Group, Inc. Common Stock",N
183,AIIA,AI Infrastructure Acquisition Corp. Class A Ordinary Shares,N
184,AIIA.R,"AI Infrastructure Acquisition Corp. Rights, each entitling the holder to receive one-fifth (1/5) of one Class A Ordinary Share",N
185,AIIA.U,"AI Infrastructure Acquisition Corp. Units, each consisting of one Class A Ordinary Share and one Right",N
186,AIM,AIM ImmunoTech Inc. Common Stock,N
187,AIN,Albany International Corporation Common Stock,N
188,AINP,Allspring Income Plus ETF,Y
189,AINT,FINQ DOLLAR NEUTRAL U.S. Large Cap AI-Managed Equity ETF,Y
190,AIO,Virtus Artificial Intelligence & Technology Opportunities Fund Common Shares of Beneficial Interest,N
191,AIOO,AllianzIM U.S. Equity Buffer100 Protection ETF,Y
192,AIQD,MicroSectors -3? Short Artificial Intelligence (AI) ETNs,Y
193,AIQU,MicroSectors 3? Long Artificial Intelligence (AI) ETNs,Y
194,AIR,AAR Corp. Common Stock,N
195,AIRI,Air Industries Group Common Stock,N
196,AIS,VistaShares Artificial Intelligence Supercycle ETF,Y
197,AIT,"Applied Industrial Technologies, Inc. Common Stock",N
198,AIUP,FINQ FIRST U.S. Large Cap AI-Managed Equity ETF,Y
199,AIV,Apartment Investment and Management Company Common Stock,N
200,AIVC,Amplify Bloomberg AI Equal Weight ETF,Y
201,AIVI,WisdomTree International AI Enhanced Value Fund,Y
202,AIVL,WisdomTree U.S. AI Enhanced Value Fund,Y
203,AIYY,YieldMax AI Option Income Strategy ETF,Y
204,AIZ,"Assurant, Inc. Common Stock",N
205,AIZN,"Assurant, Inc. 5.25% Subordinated Notes due 2061",N
206,AJAN,Innovator Equity Defined Protection ETF - 2 Yr to January 2028,Y
207,AJG,Arthur J. Gallagher & Co. Common Stock,N
208,AJUL,Innovator Equity Defined Protection ETF - 2 Yr to July 2026,Y
209,AKA,a.k.a. Brands Holding Corp. Common Stock,N
210,AKAF,The Frontier Economic Fund,Y
211,AKAL,T-REX 2X Long AKAM Daily Target ETF,Y
212,AKO.A,Embotelladora Andina S.A. Common Stock,N
213,AKO.B,Embotelladora Andina S.A. Common Stock,N
214,AKR,Acadia Realty Trust Common Stock,N
215,AKRE,Akre Focus ETF,Y
216,ALA,Corgi ALAB 2x Daily ETF,Y
217,ALAI,Alger AI Enablers & Adopters ETF,Y
218,ALB,Albemarle Corporation Common Stock,N
219,ALB$A,Albemarle Corporation Depositary Shares each representing a 1/20th of 7.25% Series A Mandatory Convertible Preferred Stock,N
220,ALC,Alcon Inc. Ordinary Shares,N
221,ALDB,Aptus Laddered Deep Buffer ETF,Y
222,ALG,"Alamo Group, Inc. Common Stock",N
223,ALH,Alliance Laundry Holdings Inc. Common Stock,N
224,ALIT,"Alight, Inc. Class A Common Stock",N
225,ALK,"Alaska Air Group, Inc. Common Stock",N
226,ALL,Allstate Corporation (The) Common Stock,N
227,ALL$B,Allstate Corporation (The) 5.100% Fixed-to-Floating Rate Subordinated Debentures due 2053,N
228,ALL$H,"Allstate Corporation (The) Depositary Shares each representing a 1/1,000th interest in a share of Fixed Rate Noncumulative Perpetual Preferred Stock, Series H",N
229,ALL$I,"Allstate Corporation (The) Depositary Shares each representing a 1/1,000th interest in a share of Fixed Rate Noncumulative Perpetual Preferred Stock, Series I",N
230,ALL$J,"Allstate Corporation (The) Depositary Shares each representing a 1/1,000th interest in a share of Fixed Rate Noncumulative Perpetual Preferred Stock, Series J",N
231,ALLE,Allegion plc Ordinary Shares,N
232,ALLY,Ally Financial Inc. Common Stock,N
233,ALRG,Allspring LT Large Core ETF,Y
234,ALSN,"Allison Transmission Holdings, Inc. Common Stock",N
235,ALTG,Alta Equipment Group Inc. Class A Common Stock,N
236,ALTG$A,Alta Equipment Group Inc. Depositary Shares (each representing 1/1000th in a share of 10% Series A Cumulative Perpetual Preferred Stock),N
237,ALTL,Pacer Lunt Large Cap Alternator ETF,Y
238,ALUB,Alussa Energy Acquisition Corp. II Class A Ordinary Shares,N
239,ALUB.U,"Alussa Energy Acquisition Corp. II Units, each consisting of one Class A ordinary share and one-third of one redeemable warrant",N
240,ALUB.W,"Alussa Energy Acquisition Corp. II Redeemable Warrants, each whole warrant exercisable for one Class A ordinary share at an exercise price of $11.50 per share",N
241,ALV,"Autoliv, Inc. Common Stock",N
242,ALX,"Alexander's, Inc. Common Stock",N
243,AM,Antero Midstream Corporation Common Stock,N
244,AMAA,Corgi AMZN 2x Daily ETF,Y
245,AMAU,Leverage Shares 2X Long AMAT Daily ETF,Y
246,AMAX,Adaptive Hedged Multi-Asset Income ETF,Y
247,AMBO,Ambow Education Holding Ltd. American Depository Shares (each representing twenty (20) Class A Ordinary Shares),N
248,AMBP,Ardagh Metal Packaging S.A. Ordinary Shares,N
249,AMBQ,"Ambiq Micro, Inc. Common Stock",N
250,AMC,"AMC Entertainment Holdings, Inc. Class A Common Stock",N
251,AMCR,Amcor plc Ordinary Shares,N
252,AMDC,Corgi AMD 2x Daily ETF,Y
253,AMDW,Roundhill AMD WeeklyPay ETF,Y
254,AMDY,Yieldmax AMD Option Income Strategy ETF,Y
255,AME,"AMETEK, Inc.",N
256,AMG,"Affiliated Managers Group, Inc. Common Stock",N
257,AMH,American Homes 4 Rent Common Shares of Beneficial Interest,N
258,AMH$G,American Homes 4 Rent Series G cumulative redeemable perpetual preferred shares of beneficial interest,N
259,AMH$H,American Homes 4 Rent Series H cumulative redeemable perpetual Preferred Shares of Beneficial Interest,N
260,AMHI,American Beacon Aberdeen Municipal High Income ETF,Y
261,AMJB,Alerian MLP Index ETN,Y
262,AMKL,Defiance Daily Target 2X Long AMKR ETF,Y
263,AMKX,Corgi AMKR 2x Daily ETF,Y
264,AMLP,Alerian MLP ETF,Y
265,AMMO,VistaShares Defense Supercycle ETF,Y
266,AMN,AMN Healthcare Services Inc,N
267,AMOM,QRAFT AI-Enhanced U.S. Large Cap Momentum ETF,Y
268,AMP,"Ameriprise Financial, Inc. Common Stock",N
269,AMPU,Defiance Daily Target 2X Long AMPX ETF,Y
270,AMPX,"Amprius Technologies, Inc. Common Stock",N
271,AMPX.W,"Amprius Technologies, Inc. Warrants to purchase one share of Common Stock at an exercise price of $11.50 per share",N
272,AMPY,Amplify Energy Corp. Common Stock,N
273,AMR,"Alpha Metallurgical Resources, Inc. Common Stock",N
274,AMRC,"Ameresco, Inc. Class A Common Stock",N
275,AMRZ,Amrize Ltd Ordinary Shares,N
276,AMS,American Shared Hospital Services Common Stock,N
277,AMT,American Tower Corporation (REIT) Common Stock,N
278,AMTB,Amerant Bancorp Inc. Class A Common Stock,N
279,AMTD,"AMTD IDEA Group American Depositary Shares, each representing six (6) Class A Ordinary Shares",N
280,AMTM,"Amentum Holdings, Inc. Common Stock",N
281,AMUB,"ETRACS Alerian MLP Index ETN Series B due July 18, 2042",N
282,AMWL,American Well Corporation Class A Common Stock,N
283,AMX,"America Movil, S.A.B. de C.V. American Depositary Shares (each representing the right to receive twenty (20) Series B Shares",N
284,AMZA,InfraCap MLP ETF,Y
285,AMZE,"Amaze Holdings, Inc. Common Stock",N
286,AMZG,Leverage Shares 2X Long AMZN Daily ETF,Y
287,AMZO,Tradr 2X Short AMZN Daily ETF,Y
288,AMZP,Kurv Yield Premium Strategy Amazon (AMZN) ETF,Y
289,AMZW,Roundhill AMZN WeeklyPay ETF,Y
290,AMZY,YieldMax AMZN Option Income Strategy ETF,Y
291,AN,"AutoNation, Inc. Common Stock",N
292,ANDG,Andersen Group Inc. Class A Common Stock,N
293,ANET,"Arista Networks, Inc. Common Stock",N
294,ANEW,ProShares MSCI Transformational Changes ETF,Y
295,ANF,Abercrombie & Fitch Company Common Stock,N
296,ANG$D,"American National Group Inc. Depositary Shares, each representing a 1/1000th interest in a share of 7.375% Fixed-Rate Non-Cumulative Preferred Stock, Series D",N
297,ANGX,"Angel Studios, Inc. Class A Common Stock",N
298,ANRO,"Alto Neuroscience, Inc. Common Stock",N
299,ANTW,Anthropic AI Lab Ecosystem ETF,Y
300,ANVS,"Annovis Bio, Inc. Common Stock",N
301,AOA,iShares Core 80/20 Aggressive Allocation ETF,Y
302,AOCT,Innovator Equity Defined Protection ETF - 2 Yr to October 2026,Y
303,AOD,abrdn Total Dynamic Dividend Fund Common Shares of Beneficial Interest,N
304,AOK,iShares Core 30/70 Conservative Allocation ETF,Y
305,AOM,iShares Core 40/60 Moderate Allocation ETF,Y
306,AOMD,"Angel Oak Mortgage REIT, Inc. 9.750% Senior Notes due 2030",N
307,AOMN,"Angel Oak Mortgage REIT, Inc. 9.500% Senior Notes due 2029",N
308,AOMR,"Angel Oak Mortgage REIT, Inc. Common Stock",N
309,AON,Aon plc Class A Ordinary Shares (Ireland),N
310,AOR,iShares Core 60/40 Balanced Allocation ETF,Y
311,AORT,"Artivion, Inc. Common Stock",N
312,AOS,A.O. Smith Corporation Common Stock,N
313,AP,Ampco-Pittsburgh Corporation Common Stock,N
314,APAM,Artisan Partners Asset Management Inc. Class A Common Stock,N
315,APCB,ActivePassive Core Bond ETF,Y
316,APD,"Air Products and Chemicals, Inc. Common Stock",N
317,APDB,Aptus April Deep Buffer ETF,Y
318,APG,APi Group Corporation Common Stock,N
319,APH,Amphenol Corporation Common Stock,N
320,APHG,Leverage Shares 2X Long APH Daily ETF,Y
321,APHU,T-REX 2X Long APH Daily Target ETF,Y
322,APIE,ActivePassive International Equity ETF,Y
323,APLE,"Apple Hospitality REIT, Inc. Common Shares",N
324,APLU,Allspring Core Plus ETF,Y
325,APLX,Tradr 2X Long APLD Daily ETF,Y
326,APLY,YieldMax AAPL Option Income Strategy ETF,Y
327,APLZ,Tradr 2X Short APLD Daily ETF,Y
328,APMI,Corgi AMAT 2x Daily ETF,Y
329,APMU,ActivePassive Intermediate Municipal Bond ETF,Y
330,APO,"Apollo Global Management, Inc. (New) Common Stock",N
331,APOC,Innovator Equity Defined Protection ETF - 6mo Apr/Oct,Y
332,APOS,"Apollo Global Management, Inc. 7.625% Fixed-Rate Resettable Junior Subordinated Notes due 2053",N
333,APPC,Corgi APP 2x Daily ETF,Y
334,APRB,Aptus April Buffer ETF,Y
335,APRH,Innovator Premium Income 20 Barrier ETF - April,Y
336,APRJ,Innovator Premium Income 30 Barrier ETF - April,Y
337,APRP,PGIM S&P 500 Buffer 12 ETF - April,Y
338,APRT,AllianzIM U.S. Large Cap Buffer10 Apr ETF,Y
339,APRW,AllianzIM U.S. Large Cap Buffer20 Apr ETF,Y
340,APRZ,TrueShares Structured Outcome (April) ETF,Y
341,APT,"Alpha Pro Tech, Ltd. Common Stock",N
342,APTV,Aptiv PLC Ordinary Shares,N
343,APUE,ActivePassive U.S. Equity ETF,Y
344,APUS,"Apimeds Pharmaceuticals US, Inc. Common Stock",N
345,APXM,FT Vest U.S. Equity Max Buffer ETF - April,Y
346,AQEC,AQE Core ETF,Y
347,AQLT,iShares MSCI Global Quality Factor ETF,Y
348,AQN,Algonquin Power & Utilities Corp. Common Shares,N
349,AQNB,"Algonquin Power & Utilities Corp. 6.20% Fixed-to-Floating Subordinated Notes Series 2019-A due July 1, 2079",N
350,AR,Antero Resources Corporation Common Stock,N
351,ARB,AltShares Merger Arbitrage ETF,Y
352,ARCM,Arrow Reserve Capital Management ETF,Y
353,ARCO,Arcos Dorados Holdings Inc. Class A Shares,N
354,ARCP,Aristotle Core Plus Income ETF,Y
355,ARCX,Tradr 2X Long ACHR Daily ETF,Y
356,ARDC,"Ares Dynamic Credit Allocation Fund, Inc. Common Shares",N
357,ARDT,"Ardent Health, Inc. Common Stock",N
358,ARE,"Alexandria Real Estate Equities, Inc. Common Stock",N
359,AREN,"The Arena Group Holdings, Inc. Common Stock",N
360,ARES,Ares Management Corporation Class A Common Stock,N
361,ARES$B,Ares Management Corporation 6.75% Series B Mandatory Convertible Preferred Stock,N
362,ARGT,Global X MSCI Argentina ETF,Y
363,ARI,"Apollo Commercial Real Estate Finance, Inc",N
364,ARIA,ARIA Opportunities ETF,Y
365,ARIS,Aris Mining Corporation Common Shares,N
366,ARKB,ARK 21Shares Bitcoin ETF ,Y
367,ARKD,ARK DIET Q1 Buffer ETF,Y
368,ARKE,ARK DIET Q3 Buffer ETF,Y
369,ARKF,ARK Blockchain & Fintech Innovation ETF,Y
370,ARKG,ARK Genomic Revolution ETF,Y
371,ARKI,ARK DIET Q2 Buffer ETF,Y
372,ARKK,ARK Innovation ETF,Y
373,ARKQ,ARK Autonomous Technology & Robotics ETF,Y
374,ARKT,ARK DIET Q4 Buffer ETF,Y
375,ARKW,ARK Next Generation Internet ETF,Y
376,ARKX,ARK Space & Defense Innovation ETF,Y
377,ARKY,ARK Active Autocallable Income ETF,Y
378,ARL,"American Realty Investors, Inc. Common Stock",N
379,ARLI,AllianzIM International Equity Buffer15 Uncapped Apr ETF,Y
380,ARLO,"Arlo Technologies, Inc. Common Stock",N
381,ARLU,AllianzIM U.S. Equity Buffer15 Uncapped Apr ETF,Y
382,ARMA,Corgi ARM 2x Daily ETF,Y
383,ARMH,Arm Holdings PLC ADRhedged,Y
384,ARMK,Aramark Common Stock,N
385,ARMP,"Armata Pharmaceuticals, Inc. Common Stock",N
386,ARMS,Aristotle Multi-Sector Income ETF,Y
387,ARMW,Roundhill ARM WeeklyPay ETF,Y
388,AROC,"Archrock, Inc. Common Stock",N
389,ARP,PMV Adaptive Risk Parity ETF,Y
390,ARR,"ARMOUR Residential REIT, Inc.",N
391,ARR$C,"ARMOUR Residential REIT, Inc. 7% Series C Cumulative Redeemable Preferred Stock (liquidation preference $25.00 per share)",N
392,ARTY,iShares Future AI & Tech ETF,Y
393,ARW,"Arrow Electronics, Inc. Common Stock",N
394,ARWG,Archer Growth ETF,Y
395,ARX,Accelerant Holdings Class A Common Shares,N
396,AS,"Amer Sports, Inc. Ordinary Shares",N
397,ASA,ASA  Gold and Precious Metals Limited,N
398,ASAN,"Asana, Inc. Class A Common Stock",N
399,ASB,Associated Banc-Corp Common Stock,N
400,ASB$E,"Associated Banc-Corp Depositary Shares, each representing a 1/40th interest in a share of 5.875% Non-Cumulative Perpetual Preferred Stock, Series E",N
401,ASB$F,"Associated Banc-Corp Depositary Shares, each representing a 1/40th interest in a share of Associated Banc-Corp 5.625% Non-Cumulative Perpetual Preferred Stock, Series F",N
402,ASBA,Associated Banc-Corp 6.625% Fixed-Rate Reset Subordinated Notes due 2033,N
403,ASC,Ardmore Shipping Corporation Common Stock,N
404,ASCE,Allspring SMID Core ETF,Y
405,ASEA,Global X FTSE Southeast Asia ETF,Y
406,ASG,"Liberty All-Star Growth Fund, Inc.",N
407,ASGI,abrdn Global Infrastructure Income Fund Common Shares of Beneficial Interest,N
408,ASGM,Virtus AlphaSimplex Global Macro ETF,Y
409,ASH,Ashland Inc. Common Stock,N
410,ASHR,Xtrackers Harvest CSI 300 China A-Shares ETF,Y
411,ASHS,Xtrackers Harvest CSI 500 China A-Shares Small Cap ETF,Y
412,ASIA,Matthews Pacific Tiger Active ETF,Y
413,ASIC,Ategrity Specialty Insurance Company Holdings Common Stock,N
414,ASIX,AdvanSix Inc. Common Stock ,N
415,ASLV,Allspring Special Large Value ETF,Y
416,ASM,Avino Silver & Gold Mines Ltd. Common Shares (Canada),N
417,ASMF,Virtus AlphaSimplex Managed Futures ETF,Y
418,ASMH,ASML Holding NV ADRhedged,Y
419,ASMZ,Corgi ASML 2x Daily ETF,Y
420,ASPN,"Aspen Aerogels, Inc. Common Stock",N
421,ASR,"Grupo Aeroportuario del Sureste, S.A. de C.V. Common Stock",N
422,ASTG,Leverage Shares 2X Long ASTS Daily ETF,Y
423,ASTN,Defiance Daily Target 2X Short ASTS ETF,Y
424,ASTT,Corgi ASTS 2x Daily ETF,Y
425,ASTX,Tradr 2X Long ASTS Daily ETF,Y
426,ASTY,Defiance Daily Target 2X Long ASTS ETF,Y
427,ASUP,T-REX 2X Long ASTS Daily Target ETF,Y
428,ASX,"ASE Technology Holding Co., Ltd. American Depositary Shares (each representing Two Common Shares) ",N
429,ATCH,"AtlasClear Holdings, Inc. Common Stock",N
430,ATCL,REX Autocallable Income ETF,Y
431,ATEN,"A10 Networks, Inc. Common Stock",N
436,ATFV,Alger 35 ETF,Y
437,ATH$A,"Athene Holding Ltd. Depositary Shares, Each Representing a 1/1,000th Interest in a 6.35% Fixed-to-Floating Rate Perpetual Non-Cumulative Preference Share, Series A",N
438,ATH$B,"Athene Holding Ltd. Depositary Shares, Each Representing a 1/1,000th Interest in a 5.625% Fixed Rate Perpetual Non- Cumulative Preference Share, Series B, par value $1.00 per share",N
439,ATH$D,"Athene Holding Ltd. Depositary Shares, Each Representing a 1/1,000th Interest in a 4.875% Fixed-Rate Perpetual Non-Cumulative Preference Share, Series D",N
440,ATH$E,"Athene Holding Ltd. Depositary Shares, Each Representing a 1/1,000th Interest in a 7.750% Fixed-Rate Reset Perpetual Non-Cumulative Preference Share, Series E",N
441,ATHM,"Autohome Inc. American Depositary Shares, each representing four class A ordinary shares.",N
442,ATHS,Athene Holding Ltd. 7.250% Fixed-Rate Reset Junior Subordinated Debentures due 2064,N
443,ATI,ATI Inc. Common Stock,N
444,ATKR,Atkore Inc. Common Stock,N
445,ATMP,iPath Select MLP ETN,N
446,ATMU,Atmus Filtration Technologies Inc. Common Stock,N
447,ATNM,"Actinium Pharmaceuticals, Inc. (Delaware) Common Stock",N
448,ATO,Atmos Energy Corporation Common Stock,N
449,ATR,"AptarGroup, Inc. Common Stock",N
450,ATS,ATS Corporation Common Shares,N
451,ATTR,Arin Tactical Tail Risk ETF,Y
452,AU,AngloGold Ashanti PLC Ordinary Shares,N
453,AUAU,Global X Gold Miners ETF,Y
454,AUB,Atlantic Union Bankshares Corporation Common Stock,N
455,AUB$A,"Atlantic Union Bankshares Corporation Depositary Shares each representing a 1/400th ownership interest in a share of 6.875% Perpetual Non-Cumulative Preferred Stock, Series A",N
456,AUGC,Corgi U.S. Equities 10% Structured Buffer ETF - August Series,Y
457,AUGM,FT Vest U.S. Equity Max Buffer ETF - August,Y
458,AUGP,PGIM S&P 500 Buffer 12 ETF - August,Y
459,AUGT,AllianzIM U.S. Large Cap Buffer10 Aug ETF,Y
460,AUGU,AllianzIM U.S. Equity Buffer15 Uncapped Aug ETF,Y
461,AUGW,AllianzIM U.S. Large Cap Buffer20 Aug ETF,Y
462,AUGZ,TrueShares Structured Outcome (August) ETF,Y
463,AUNA,Auna SA Class A Ordinary Shares,N
464,AUSF,Global X Adaptive U.S. Factor ETF,Y
465,AUSM,Allspring Ultra Short Municipal ETF,Y
466,AUST,Austin Gold Corp. Common Shares,N
467,AV,Corgi Aerospace & Commercial Aviation ETF,Y
468,AVA,Avista Corporation Common Stock,N
469,AVAL,Grupo Aval Acciones y Valores S.A. ADR (Each representing 20 preferred shares),N
470,AVAZ,2x Avalanche ETF,Y
471,AVBC,"Avidia Bancorp, Inc. Common Stock",N
472,AVD,American Vanguard Corporation Common Stock ($0.10 Par Value),N
473,AVDE,Avantis International Equity ETF,Y
474,AVDS,Avantis International Small Cap Equity ETF,Y
475,AVDV,Avantis International Small Cap Value ETF,Y
476,AVEE,Avantis Emerging Markets Small Cap Equity ETF,Y
477,AVEM,Avantis Emerging Markets Equity ETF,Y
478,AVES,Avantis Emerging Markets Value ETF,Y
479,AVEX,AEVEX Corp. Class A Common Stock,N
480,AVGC,Corgi AVGO 2x Daily ETF,Y
481,AVGE,Avantis All Equity Markets ETF,Y
482,AVGV,Avantis All Equity Markets Value ETF,Y
483,AVGW,Roundhill AVGO WeeklyPay ETF,Y
484,AVIE,Avantis Inflation Focused Equity ETF,Y
485,AVIG,Avantis Core Fixed Income ETF,Y
486,AVIV,Avantis International Large Cap Value ETF,Y
487,AVK,Advent Convertible and Income Fund,N
488,AVLC,Avantis U.S. Large Cap Equity ETF,Y
489,AVLV,Avantis U.S. Large Cap Value ETF,Y
490,AVMA,Avantis Moderate Allocation ETF,Y
491,AVMC,Avantis U.S. Mid Cap Equity ETF,Y
492,AVMU,Avantis Core Municipal Fixed Income ETF,Y
493,AVMV,Avantis U.S. Mid Cap Value ETF,Y
494,AVNM,Avantis All International Markets Equity ETF,Y
495,AVNT,Avient Corporation Common Stock,N
496,AVNV,Avantis All International Markets Value ETF,Y
497,AVRE,Avantis Real Estate ETF,Y
498,AVRY,Avory Foundational ETF,Y
499,AVSC,Avantis U.S Small Cap Equity ETF,Y
500,AVSD,Avantis Responsible International Equity ETF,Y
501,AVSE,Avantis Responsible Emerging Markets Equity ETF,Y
502,AVSF,Avantis Short-Term Fixed Income ETF,Y
503,AVSU,Avantis Responsible U.S. Equity ETF,Y
504,AVTM,Avantis Total Equity Markets ETF,Y
505,AVTR,"Avantor, Inc. Common Stock",N
506,AVUS,Avantis U.S. Equity ETF,Y
507,AVUV,Avantis U.S. Small Cap Value ETF,Y
508,AVY,Avery Dennison Corporation Common Stock,N
509,AWAY,Amplify Travel Tech ETF,Y
510,AWF,Alliancebernstein Global High Income Fund,N
511,AWI,Armstrong World Industries Inc Common Stock,N
512,AWK,"American Water Works Company, Inc. Common Stock",N
513,AWP,abrdn Global Premier Properties Fund Common Shares of Beneficial Interest,N
514,AWR,American States Water Company Common Stock,N
515,AWX,Avalon Holdings Corporation Common Stock,N
516,AX,"Axos Financial, Inc. Common Stock",N
517,AXIL,"AXIL Brands, Inc. Common Stock",N
518,AXP,American Express Company Common Stock,N
519,AXR,AMREP Corporation Common Stock,N
520,AXS,Axis Capital Holdings Limited Common Stock,N
521,AXS$E,"Axis Capital Holdings Limited Depositary Shares, each representing 1/100th interest in a share of a 5.50% Series E Preferred Shares",N
522,AXTA,Axalta Coating Systems Ltd. Common Shares,N
523,AXTC,Corgi AXTI 2x Daily ETF,Y
524,AXTL,Leverage Shares 2X Long AXTI Daily ETF,Y
525,AXTQ,Tradr 2X Short AXTI Daily ETF,Y
526,AXTU,T-REX 2X Long AXTI Daily Target ETF,Y
527,AXTX,Tradr 2X Long AXTI Daily ETF,Y
528,AYI,Acuity Inc. Common Stock,N
529,AZN,AstraZeneca PLC Ordinary Shares,N
530,AZO,"AutoZone, Inc. Common Stock",N
531,AZTD,Aztlan Global Stock Selection DM SMID ETF,Y
532,AZTR,Azitra Inc Common Stock,N
533,AZUL,"Azul S.A. American Depositary Shares, each representing two (2) Common Shares",N
534,AZZ,AZZ Inc.,N
535,B,Barrick Mining Corporation Common Shares,N
536,BA,Boeing Company (The) Common Stock,N
537,BA$A,"Boeing Company (The) Depositary Shares, each representing a 1/20th interest in a share of 6.00% Series A Mandatory Convertible Preferred Stock, par value $1.00",N
538,BAB,Invesco Taxable Municipal Bond ETF,Y
539,BABA,Alibaba Group Holding Limited American Depositary Shares each representing eight Ordinary share,N
540,BABC,Corgi BABA 2x Daily ETF,Y
541,BABO,YieldMax BABA Option Income Strategy ETF,Y
542,BABW,Roundhill BABA WeeklyPay ETF,Y
543,BAC,Bank of America Corporation Common Stock,N
544,BAC$B,"Bank of America Corporation Depositary Shares, each representing a 1/1,000th interest in a share of 6.000% Non-Cumulative Preferred Stock, Series GG",N
545,BAC$E,Bank of America Corporation Depositary Sh repstg 1/1000th Perp Pfd Ser E,N
546,BAC$K,"Bank of America Corporation Depositary Shares, each representing a 1/1,000th interest in a share of 5.875% Non- Cumulative Preferred Stock, Series HH",N
547,BAC$L,Bank of America Corporation Non Cumulative Perpetual Conv Pfd Ser L,N
548,BAC$M,"Bank of America Corporation Depositary Shares, each representing a 1/1,000th interest in a share of 5.375% Non-Cumulative Preferred Stock, Series KK",N
549,BAC$N,"Bank of America Corporation Depositary shares, each representing 1/1,000th interest in a share of 5.000% Non-Cumulative Preferred Stock, Series LL",N
550,BAC$O,"Bank of America Corporation Depositary shares, each representing 1/1,000th interest in a share of 4.375% Non-Cumulative Preferred Stock, Series NN",N
551,BAC$P,"Bank of America Corporation Depositary Shares, each representing a 1/1,000th interest in a share of 4.125% Non-Cumulative Preferred Stock, Series PP",N
552,BAC$Q,"Bank of America Corporation Depositary shares, each representing 1/1,000th interest in a share of 4.250% Non-Cumulative Preferred Stock, Series QQ",N
553,BAC$S,"Bank of America Corporation Depositary shares, each representing 1/1,000th interest in a share of 4.750% Non-Cumulative Preferred Stock, Series SS",N
554,BAGX,EA Bridgeway Aggressive Investors ETF,Y
555,BAGY,Amplify Bitcoin Max Income Covered Call ETF,Y
556,BAH,Booz Allen Hamilton Holding Corporation Common Stock,N
557,BAI,iShares A.I. Innovation and Tech Active ETF,Y
558,BAK,Braskem SA ADR,N
559,BALI,iShares U.S. Large Cap Premium Income Active ETF,Y
560,BALL,Ball Corporation Common Stock,N
561,BALT,Innovator Defined Wealth Shield ETF,Y
562,BALY,Bally's Corporation Common Stock,N
563,BAM,Brookfield Asset Management Inc Class A Limited Voting Shares,N
564,BAMA,Brookstone Active ETF,Y
565,BAMB,Brookstone Intermediate Bond ETF,Y
566,BAMD,Brookstone Dividend Stock ETF,Y
567,BAMG,Brookstone Growth Stock ETF,Y
568,BAMO,Brookstone Opportunities ETF,Y
569,BAMU,Brookstone Ultra-Short Bond ETF,Y
570,BAMV,Brookstone Value Stock ETF,Y
571,BAMY,Brookstone Yield ETF,Y
572,BANC,"Banc of California, Inc. Common Stock",N
573,BANC$F,"Banc of California, Inc. Depositary Shares, each representing a 1/40th interest in a share of 7.75% non-cumulative perpetual preferred stock, Series F",N
574,BAP,Credicorp Ltd. Common Stock,N
575,BAPR,Innovator U.S. Equity Buffer ETF - April,Y
576,BAR,GraniteShares Gold Trust Shares of Beneficial Interest,N
577,BARK,"BARK, Inc. Class A Common Stock",N
578,BATL,Battalion Oil Corporation Common Stock,N
579,BATT,Amplify Lithium & Battery Technology ETF,Y
580,BAUG,Innovator U.S. Equity Buffer ETF - August,Y
581,BAVA,Common Shares of Beneficial Interest of Bitwise Avalanche ETF,Y
582,BAX,Baxter International Inc. Common Stock,N
583,BAY,Corgi Bay Area Based ETF,Y
584,BB,BlackBerry Limited Common Stock,N
585,BBAG,JPMorgan BetaBuilders U.S. Aggregate Bond ETF,Y
586,BBAI,"BigBear.ai, Inc. Common Stock",N
587,BBAI.W,"BigBear.ai, Inc. Redeemable Warrants, each exercisable for one share of Common Stock at an exercise price of $11.50 per share",N
588,BBAR,Banco BBVA Argentina S.A. ADS,N
589,BBAX,JPMorgan BetaBuilders Developed Asia Pacific-ex Japan ETF,Y
590,BBBI,BondBloxx BBB Rated 5-10 Year Corporate Bond ETF,Y
591,BBBL,BondBloxx BBB Rated 10+ Year Corporate Bond ETF,Y
592,BBBS,BondBloxx BBB Rated 1-5 Year Corporate Bond ETF,Y
593,BBC,Virtus Biotech Clinical Trials ETF,Y
594,BBCA,JPMorgan BetaBuilders Canada ETF,Y
595,BBCB,JPMorgan BetaBuilders USD Investment Grade Corporate Bond ETF,Y
596,BBD,Banco Bradesco Sa American Depositary Shares,N
597,BBDC,"Barings BDC, Inc. Common Stock",N
598,BBDO,Banco Bradesco Sa American Depositary Shares (each representing one Common Share),N
599,BBEM,JPMorgan BetaBuilders Emerging Markets Equity ETF,Y
600,BBEU,JPMorgan BetaBuilders Europe ETF,Y
601,BBHL,BBH Select Large Cap ETF,Y
602,BBHM,BBH Select Mid Cap ETF,Y
603,BBHY,JPMorgan BetaBuilders USD High Yield Corporate Bond ETF,Y
604,BBIB,JPMorgan BetaBuilders U.S. Treasury Bond 3-10 Year ETF,Y
605,BBIN,JPMorgan BetaBuilders International Equity ETF,Y
606,BBJP,JPMorgan BetaBuilders Japan ETF,Y
607,BBLB,JPMorgan BetaBuilders U.S. Treasury Bond 20+ Year ETF,Y
608,BBLS,Munificent Seven ETF,Y
609,BBLU,EA Bridgeway Blue Chip ETF,Y
610,BBMC,JPMorgan BetaBuilders U.S. Mid Cap Equity ETF,Y
611,BBN,BlackRock Taxable Municipal Bond Trust Common Shares of Beneficial Interest,N
612,BBP,Virtus Biotech ETF,Y
613,BBRE,JPMorgan BetaBuilders MSCI U.S. REIT ETF,Y
614,BBSB,JPMorgan BetaBuilders U.S. Treasury Bond 1-3 Year ETF,Y
615,BBSC,JPMorgan BetaBuilders U.S. Small Cap Equity ETF,Y
616,BBT,Beacon Financial Corporation Common stock,N
617,BBUC,Brookfield Business Corporation Class A Subordinate Voting Shares,N
618,BBUS,JPMorgan BetaBuilders U.S. Equity ETF,Y
619,BBVA,Banco Bilbao Vizcaya Argentaria S.A. Common Stock,N
620,BBW,"Build-A-Bear Workshop, Inc. Common Stock",N
621,BBWI,"Bath & Body Works, Inc.",N
622,BBY,"Best Buy Co., Inc. Common Stock",N
623,BC,Brunswick Corporation Common Stock,N
624,BC$C,Brunswick Corporation 6.375% Notes due 2049,N
625,BCAT,BlackRock Capital Allocation Term Trust Common Shares of Beneficial Interest,N
626,BCC,"Boise Cascade, L.L.C. Common Stock",N
627,BCCC,Global X Bitcoin Covered Call ETF,Y
628,BCD,abrdn Bloomberg All Commodity Longer Dated Strategy K-1 Free ETF,Y
629,BCDF,Horizon Kinetics Blockchain Development ETF,Y
630,BCE,"BCE, Inc. Common Stock",N
631,BCEM,Baron Emerging Markets Select ETF,Y
632,BCGD,Baron Global Durable Advantage ETF,Y
633,BCGS,Bancreek Global Select ETF,Y
634,BCH,Banco De Chile ADS,N
635,BCHP,Principal Focused Blue Chip ETF,Y
636,BCHT,Birchtech Corp. Common Stock,N
637,BCI,abrdn Bloomberg All Commodity Strategy K-1 Free ETF,Y
638,BCIL,Bancreek International Large Cap ETF,Y
639,BCKT,LifeX 2030 Income Bucket ETF,Y
640,BCO,Brinks Company (The) Common Stock,N
641,BCOR,Grayscale Bitcoin Adopters ETF,Y
642,BCPL,BNY Mellon Core Plus ETF,Y
643,BCS,Barclays PLC Common Stock,N
644,BCSF,"Bain Capital Specialty Finance, Inc. Common Stock",N
645,BCSM,Baron SMID Cap ETF,Y
646,BCSS,Bain Capital GSS Investment Corp. Class A Ordinary Shares,N
647,BCSS.U,"Bain Capital GSS Investment Corp. Units, each consisting of one Class A Ordinary Share and one-fifth of one redeemable warrant",N
648,BCSS.W,"Bain Capital GSS Investment Corp. Redeemable warrants, each whole warrant exercisable for one Class A ordinary share at an exercise price of $11.50",N
649,BCUS,Bancreek U.S. Large Cap ETF,Y
650,BCV,"Bancroft Fund, Ltd.",N
651,BCV$A,Bancroft Fund Limited 5.375% Series A Cumulative Preferred Shares,N
652,BCX,BlackRock Resources Common Shares of Beneficial Interest,N
653,BD,Russell Investments Core Plus Bond ETF,Y
654,BDBT,Bluemonte Core Bond ETF,Y
655,BDC,Belden Inc Common Stock,N
656,BDCX,"ETRACS Quarterly Pay 1.5x Leveraged MarketVector BDC Liquid Index ETN due June 10, 2050",Y
657,BDCZ,"ETRACS MarketVector Business Development Companies Liquid Index ETN due April 26, 2041",N
658,BDEC,Innovator U.S. Equity Buffer ETF - December,Y
659,BDIV,AAM Brentview Dividend Growth ETF,Y
660,BDJ,Blackrock Enhanced Equity Dividend Trust,N
661,BDL,"Flanigan's Enterprises, Inc. Common Stock",N
662,BDN,Brandywine Realty Trust Common Stock,N
663,BDRY,Breakwave Dry Bulk Shipping ETF,Y
664,BDVG,IMGP Berkshire Dividend Growth ETF,Y
665,BDX,"Becton, Dickinson and Company Common Stock",N
666,BE,Bloom Energy Corporation Class A Common Stock,N
667,BEBE,TGE Value Creative Solutions Corp Class A Ordinary Shares,N
668,BEBE.U,"TGE Value Creative Solutions Corp Units, each consisting of one Class A ordinary share and one-half of one redeemable warrant",N
669,BEBE.W,"TGE Value Creative Solutions Corp Redeemable warrants, each whole warrant exercisable for one Class A ordinary share at an exercise price of $11.50 per share",N
670,BEC,Corgi BE 2x Daily ETF,Y
671,BEDZ,AdvisorShares Hotel ETF,Y
672,BEGS,Rareview 2x Bull Cryptocurrency & Precious Metals ETF,Y
673,BEKE,KE Holdings Inc American Depositary Shares (each representing three Class A Ordinary Shares),N
674,BEMB,iShares J.P. Morgan Broad USD Emerging Markets Bond ETF,Y
675,BEMD,BNY Mellon Emerging Markets Debt ETF,Y
676,BEN,"Franklin Templeton, Inc. Common Stock",N
677,BENJ,Horizon Landmark ETF,Y
678,BEP,Brookfield Renewable Partners L.P. Limited Partnership Units,N
679,BEP$A,"Brookfield Renewable Partners L.P. 5.25% Class A Preferred Limited Partnership Units, Series 17",N
680,BEPC,Brookfield Renewable Corporation Brookfield Renewable Corporation Class A Subordinate Voting Shares,N
681,BEPH,Brookfield BRP Holdings (Canada) Inc. 4.625% Perpetual Subordinated Notes,N
682,BEPI,Brookfield BRP Holdings (Canada) Inc. 4.875% Perpetual Subordinated Notes,N
683,BEPJ,Brookfield BRP Holdings (Canada) Inc. 7.250% Perpetual Subordinated Notes,N
684,BERZ,MicroSectors FANG & Innovation -3x Inverse Leveraged ETN,Y
685,BESF,Bastion Energy ETF,Y
686,BESS,Bimergen Energy Corporation Common Stock,N
687,BESS.W,"Bimergen Energy Corporation Warrants, each share exercisable to purchase one share of Common Stock",N
688,BETA,"Beta Technologies, Inc. Class A Common Stock",N
689,BETE,ProShares Bitcoin & Ether Equal Weight ETF,Y
690,BETH,ProShares Bitcoin & Ether Market Cap Weight ETF,Y
691,BETZ,Roundhill Sports Betting & iGaming ETF,Y
692,BEX,Tradr 2X Long BE Daily ETF,Y
693,BEZ,Tradr 2X Short BE Daily ETF,Y
694,BF.A,Brown Forman Inc Class A Common Stock,N
695,BF.B,Brown Forman Inc Class B Common Stock,N
696,BFAM,Bright Horizons Family Solutions Inc. Common Stock,N
697,BFAP,FT Vest Bitcoin Strategy Floor15 ETF April,Y
698,BFEB,Innovator U.S. Equity Buffer ETF - February,Y
699,BFEW,FT Vest Laddered U.S. Equity Equal Weight Buffer ETF,Y
700,BFH,"Bread Financial Holdings, Inc. Common Stock",N
701,BFH$A,"Bread Financial Holdings, Inc. Depositary Shares, each representing a 1/40th interest in a share of 8.625% Non-Cumulative Perpetual Preferred Stock, Series A",N
702,BFH$B,"Bread Financial Holdings, Inc. Depositary Shares, each representing a 1/40th interest in a share of 8.875% Fixed Rate Reset Non-Cumulative Perpetual Preferred Stock, Series B",N
703,BFIX,Build Bond Innovation ETF,Y
704,BFJA,FT Vest Bitcoin Strategy Floor15 ETF - January,Y
705,BFJL,FT Vest Bitcoin Strategy Floor15 ETF July,Y
706,BFLB,BufferLABS US Equity Dynamic Buffer ETF,Y
707,BFLY,"Butterfly Network, Inc. Class A Common Stock",N
708,BFOC,FT Vest Bitcoin Strategy Floor15 ETF - October,Y
709,BFOR,Barron's 400 ETF,Y
710,BFRZ,Innovator Equity Managed 100 Buffer ETF,Y
711,BFS,"Saul Centers, Inc. Common Stock",N
712,BFS$D,"Saul Centers, Inc. Depositary Shares, each representing 1/100th of a share of 6.125% Series D Cumulative Redeemable Preferred Stock",N
713,BFS$E,"Saul Centers, Inc. Depositary shares, each representing a 1/100th fractional interest in a share of 6.000% Series E Cumulative Redeemable Preferred Stock",N
714,BFXU,FT Vest Laddered U.S. Equity Uncapped Accelerator ETF,Y
715,BG,Bunge Limited Common Shares,N
716,BGB,Blackstone Strategic Credit 2027 Term Fund Common Shares of Beneficial Interest,N
717,BGDV,Bahl & Gaynor Dividend ETF,Y
718,BGFI,BNY Mellon Global Fixed Income ETF,Y
719,BGH,Barings Global Short Duration High Yield Fund Common Shares of Beneficial Interests,N
720,BGI,Birks Group Inc. Common Stock,N
721,BGIG,Bahl & Gaynor Income Growth ETF,Y
722,BGLD,FT Vest Gold Strategy Quarterly Buffer ETF,Y
723,BGR,BlackRock Energy and Resources Trust,N
724,BGS,"B&G Foods, Inc. Common Stock",N
725,BGSF,"BGSF, Inc. Common Stock",N
726,BGSI,Boyd Group Services Inc. Common Shares,N
727,BGT,BlackRock Floating Rate Income Trust,N
728,BGX,Blackstone Long Short Credit Income Fund Common Shares,N
729,BGY,Blackrock Enhanced International Dividend Trust,N
730,BH,Biglari Holdings Inc. Class B Common Stock,N
731,BH.A,Biglari Holdings Inc. Class A Common Stock,N
732,BHB,"Bar Harbor Bankshares, Inc. Common Stock",N
733,BHC,Bausch Health Companies Inc. Common Stock,N
734,BHE,"Benchmark Electronics, Inc. Common Stock",N
735,BHK,Blackrock Core Bond Trust,N
736,BHM,"Bluerock Homes Trust, Inc. Class A Common Stock",N
737,BHP,BHP Group Limited American Depositary Shares (Each representing two Ordinary Shares),N
738,BHR,Braemar Hotels & Resorts Inc. Common Stock,N
739,BHR$B,"Braemar Hotels & Resorts Inc. 5.50% Series B Cumulative Convertible Preferred Stock, par value $0.01 per share",N
740,BHR$D,"Braemar Hotels & Resorts Inc. 8.25% Series D Cumulative Preferred Stock,  par value $0.01 per share",N
741,BHV,BlackRock Virginia Municipal Bond Trust,N
742,BHVN,Biohaven Ltd. Common Shares ,N
743,BHYB,Xtrackers USD High Yield BB-B ex Financials ETF,Y
744,BHYP,Common Shares of Beneficial Interest of Bitwise Hyperliquid ETF,Y
745,BIBL,Inspire 100 ETF,Y
746,BIDD,iShares International Dividend Active ETF,Y
747,BIGY,YieldMax Target 12 Big 50 Option Income ETF,Y
748,BIII,Black Spade Acquisition III Co Class A Ordinary Shares,N
749,BIII.U,"Black Spade Acquisition III Co Units, each consisting of one Class A ordinary share and one-third of one redeemable warrant",N
750,BIII.W,"Black Spade Acquisition III Co Redeemable warrants, each whole warrant exercisable for one Class A ordinary share at an exercise price of $11.50",N
751,BIL,State Street SPDR Bloomberg 1-3 Month T-Bill ETF,Y
752,BILD,Nomura Global Listed Infrastructure ETF,Y
753,BILL,"BILL Holdings, Inc. Common Stock",N
754,BILS,State Street SPDR Bloomberg 3-12 Month T-Bill ETF,Y
755,BILT,iShares Infrastructure Active ETF,Y
756,BILZ,PIMCO Ultra Short Government Active Exchange-Traded Fund,Y
757,BINC,iShares Flexible Income Active ETF,Y
758,BINT,Bluemonte Global Equity ETF,Y
759,BINV,Brandes International ETF,Y
760,BIO,"Bio-Rad Laboratories, Inc. Class A Common Stock",N
761,BIO.B,"Bio-Rad Laboratories, Inc. Class B  Common Stock",N
762,BIP,Brookfield Infrastructure Partners LP Limited Partnership Units,N
763,BIP$A,"Brookfield Infrastructure Partners LP 5.125% Class A Preferred Limited Partnership Units, Series 13",N
764,BIP$B,"Brookfield Infrastructure Partners LP 5.000% Class A Preferred Limited Partnership Units, Series 14",N
765,BIPC,Brookfield Infrastructure Corporation Brookfield Infrastructure Corporation,N
766,BIPH,Brookfield Infrastructure Corporation 5.000% Subordinated Notes due 2081,N
767,BIPI,BIP Bermuda Holdings I Limited 5.125% Perpetual Subordinated Notes,N
768,BIPJ,Brookfield Infrastructure Corporation 7.250% Subordinated Notes due 2084,N
769,BIRK,Birkenstock Holding plc Ordinary Shares,N
770,BIT,BlackRock Multi-Sector Income Trust Common Shares of Beneficial Interest,N
771,BITB,Bitwise Bitcoin ETF ,Y
772,BITC,Bitwise Trendwise Bitcoin and Treasuries Rotation Strategy ETF,Y
773,BITI,ProShares Short Bitcoin ETF,Y
774,BITO,ProShares Bitcoin ETF,Y
775,BITQ,Bitwise Crypto Industry Innovators ETF,Y
776,BITU,ProShares Ultra Bitcoin ETF,Y
777,BITW,Common Shares of Beneficial Interest,Y
778,BITX,2x Bitcoin ETF,Y
779,BITY,Amplify Bitcoin 2% Monthly Option Income ETF,Y
780,BIV,Vanguard Intermediate-Term Bond ETF,Y
781,BIZD,VanEck BDC Income ETF,Y
782,BJ,"BJ's Wholesale Club Holdings, Inc. Common Stock",N
783,BJAN,Innovator U.S. Equity Buffer ETF - January,Y
784,BJUL,Innovator U.S. Equity Buffer ETF - July,Y
785,BJUN,Innovator U.S. Equity Buffer ETF - June,Y
786,BKAG,BNY Mellon Core Bond ETF,Y
787,BKCG,BNY Mellon Concentrated Growth ETF,Y
788,BKCI,BNY Mellon Concentrated International ETF,Y
789,BKD,Brookdale Senior Living Inc. Common Stock,N
790,BKDV,BNY Mellon Dynamic Value ETF,Y
791,BKE,"Buckle, Inc. (The) Common Stock",N
792,BKEM,BNY Mellon Emerging Markets Equity ETF,Y
793,BKF,iShares MSCI BIC ETF,Y
794,BKFI,BNY Mellon Active Core Bond ETF,Y
795,BKGI,BNY Mellon Global Infrastructure Income ETF,Y
796,BKH,Black Hills Corporation Common Stock,N
797,BKHY,BNY Mellon High Yield ETF,Y
798,BKIE,BNY Mellon International Equity ETF,Y
799,BKKT,"Bakkt, Inc. Class A Common Stock",N
800,BKKT.W,"Bakkt, Inc. Warrants to purchase Class A Common Stock, each Warrant entitles a holder to purchase 1/25th of a share of Class A common stock at an exercise price of $287.50 for one share",N
801,BKLC,BNY Mellon US Large Cap Core Equity ETF,Y
802,BKLG,BNY Mellon US Large Cap Equity Growth ETF,Y
803,BKLN,Invesco Senior Loan ETF,Y
804,BKMC,BNY Mellon US Mid Cap Core Equity ETF,Y
805,BKSE,BNY Mellon US Small Cap Core Equity ETF,Y
806,BKSY,BlackSky Technology Inc. Class A Common Stock,N
807,BKT,BlackRock Income Trust Inc. (The),N
808,BKTI,BK Technologies Corporation Common Stock,N
809,BKU,"BankUnited, Inc. Common Stock",N
810,BKUI,BNY Mellon Ultra Short Income ETF,Y
811,BKV,BKV Corporation Common Stock,N
812,BLCK,Corgi Crypto Infrastructure ETF,Y
813,BLCO,Bausch + Lomb Corporation Common Shares,N
814,BLCV,iShares Large Cap Value Active ETF,Y
815,BLDG,Cambria Global Real Estate ETF,Y
816,BLDR,"Builders FirstSource, Inc. Common Stock",N
817,BLDX,Impax Global Sustainable Infrastructure ETF,Y
818,BLES,Inspire Global Hope ETF,Y
819,BLGR,Bluemonte Large Cap Growth ETF,Y
820,BLK,"BlackRock, Inc. Common Stock",N
821,BLND,"Blend Labs, Inc. Class A Common Stock",N
822,BLOK,Amplify Blockchain Technology ETF,Y
823,BLOX,Nicholas Crypto Income ETF,Y
824,BLSH,Bullish Ordinary Shares,N
825,BLST,Bluemonte Short Term Bond ETF,Y
826,BLTD,Bluemonte Long Term Bond ETF,Y
827,BLUC,Bluemonte Large Cap Core ETF,Y
828,BLUI,Bluemonte Diversified Income ETF,Y
829,BLUX,Bluemonte Dynamic Total Market ETF,Y
830,BLV,Vanguard Long-Term Bond ETF,Y
831,BLW,Blackrock Limited Duration Income Trust,N
832,BLX,"Bladex, Inc. Class E Common Stock",N
833,BMA,Banco Macro S.A.  ADR (representing Ten Class B Common Shares),N
834,BMAR,Innovator U.S. Equity Buffer ETF - March,Y
835,BMAY,Innovator U.S. Equity Buffer ETF - May,Y
836,BME,Blackrock Health Sciences Trust,N
837,BMED,iShares Health Innovation Active ETF,Y
838,BMEZ,BlackRock Health Sciences Term Trust Common Shares of Beneficial Interest,N
839,BMI,"Badger Meter, Inc. Common Stock",N
840,BML$G,"Bank of America Corporation Depositary Shares (Each representing a 1/1200th interest in a share of Floating Rate Non-Cumulative Preferred Stock , Series 1)",N
841,BML$H,"Bank of America Corporation Depositary Shares (Each representing a 1/1200th interest in a Share of Floating Rate Non-Cumulative Preferred Stock, Series 2)",N
842,BML$J,"Bank of America Corporation Depositary Shares (Each representing a 1/1200th interest in a Share of Floating Rate Non-Cumulative Preferred Stock, Series 4)",N
843,BML$L,"Bank of America Corporation Depositary Shares (Each representing a 1/1200th Interest in a Share of Floating Rate Non-Cumulative Preferred Stock, Series 5)",N
844,BMN,BlackRock 2037 Municipal Target Term Trust Common Shares of Beneficial Interest,N
845,BMNP,"BitMine Immersion Technologies, Inc. 9.5% Series A Perpetual Preferred Stock",N
846,BMNR,"BitMine Immersion Technologies, Inc. Common Stock",N
847,BMNU,T-REX 2X Long BMNR Daily Target ETF,Y
848,BMNZ,Defiance Daily Target 2X Short BMNR ETF,Y
849,BMO,Bank Of Montreal Common Stock,N
850,BMSI,BNY Mellon Muti-Sector Income ETF,Y
851,BMVP,Invesco Bloomberg MVP Multi-factor ETF,Y
852,BMY,Bristol-Myers Squibb Company Common Stock,N
853,BN,Brookfield Corporation Class A Limited Voting Shares,N
854,BNAV,Amplify Fairlead Tactical Bitcoin ETF,Y
855,BNDC,Northern Trust Core Bond ETF,Y
856,BNDD,Quadratic Deflation ETF,Y
857,BNDI,NEOS Enhanced Income Aggregate Bond ETF,Y
858,BNDS,Infrastructure Capital Bond Income ETF,Y
859,BNDY,Horizon Core Bond ETF,Y
860,BNED,"Barnes & Noble Education, Inc Common Stock",N
861,BNGE,First Trust S-Network Streaming and Gaming ETF,Y
862,BNH,"Brookfield Finance Inc. 4.625% Subordinated Notes due October 16, 2080",N
863,BNJ,Brookfield Finance Inc. 4.50% Perpetual Subordinated Notes,N
864,BNKD,"MicroSectors U.S. Big Banks -3 Inverse Leveraged ETNs due February 17, 2045",Y
865,BNKU,"MicroSectors U.S. Big Banks 3 Leveraged ETNs due February 17, 2045",Y
866,BNL,"Broadstone Net Lease, Inc. Common Stock",N
867,BNMC,Corgi BMNR 2x Daily ETF,Y
868,BNO,"United States Brent Oil Fund, LP ETV",Y
869,BNOV,Innovator U.S. Equity Buffer ETF - November,Y
870,BNS,Bank Nova Scotia Halifax Pfd 3 Ordinary Shares,N
871,BNT,Brookfield Wealth Solutions Ltd. Class A Exchangeable Limited Voting Shares,N
872,BNY,The Bank of New York Mellon Corporation Common Stock,N
873,BNY$K,"The Bank Of New York Mellon Corporation  Depositary Shares, each representing a 1/4,000th interest in a share of Series K Noncumulative Perpetual Preferred Stock",N
874,BOAT,SonicShares Global Shipping ETF,Y
875,BOBP,CORE16 Best of Breed Premier Index ETF,Y
876,BOBS,"Bob's Discount Furniture, Inc. Common Stock",N
877,BOC,Boston Omaha Corporation Class A Common Stock,N
878,BOCT,Innovator U.S. Equity Buffer ETF - October,Y
879,BOE,Blackrock Enhanced Global Dividend Trust Common Shares of Beneficial Interest,N
880,BOH,Bank of Hawaii Corporation Common Stock,N
881,BOH$A,"Bank of Hawaii Corporation Depositary Shares Each Representing a 1/40th Interest in a Share of 4.375% Fixed Rate Non-Cumulative Perpetual Preferred Stock, Series A",N
882,BOH$B,"Bank of Hawaii Corporation Depositary Shares, Each Representing a 1/40th Interest in a Share of 8.000% Fixed Rate Non-Cumulative Perpetual Preferred Stock, Series B",N
883,BOIL,ProShares Ultra Bloomberg Natural Gas,Y
884,BOND,PIMCO Active Bond Exchange-Traded Fund Exchange-Traded Fund,Y
885,BOOT,"Boot Barn Holdings, Inc. Common Stock",N
886,BORR,Borr Drilling Limited Common Shares,N
887,BOUT,CapForce IBD Breakout Opportunities ETF,Y
888,BOW,Bowhead Specialty Holdings Inc. Common Stock,N
889,BOX,"Box, Inc. Class A Common Stock",N
890,BOXA,Alpha Architect Aggregate Bond ETF,Y
891,BOXX,Alpha Architect 1-3 Month Box ETF,Y
892,BP,BP p.l.c. Common Stock,N
893,BPAY,iShares FinTech Active ETF,Y
894,BPH,BP plc ADRhedged,Y
895,BPI,Grayscale Bitcoin Premium Income ETF,Y
896,BPRE,Bluerock Private Real Estate Fund Common Shares of Beneficial Interest,N
897,BPRO,Bitwise Proficio Currency Debasement ETF,Y
898,BQ,Boqii Holding Limited Class A Ordinary Shares,N
899,BR,"Broadridge Financial Solutions, Inc. Common Stock",N
900,BRAZ,Global X Brazil Active ETF,Y
901,BRBR,"BellRing Brands, Inc. Common Stock ",N
902,BRBS,"Blue Ridge Bankshares, Inc. Common Stock",N
903,BRC,Brady Corporation Common Stock,N
904,BRCC,BRC Inc. Class A Common Stock,N
905,BRCE,MFS Blended Research Core Equity ETF,Y
906,BREE,MFS Blended Research Emerging Markets Equity ETF,Y
907,BREW,Corgi Coffee & Energy Drinks ETF,Y
908,BRF,VanEck Brazil Small-Cap ETF,Y
909,BRIA,BrilliA Inc Class A Ordinary Shares,N
910,BRIB,FIS Bright Portfolios Core Bond ETF,Y
911,BRIE,MFS Blended Research International Equity ETF,Y
912,BRIF,FIS Bright Portfolios Focused Equity ETF,Y
913,BRK.A,Berkshire Hathaway Inc. Common Stock,N
914,BRK.B,Berkshire Hathaway Inc. New Common Stock,N
915,BRKC,YieldMax BRK.B Option Income Strategy ETF,Y
916,BRKL,Corgi BRKB 2x Daily ETF,Y
917,BRKW,Roundhill BRKB WeeklyPay ETF,Y
918,BRLN,iShares Floating Rate Loan Active ETF,Y
919,BRN,"Barnwell Industries, Inc. Common Stock",N
920,BRO,"Brown & Brown, Inc. Common Stock",N
921,BROL,Baron Risk Optimized Large Cap ETF,Y
922,BROS,Dutch Bros Inc. Class A Common Stock,N
923,BRSL,"Brightstar Lottery PLC Trading under the Legal Name to begin at the market open on July 21, 2025. Ordinary Shares",N
924,BRSM,MFS Blended Research Small-Mid Cap ETF,Y
925,BRSP,"BrightSpire Capital, Inc. Class A Common Stock",N
926,BRSV,EA Bridgeway Select Small-Cap Value ETF,Y
927,BRT,BRT Apartments Corp. (MD) Common Stock,N
928,BRW,Saba Capital Income & Opportunities Fund SBI,N
929,BRX,Brixmor Property Group Inc. Common Stock,N
930,BRZD,MicroSectors -3x Short Brazil ETNs,Y
931,BRZL,MicroSectors 3x Long Brazil ETNs,Y
932,BRZU,Direxion Daily Brazil Bull 2X ETF,Y
933,BRZX,Corgi Brazil 2x Daily ETF,Y
934,BSAC,Banco Santander - Chile ADS,N
935,BSBR,"Banco Santander Brasil SA American Depositary Shares, each representing one unit",N
936,BSEP,Innovator U.S. Equity Buffer ETF - September,Y
937,BSL,Blackstone Senior Floating Rate 2027 Term Fund Common Shares of Beneficial Interest,N
938,BSM,"Black Stone Minerals, L.P. Common units representing limited partner interests",N
939,BSMC,Brandes U.S. Small-Mid Cap Value ETF,Y
940,BSOL,Bitwise Solana Staking ETF,Y
941,BSR,Beacon Unified Catalyst ETF,Y
942,BST,BlackRock Science and Technology Trust Common Shares of Beneficial Interest,N
943,BSTP,Innovator Buffer Step-Up Strategy ETF,Y
944,BSTZ,BlackRock Science and Technology Term Trust Common Shares of Beneficial Interest,N
945,BSV,Vanguard Short-Term Bond ETF,Y
946,BSX,Boston Scientific Corporation Common Stock,N
947,BTAL,AGF U.S. Market Neutral Anti-Beta Fund,Y
948,BTC,Grayscale Bitcoin Mini Trust (BTC),Y
949,BTCC,Grayscale Bitcoin Covered Call ETF,Y
950,BTCI,NEOS Bitcoin High Income ETF,Y
951,BTCK,7RCC Spot Bitcoin and Carbon Credit Futures ETF,Y
952,BTCL,T-Rex 2X Long Bitcoin Daily Target ETF,Y
953,BTCO,Invesco Galaxy Bitcoin ETF ,Y
954,BTCU,Direxion Daily Bitcoin Bull 2X ETF,Y
955,BTCW,WisdomTree Bitcoin Fund ,Y
956,BTCZ,T-Rex 2X Inverse Bitcoin Daily Target ETF,Y
957,BTE,Baytex Energy Corp Common Shares,N
958,BTG,B2Gold Corp Common shares (Canada),N
959,BTGO,"BitGo Holdings, Inc. Class A Common Stock",N
960,BTI,"British American Tobacco  Industries, p.l.c. Common Stock ADR",N
961,BTO,John Hancock Financial Opportunities Fund Common Stock,N
962,BTOT,iShares Total USD Fixed Income Market ETF,Y
963,BTR,Beacon Tactical Risk ETF,Y
964,BTRN,Global X Bitcoin Trend Strategy ETF,Y
965,BTT,BlackRock Municipal 2030 Target Term Trust,N
966,BTU,Peabody Energy Corporation Common Stock ,N
967,BTX,BlackRock Technology and Private Equity Term Trust Common Shares of Beneficial Interest,N
968,BTZ,BlackRock Credit Allocation Income Trust,N
969,BUCK,Simplify Treasury Option Income ETF,Y
970,BUD,Anheuser-Busch Inbev SA Sponsored ADR (Belgium),N
971,BUDA,"Buda Juice, Inc. Common Stock",N
972,BUFB,Innovator Laddered Allocation Buffer ETF,Y
973,BUFD,FT Vest Laddered Deep Buffer ETF,Y
974,BUFE,FT Vest Laddered Emerging Markets Buffer ETF,Y
975,BUFF,Innovator Laddered Allocation Power Buffer ETF,Y
976,BUFG,FT Vest Buffered Allocation Growth ETF,Y
977,BUFH,FT Vest Laddered Max Buffer ETF,Y
978,BUFP,PGIM Laddered S&P 500 Buffer 12 ETF,Y
979,BUFQ,FT Vest Laddered Nasdaq Buffer ETF,Y
980,BUFR,FT Vest Laddered Buffer ETF,Y
981,BUFS,FT Vest Laddered Small Cap Moderate Buffer ETF,Y
982,BUFT,FT Vest Buffered Allocation Defensive ETF,Y
983,BUFX,FT Vest Laddered Enhance & Moderate Buffer ETF,Y
984,BUFY,FT Vest Laddered International Moderate Buffer ETF,Y
985,BUFZ,FT Vest Laddered Moderate Buffer ETF,Y
986,BUI,"BlackRock Utility, Infrastructure & Power Opportunities Trust",N
987,BUL,Pacer US Cash Cows Growth ETF,Y
988,BULZ,MicroSectors FANG & Innovation 3x Leveraged ETN,Y
989,BUR,Burford Capital Limited Ordinary Shares,N
990,BURL,"Burlington Stores, Inc. Common Stock",N
991,BUSA,Brandes U.S. Value ETF,Y
992,BUSM,EA Bridgeway Ultra-Small Company Market ETF,Y
993,BUXX,Strive Enhanced Income Short Maturity ETF,Y
994,BUYB,ProShares S&P 500 Buyback Aristocrats ETF,Y
995,BUYO,KraneShares Man Buyout Beta Index ETF,Y
996,BUYW,Main BuyWrite ETF,Y
997,BUYZ,Franklin Disruptive Commerce ETF,Y
998,BUZZ,VanEck Social Sentiment ETF,Y
999,BV,"BrightView Holdings, Inc. Common Stock",N
1000,BVAL,Bluemonte Large Cap Value ETF,Y
1001,BVN,Buenaventura Mining Company Inc.,N
1002,BW,"Babcock & Wilcox Enterprises, Inc. Common Stock",N
1003,BW$A,"Babcock & Wilcox Enterprises, Inc. 7.75% Series A Cumulative Perpetual Preferred Stock",N
1004,BWA,BorgWarner Inc. Common Stock,N
1005,BWET,Breakwave Tanker Shipping ETF,Y
1006,BWG,BrandywineGLOBAL Global Income Opportunities Fund Inc.,N
1007,BWIV,Blue Water Acquisition Corp. IV Class A Ordinary Shares,N
1008,BWIV.U,"Blue Water Acquisition Corp. IV Units, each consisting of one Class A ordinary share and one-half of one redeemable warrant",N
1009,BWIV.W,Blue Water Acquisition Corp. IV Warrants entitling the holder to purchase one Class A ordinary share at a price of $11.50 per share,N
1010,BWLP,BW LPG Limited Common Shares,N
1011,BWMX,"Betterware de Mexico, S.A.P.I. de C.V. Ordinary Shares",N
1012,BWOW,Bitwise Dogecoin ETF,Y
1013,BWQG,BWM Quality Growth ETF,Y
1014,BWTG,Brendan Wood TopGun Index ETF,Y
1015,BWX,State Street SPDR Bloomberg International Treasury Bond ETF,Y
1016,BWXT,"BWX Technologies, Inc. Common Stock",N
1017,BWZ,State Street SPDR Bloomberg Short Term International Treasury Bond ETF,Y
1018,BX,Blackstone Inc. Common Stock,N
1019,BXC,Bluelinx Holdings Inc. Common Stock,N
1020,BXDC,Blackstone Digital Infrastructure Trust Inc. Common Stock,N
1021,BXMT,"Blackstone Mortgage Trust, Inc. Common Stock",N
1022,BXP,"BXP, Inc. Common Stock",N
1023,BXSL,Blackstone Secured Lending Fund Common Shares of Beneficial Interest,N
1024,BY,"Byline Bancorp, Inc. Common Stock",N
1025,BYD,Boyd Gaming Corporation Common Stock,N
1026,BYLD,iShares Yield Optimized Bond ETF,Y
1027,BYRE,Principal Real Estate Active Opportunities ETF,Y
1028,BZH,"Beazer Homes USA, Inc. Common Stock",N
1029,BZQ,ProShares UltraShort MSCI Brazil Capped,Y
1030,BZZ,Corgi Drones & Urban Air Mobility ETF,Y
1031,C,"Citigroup, Inc. Common Stock",N
1032,C$N,Citigroup Capital XIII 7.875% Fixed rate Floating Rate trust Preferred Securities (TruPS),N
1033,C$R,"Citigroup Inc. Depositary Shares, Each Representing a 1/1,000th Interest in a Share of 6.250% Noncumulative Preferred Stock, Series II",N
1034,CAAA,First Trust AAA CMBS ETF,Y
1035,CAAP,Corporacion America Airports SA Common Shares,N
1036,CABO,"Cable One, Inc. Common Stock",N
1037,CABZ,"Roundhill Robotaxi, Autonomous Vehicles & Technology ETF",Y
1038,CACI,"CACI International, Inc. Class A Common Stock",N
1039,CAF,Morgan Stanley China A Share Fund Inc. Common Stock,N
1040,CAFX,Congress Intermediate Bond ETF,Y
1041,CAG,"ConAgra Brands, Inc. Common Stock",N
1042,CAGE,Calamos Autocallable Growth ETF,Y
1043,CAH,"Cardinal Health, Inc. Common Stock",N
1044,CAIE,Calamos Autocallable Income ETF,Y
1045,CAL,"Caleres, Inc. Common Stock",N
1046,CALF,Pacer US Small Cap Cash Cows ETF,Y
1047,CALX,"Calix, Inc Common Stock",N
1048,CALY,Callaway Golf Company Common Stock,N
1049,CAM,AB California Intermediate Municipal ETF,Y
1050,CAMC,Corgi CAMT 2x Daily ETF,Y
1051,CAML,Congress Large Cap Growth ETF,Y
1052,CAMX,Cambiar Aggressive Value ETF,Y
1053,CANE,Teucrium Sugar Fund ETV,Y
1054,CANF,"Can-Fite Biopharma Ltd American Depositary Shares, each representing two (2) Ordinary Shares",N
1055,CANG,Cango Inc. Class A Ordinary Shares,N
1056,CAOS,Alpha Architect Tail Risk ETF,Y
1057,CAPE,DoubleLine Shiller CAPE U.S. Equities ETF,Y
1058,CAPL,CrossAmerica Partners LP Common Units representing limited partner interests,N
1059,CARD,MAX Auto Industry -3x Inverse Leveraged ETN,Y
1060,CARK,CastleArk Large Growth ETF,Y
1061,CARR,Carrier Global Corporation Common Stock ,N
1062,CARS,Cars.com Inc. Common Stock ,N
1063,CARU,MAX Auto Industry 3x Leveraged ETN,Y
1064,CARX,Corgi CART 2x Daily ETF,Y
1065,CAS,Simplify China A Shares PLUS Income ETF,Y
1066,CAT,"Caterpillar, Inc. Common Stock",N
1067,CATF,American Century California Municipal Bond ETF,Y
1068,CATG,Leverage Shares 2X Long CAT Daily ETF,Y
1069,CATO,Cato Corporation (The) Class A Common Stock,N
1070,CATX,"Perspective Therapeutics, Inc. Common Stock",N
1071,CAUG,Corgi U.S. Equities 15% Structured Buffer ETF - August Series,Y
1072,CAVA,"CAVA Group, Inc. Common Stock",N
1073,CB,Chubb Limited  Common Stock,N
1074,CBAN,"Colony Bankcorp, Inc. Common Stock",N
1075,CBIL,Corgi 3-12 Month T-Bill ETF,Y
1076,CBL,"CBL & Associates Properties, Inc. Common Stock",N
1077,CBLS,Clough Hedged Equity ETF,Y
1078,CBNA,"Chain Bridge Bancorp, Inc. Class A Common Stock",N
1080,CBOA,Calamos Bitcoin Structured Alt Protection ETF - April,Y
1081,CBOE,"Cboe Global Markets, Inc. Common Stock",N
1082,CBOJ,Calamos Bitcoin Structured Alt Protection ETF - January,Y
1083,CBOL,Calamos Laddered Bitcoin Structured Alt Protection ETF,Y
1084,CBON,VanEck China Bond ETF,Y
1085,CBOO,Calamos Bitcoin Structured Alt Protection ETF - October,Y
1086,CBOT,Corgi Robots & Humanoids ETF,Y
1087,CBOX,Calamos Tax-Aware Collateral ETF,Y
1088,CBOY,Calamos Bitcoin Structured Alt Protection ETF - July,Y
1089,CBRE,CBRE Group Inc Common Stock Class A,N
1090,CBRG,Leverage Shares 2X Long CBRS Daily ETF,Y
1091,CBRX,Tradr 2X Long CBRS Daily ETF,Y
1092,CBRZ,Tradr 2X Short CBRS Daily ETF,Y
1093,CBSE,Clough Select Equity ETF,Y
1094,CBT,Cabot Corporation Common Stock,N
1095,CBTA,Calamos Bitcoin 80 Series Structured Alt Protection ETF - April,Y
1096,CBTJ,Calamos Bitcoin 80 Series Structured Alt Protection ETF - January,Y
1097,CBTL,Calamos Laddered Bitcoin 80 Series Structured Alt Protection ETF,Y
1098,CBTO,Calamos Bitcoin 80 Series Structured Alt Protection ETF - October,Y
1099,CBTY,Calamos Bitcoin 80 Series Structured Alt Protection ETF - July,Y
1100,CBU,"Community Financial System, Inc. Common Stock",N
1102,CBXA,Calamos Bitcoin 90 Series Structured Alt Protection ETF - April,Y
1103,CBXJ,Calamos Bitcoin 90 Series Structured Alt Protection ETF - January,Y
1104,CBXL,Calamos Laddered Bitcoin 90 Series Structured Alt Protection ETF,Y
1105,CBXO,Calamos Bitcoin 90 Series Structured Alt Protection ETF - October,Y
1106,CBXY,Calamos Bitcoin 90 Series Structured Alt Protection ETF - July,Y
1107,CBZ,"CBIZ, Inc. Common Stock",N
1108,CC,Chemours Company (The) Common Stock,N
1109,CCEF,Calamos CEF Income & Arbitrage ETF,Y
1110,CCEL,"Cryo-Cell International, Inc. Common Stock",N
1111,CCI,Crown Castle Inc. Common Stock,N
1112,CCID,Carlyle Credit Income Fund 7.375% Series D Term Preferred Shares due 2028,N
1113,CCIF,Carlyle Credit Income Fund Shares of Beneficial Interest,N
1114,CCJ,Cameco Corporation Common Stock,N
1115,CCK,"Crown Holdings, Inc.",N
1116,CCL,Carnival Corporation Ltd. Common Shares,N
1117,CCM,Concord Medical Services Holdings Limited American Depositary Shares (Each represents thirty (30) Class A ordinary shares),N
1118,CCO,"Clear Channel Outdoor Holdings, Inc. Common Stock",N
1119,CCOM,Simplify Chinese Commodities Strategy No K-1 ETF,Y
1120,CCOR,Core Alternative ETF,Y
1121,CCPX,Corgi China 2x Daily ETF,Y
1122,CCRP,Columbia Corporate Bond ETF,Y
1123,CCS,"Century Communities, Inc. Common Stock",N
1124,CCU,"Compania Cervecerias Unidas, S.A. Common Stock",N
1125,CCUP,T-REX 2X Long CRCL Daily Target ETF,Y
1126,CCZ,Comcast Holdings ZONES,N
1127,CDE,"Coeur Mining, Inc. Common Stock",N
1128,CDEI,"Calvert US Large-Cap Diversity, Equity and Inclusion Index ETF",Y
1129,CDLR,Cadeler A/S American Depositary Share (each representing four (4) Ordinary Shares),N
1130,CDNG,Leverage Shares 2X Long CDNS Daily ETF,Y
1131,CDP,COPT Defense Properties Common Shares of Beneficial Interest,N
1132,CDPI,Columbia High Dividend Premium Income ETF,Y
1133,CDR$B,"Cedar Realty Trust, Inc. 7.25% Series B Cumulative Redeemable Preferred Stock",N
1134,CDR$C,"Cedar Realty Trust, Inc. 6.50% Series C Cumulative Redeemable Preferred Stock",N
1135,CDRE,"Cadre Holdings, Inc. Common Stock",N
1136,CDX,Simplify High Yield ETF,Y
1137,CE,Celanese Corporation Common Stock,N
1138,CEE,"The Central and Eastern Europe Fund, Inc. (The) Common Stock",N
1139,CEF,Sprott Physical Gold and Silver Trust Units,Y
1140,CEFD,ETRACS Monthly Pay 1.5X Leveraged Closed-End Fund Index ETN,Y
1141,CEFS,Saba Opportunistically Hedged Closed-End Funds ETF,Y
1142,CEFZ,RiverNorth Active Income ETF,Y
1143,CEGX,Tradr 2X Long CEG Daily ETF,Y
1144,CELG.R,Bristol-Myers Squibb Company Celegne Contingent Value Rights,N
1145,CEMB,iShares J.P. Morgan EM Corporate Bond ETF,Y
1146,CEPU,Central Puerto S.A. American Depositary Shares (each represents ten Common Shares),N
1147,CERY,State Street SPDR Bloomberg Enhanced Roll Yield Commodity Strategy No K-1 ETF,Y
1148,CET,Central Securities Corporation Common Stock,N
1149,CEV,Eaton Vance California Municipal Income Trust Shares of Beneficial Interest,N
1150,CEW,WisdomTree Emerging Currency Strategy Fund,Y
1151,CF,"CF Industries Holdings, Inc. Common Stock",N
1152,CFG,"Citizens Financial Group, Inc. Common Stock",N
1153,CFG$E,"Citizens Financial Group, Inc. Depositary Shares Each Representing 1/40th Interest in a Share of 5.000% Fixed-Rate Non-Cumulative Perpetual Preferred Stock, Series E",N
1154,CFG$H,"Citizens Financial Group, Inc. Depositary Shares Each Representing a 1/40th Interest in a Share of 7.375% Fixed-Rate Non-Cumulative Perpetual Preferred Stock, Series H",N
1155,CFG$I,"Citizens Financial Group, Inc. Depositary Shares, Each Representing a 1/40th Interest in a Share of 6.500% Fixed-Rate Reset Non-Cumulative Perpetual Preferred Stock, Series I",N
1156,CFIT,Cambria Fixed Income Trend ETF,Y
1157,CFND,C1 Fund Inc. Common Stock,N
1158,CFR,"Cullen/Frost Bankers, Inc. Common Stock",N
1159,CFR$B,"Cullen/Frost Bankers, Inc. Depositary Shares, each representing a 1/40th ownership interest in a share of 4.450% non-cumulative perpetual preferred stock, Series B",N
1160,CFTR$A,"Cantor Fitzgerald Income Trust, Inc. 9.50% Series A Cumulative Redeemable Preferred Stock",N
1161,CGAU,Centerra Gold Inc. Common Shares,N
1162,CGBL,Capital Group Core Balanced ETF,Y
1163,CGCB,Capital Group Core Bond ETF,Y
1164,CGCP,Capital Group Core Plus Income ETF,Y
1165,CGCV,Capital Group Conservative Equity ETF,Y
1166,CGDG,Capital Group Dividend Growers ETF,Y
1167,CGDV,Capital Group Dividend Value ETF,Y
1168,CGGE,Capital Group Global Equity ETF,Y
1169,CGGG,Capital Group U.S. Large Growth ETF,Y
1170,CGGO,Capital Group Global Growth Equity ETF,Y
1171,CGGR,Capital Group Growth ETF,Y
1172,CGHM,Capital Group Municipal High-Income ETF,Y
1173,CGHY,Capital Group High Yield Bond ETF,Y
1174,CGIB,Capital Group International Bond ETF (USD-Hedged),Y
1175,CGIC,Capital Group International Core Equity ETF,Y
1176,CGIE,Capital Group International Equity ETF,Y
1177,CGMM,Capital Group U.S. Small and Mid Cap ETF,Y
1178,CGMS,Capital Group U.S. Multi-Sector Income ETF,Y
1179,CGMU,Capital Group Municipal Income ETF,Y
1180,CGNG,Capital Group New Geography Equity ETF,Y
1181,CGOV,Corgi 0-3 Month T-Bill ETF,Y
1182,CGRO,CoreValues Alpha Greater China Growth ETF,Y
1183,CGSD,Capital Group Short Duration Income ETF,Y
1184,CGSM,Capital Group Short Duration Municipal Income ETF,Y
1185,CGUI,Capital Group Ultra Short Income ETF,Y
1186,CGUS,Capital Group Core Equity ETF,Y
1187,CGV,Conductor Global Equity Value ETF,Y
1188,CGVV,Capital Group U.S. Large Value ETF,Y
1189,CGW,Invesco S&P Global Water Index ETF,Y
1190,CGXU,Capital Group International Focus Equity ETF,Y
1191,CHAT,Roundhill Generative AI & Technology ETF,Y
1192,CHAU,Direxion Daily CSI 300 China A Share Bull 2X ETF,Y
1193,CHCT,Community Healthcare Trust Incorporated Common Stock,N
1194,CHD,"Church & Dwight Company, Inc. Common Stock",N
1195,CHDG,Calamos Active Hedged Equity ETF,Y
1196,CHE,Chemed Corp,N
1197,CHGG,"Chegg, Inc. Common Stock",N
1198,CHH,"Choice Hotels International, Inc. Common Stock",N
1199,CHIQ,Global X MSCI China Consumer Discretionary ETF,Y
1200,CHMI,Cherry Hill Mortgage Investment Corporation Common Stock,N
1201,CHMI$A,Cherry Hill Mortgage Investment Corporation 8.20% Series A Cumulative Redeemable Preferred Stock,N
1202,CHMI$B,Cherry Hill Mortgage Investment Corporation 8.250% Series B Fixed-to-Floating Rate Cumulative Redeemable Preferred Stock,N
1203,CHNL,Chainlink ETF,Y
1204,CHNU,2x Chainlink ETF,Y
1205,CHOW,ChowChow Cloud International Holdings Limited Ordinary Shares,N
1206,CHPT,"ChargePoint Holdings, Inc. Common Stock",N
1207,CHPY,YieldMax Semiconductor Portfolio Option Income ETF,Y
1208,CHT,"Chunghwa Telecom Co., Ltd.",N
1209,CHWY,"Chewy, Inc. Class A Common Stock",N
1210,CHYG,Corgi 0-5 Year High Yield Corporate Bond ETF,Y
1211,CI,The Cigna Group Common Stock,N
1212,CIA,"Citizens, Inc. Class A Common Stock ($1.00 Par)",N
1213,CIB,Grupo Cibest S.A. American Depositary Shares each representing four Preferred Shares,N
1214,CICB,CION Investment Corporation 7.50% Notes due 2029,N
1215,CICC,CION Investment Corporation 7.50% Notes due 2031,N
1216,CIEG,Leverage Shares 2X Long CIEN Daily ETF,Y
1217,CIEI,Corgi 3-7 Year Treasury Bond ETF,Y
1218,CIEN,Ciena Corporation Common Stock,N
1219,CIEX,Tradr 2X Long CIEN Daily ETF,Y
1220,CIFC,Corgi CIFR 2x Daily ETF,Y
1221,CIFU,T-REX 2X Long CIFR Daily Target ETF,Y
1222,CIG,Comp En De Mn Cemig ADS American Depositary Shares,N
1223,CIG.C,Comp En De Mn Cemig ADS American Depositary Receipts,N
1224,CII,"BlackRock Enhanced Large Cap Core Fund, Inc. Common Stock",N
1225,CIK,"Credit Suisse Asset Management Income Fund, Inc. Common Stock",N
1226,CIM,Chimera Investment Corporation Common Stock,N
1227,CIM$A,Chimera Investment Corporation 8.00% Series A Cumulative Redeemable Preferred Stock,N
1228,CIM$B,Chimera Investment Corporation 8.00% Series B Fixed-to-Floating Rate Cumulative Redeemable Preferred Stock,N
1229,CIM$C,Chimera Investment Corporation 7.75% Series C Fixed-to-Floating Rate  Cumulative Redeemable  Preferred Stock,N
1230,CIM$D,Chimera Investment Corporation 8.00% Series D Fixed-to-Floating Rate Cumulative Redeemable Preferred Stock,N
1231,CIMN,Chimera Investment Corporation 9.000% Senior Notes due 2029,N
1232,CIMO,Chimera Investment Corporation 9.250% Senior Notes due 2029,N
1233,CIMP,Chimera Investment Corporation 8.875% Senior Notes due 2030,N
1234,CINT,CI&T Inc Class A Common Shares,N
1235,CION,CION Investment Corporation Common Stock,N
1236,CIR,Corgi CRCL 2x Daily ETF,Y
1237,CITR,CitroTech Inc. Common Stock,N
1238,CIVG,Corgi 1-5 Year Investment Grade Corporate Bond ETF,Y
1239,CIX,CompX International Inc. Common Stock,N
1240,CJUL,Corgi U.S. Equities 15% Structured Buffer ETF - July Series,Y
1241,CJUN,Corgi U.S. Equities 15% Structured Buffer ETF - June Series,Y
1242,CKX,"CKX Lands, Inc. Common Stock",N
1243,CL,Colgate-Palmolive Company Common Stock,N
1244,CLB,Core Laboratories Inc. Common Stock,N
1245,CLBR,Colombier Acquisition Corp. III Class A Ordinary Shares,N
1246,CLBR.U,"Colombier Acquisition Corp. III Units, each consisting of one Class A ordinary share and one-eighth of one warrant",N
1247,CLBR.W,"Colombier Acquisition Corp. III Warrants, each whole warrant exercisable for one Class A ordinary share at an exercise price of $11.50 per share",N
1248,CLCG,Crossmark Large Cap Growth ETF,Y
1249,CLCV,Crossmark Large Cap Value ETF,Y
1250,CLDI,"Calidi Biotherapeutics, Inc. Common Stock",N
1251,CLDT,Chatham Lodging Trust (REIT) Common Shares of Beneficial Interest,N
1252,CLDT$A,Chatham Lodging Trust (REIT) 6.625% Series A Cumulative Redeemable Preferred Shares of Beneficial Interest,N
1253,CLF,Cleveland-Cliffs Inc. Common Stock,N
1254,CLH,"Clean Harbors, Inc. Common Stock",N
1255,CLIM,Climate Global - Climate Resilient REIT Index ETF,Y
1256,CLIP,Global X 1-3 Month T-Bill ETF,Y
1257,CLIX,ProShares Long Online/Short Stores ETF,Y
1258,CLM,"Cornerstone Strategic Investment Fund, Inc. Common Shares",N
1259,CLNK,Common Shares of Beneficial Interest of Bitwise Chainlink ETF,Y
1260,CLOB,VanEck AA-BB CLO ETF,Y
1261,CLOC,AAM Crescent CLO ETF,Y
1262,CLOI,VanEck CLO ETF,Y
1263,CLOO,NYLI Investment Grade CLO ETF,Y
1264,CLOX,Eldridge AAA CLO ETF,Y
1265,CLOZ,Eldridge BBB-B CLO ETF,Y
1266,CLPR,Clipper Realty Inc. Common Stock,N
1267,CLS,"Celestica, Inc. Common Stock",N
1268,CLSE,Convergence Long/Short Equity ETF,Y
1269,CLSX,Tradr 2X Long CLSK Daily ETF,Y
1270,CLUB,Billionaires Club ETF,Y
1271,CLVT,Clarivate Plc Ordinary Shares,N
1272,CLW,Clearwater Paper Corporation Common Stock,N
1273,CLX,Clorox Company (The) Common Stock,N
1274,CM,Canadian Imperial Bank of Commerce Common Stock,N
1275,CMAG,Corgi Mag 7 ETF,Y
1276,CMAY,Corgi U.S. Equities 15% Structured Buffer ETF - May Series,Y
1277,CMBS,iShares CMBS Bond ETF,Y
1278,CMBT,CMB.TECH NV Ordinary Shares,N
1279,CMC,Commercial Metals Company Common Stock,N
1280,CMCI,VanEck CMCI Commodity Strategy ETF,Y
1281,CMCL,Caledonia Mining Corporation Plc Common Shares,N
1282,CMCM,"Cheetah Mobile Inc. American Depositary Shares, each representing fifty (50) Class A Ordinary Shares",N
1283,CMDB,Costamare Bulkers Holdings Limited Common Stock,N
1284,CMDT,PIMCO Commodity Strategy Active Exchange-Traded Fund,Y
1285,CMDY,iShares Bloomberg Roll Select Commodity Strategy ETF,Y
1286,CMF,iShares California Muni Bond ETF,Y
1287,CMG,"Chipotle Mexican Grill, Inc. Common Stock",N
1288,CMI,Cummins Inc. Common Stock,N
1289,CMP,Compass Minerals Intl Inc Common Stock,N
1290,CMRE,Costamare Inc. Common Stock $0.0001 par value,N
1291,CMRE$B,Costamare Inc. Perpetual Preferred Stock Series B (Marshall Islands),N
1292,CMRE$C,Costamare Inc. Perpetual Preferred Series C (Marshall Islands),N
1293,CMRE$D,Costamare Inc. 8.75% Series D Cumulative Redeemable Perpetual Preferred Stock,N
1294,CMS,CMS Energy Corporation Common Stock,N
1295,CMS$B,CMS Energy Corporation Preferred Stock,N
1296,CMS$C,"CMS Energy Corporation Depositary Shares, each representing a 1/1,000th interest in a share of 4.200% Cumulative Redeemable Perpetual Preferred Stock, Series C",N
1297,CMSA,CMS Energy Corporation 5.625% Junior Subordinated Notes due 2078,N
1298,CMSC,CMS Energy Corporation 5.875% Junior Subordinated Notes due 2078,N
1299,CMSD,CMS Energy Corporation 5.875% Junior Subordinated Notes due 2079,N
1300,CMT,Core Molding Technologies Inc Common Stock,N
1301,CMTG,"Claros Mortgage Trust, Inc. Common Stock",N
1302,CNA,CNA Financial Corporation Common Stock,N
1303,CNAV,Mohr Company Nav ETF,Y
1304,CNBS,Amplify Seymour Cannabis ETF,Y
1305,CNC,Centene Corporation Common Stock,N
1306,CNEQ,Alger Concentrated Equity ETF,Y
1307,CNF,"CNFinance Holdings Limited American Depositary Shares, each representing two hundred (200) Ordinary Shares",N
1308,CNH,CNH Industrial N.V. Common Shares,N
1309,CNI,Canadian National Railway Company Common Stock,N
1310,CNK,"Cinemark Holdings Inc Cinemark Holdings, Inc. Common Stock",N
1311,CNM,"Core & Main, Inc. Class A Common Stock",N
1312,CNMD,CONMED Corporation Common Stock,N
1313,CNNE,"Cannae Holdings, Inc. Common Stock",N
1314,CNO,"CNO Financial Group, Inc. Common Stock",N
1315,CNO$A,"CNO Financial Group, Inc. 5.125% Subordinated Debentures due 2060",N
1316,CNP,"CenterPoint Energy, Inc (Holding Co) Common Stock",N
1317,CNQ,Canadian Natural Resources Limited Common Stock,N
1318,CNR,"Core Natural Resources, Inc. Common Stock",N
1319,CNRG,State Street SPDR S&P Kensho Clean Power ETF,Y
1320,CNS,Cohen & Steers Inc Common Stock,N
1321,CNX,CNX Resources Corporation Common Stock,N
1322,CNXT,VanEck ChiNext Innovators ETF,Y
1323,CNYA,iShares MSCI China A ETF,Y
1324,COAL,Range Global Coal Index ETF,Y
1325,CODI,D/B/A Compass Diversified Holdings Shares of Beneficial Interest,N
1326,CODI$A,Compass Diversified Holdings 7.250% Series A Preferred Shares representing beneficial interest in Compass Diversified Holdings,N
1327,CODI$B,Compass Diversified Holdings 7.875% Series B Fixed-to-Floating Rate Cumulative Preferred Shares representing beneficial interests in Compass Diversified Holdings,N
1328,CODI$C,Compass Diversified Holdings 7.875% Series C Cumulative Preferred Shares,N
1329,COE,"51Talk Online Education Group American depositary shares, each representing 60 Class A ordinary shares",N
1330,COF,Capital One Financial Corporation Common Stock,N
1331,COF$I,"Capital One Financial Corporation Depositary shares each representing a 1/40th interest in a share of Fixed Rate Non-Cumulative Perpetual Preferred Stock, Series I of the Issuer",N
1332,COF$J,"Capital One Financial Corporation Depositary Shares, Each Representing a 1/40th Interest in a Share of Fixed Rate Non- Cumulative Perpetual Preferred Stock, Series J",N
1333,COF$K,"Capital One Financial Corporation Depositary Shares, Each Representing a 1/40th Ownership Interest in a Share of Fixed Rate Non-Cumulative Perpetual Preferred Stock, Series K",N
1334,COF$L,"Capital One Financial Corporation Depositary Shares, Each Representing a 1/40th Interest in a Share of Fixed Rate Non-Cumulative Perpetual Preferred Stock, Series L",N
1335,COF$N,"Capital One Financial Corporation Depositary Shares, Each Representing a 1/40th Ownership Interest in a Share of Fixed Rate Non-Cumulative Perpetual Preferred Stock, Series N",N
1336,COHC,Corgi COHR 2x Daily ETF,Y
1337,COHH,Leverage Shares 2X Long COHR Daily ETF,Y
1338,COHN,Cohen & Company Inc.,N
1339,COHQ,Tradr 2X Short COHR Daily ETF,Y
1340,COHR,Coherent Corp. Common Stock,N
1341,COHX,Tradr 2X Long COHR Daily ETF,Y
1342,COIA,ProShares Ultra COIN,Y
1343,COIW,Roundhill COIN WeeklyPay ETF,Y
1344,COIX,Corgi COIN 2x Daily ETF,Y
1345,COLD,"Americold Realty Trust, Inc. Common Stock",N
1346,COLO,Global X MSCI Colombia ETF,Y
1347,COM,Direxion Auspice Broad Commodity Strategy ETF,Y
1348,COMB,GraniteShares Bloomberg Commodity Broad Strategy No K-1 ETF,Y
1349,COMD,Global X Commodity Strategy ETF,Y
1350,COMP,"Compass, Inc. Class A Common Stock",N
1351,CON,"Concentra Group Holdings Parent, Inc. Common Stock",N
1352,CONY,YieldMax COIN Option Income Strategy ETF,Y
1353,COOK,"Traeger, Inc. Common Stock",N
1354,COP,ConocoPhillips Common Stock,N
1355,COPA,Themes Copper Miners ETF,Y
1356,COPL,Copley Acquisition Corp Ordinary Shares,N
1357,COPL.U,"Copley Acquisition Corp Units, each consisting of one ordinary share and one-half warrant",N
1358,COPL.W,"Copley Acquisition Corp Redeemable warrants, each whole warrant exercisable for one Class A ordinary share at an exercise price of $11.50",N
1359,COPR,Idaho Copper Corporation Common Stock,N
1360,COPR.W,Idaho Copper Corporation Common Stock Purchase Warrant,N
1361,COPX,Global X Copper Miners ETF,Y
1362,COPY,"Tweedy, Browne Insider + Value ETF",Y
1363,COPZ,Defiance Daily Target 2X Long Copper Miners ETF,Y
1364,COR,"Cencora, Inc. Common Stock",N
1365,CORB,AB Core Bond ETF,Y
1366,CORD,T-REX 2X Inverse CRWV Daily Target ETF,Y
1367,CORN,Teucrium Corn Fund ETV,Y
1368,CORP,PIMCO Investment Grade Corporate Bond Index Exchange-Traded Fund,Y
1369,COSO,"CoastalSouth Bancshares, Inc. Common Stock",N
1370,COSW,Roundhill COST WeeklyPay ETF,Y
1371,COTY,Coty Inc. Class A Common Stock,N
1372,COUR,"Coursera, Inc. Common Stock",N
1373,COWZ,Pacer US Cash Cows 100 ETF,Y
1374,COZX,Tradr 2X Long CORZ Daily ETF,Y
1375,CP,Canadian Pacific Kansas City Limited Common Shares,N
1376,CPA,"Copa Holdings, S.A. Class A Common Stock",N
1377,CPAC,Cementos Pacasmayo S.A.A. American Depositary Shares (Each representing five Common Shares),N
1378,CPAI,Counterpoint Quantitative Equity ETF,Y
1379,CPAY,"Corpay, Inc. Common Stock",N
1380,CPER,United States Copper Index Fund ETV,Y
1381,CPF,Central Pacific Financial Corp New,N
1382,CPHI,"China Pharma Holdings, Inc. Common Stock",N
1383,CPII,American Beacon Ionic Inflation Protection ETF,Y
1384,CPK,Chesapeake Utilities Corporation Common Stock,N
1385,CPLB,NYLI MacKay Core Plus Bond ETF,Y
1386,CPNG,"Coupang, Inc. Class A Common Stock",N
1387,CPNJ,Calamos Nasdaq - 100 Structured Alt Protection ETF -June,Y
1388,CPNM,Calamos Nasdaq-100 Structured Alt Protection ETF - March,Y
1389,CPNQ,Calamos Nasdaq-100 Structured Alt Protection ETF December,Y
1390,CPNS,Calamos Nasdaq-100 Structured Alt Protection ETF  September,Y
1391,CPNX,Tradr 2X Long CPNG Daily ETF,Y
1392,CPRA,Calamos Russell 2000 Structured Alt Protection ETF - April,Y
1393,CPRI,Capri Holdings Limited Ordinary Shares,N
1394,CPRJ,Calamos Russell 2000 Structured Alt Protection ETF  July,Y
1395,CPRO,Calamos Russell 2000 Structured Alt Protection ETF - October,Y
1396,CPRY,Calamos Russell 2000 Structured Alt Protection ETF January,Y
1397,CPS,Cooper-Standard Holdings Inc. Common Stock,N
1398,CPSA,Calamos S&P 500 Structured Alt Protection ETF  August,Y
1399,CPSD,Calamos S&P 500 Structured Alt Protection ETF December,Y
1400,CPSF,Calamos S&P 500 Structured Alt Protection ETF February,Y
1401,CPSJ,Calamos S&P 500 Structured Alt Protection ETF  July,Y
1402,CPSL,Calamos Laddered S&P 500 Structured Alt Protection ETF,Y
1403,CPSM,Calamos S&P 500 Structured Alt Protection ETF  May,Y
1404,CPSN,Calamos S&P 500 Structured Alt Protection ETF November,Y
1405,CPSO,Calamos S&P 500 Structured Alt Protection ETF - October,Y
1406,CPSP,Calamos S&P 500 Structured Alt Protection ETF - April,Y
1407,CPSR,Calamos S&P 500 Structured Alt Protection ETF - March,Y
1408,CPST,Calamos S&P 500 Structured Alt Protection ETF  September,Y
1409,CPSU,Calamos S&P 500 Structured Alt Protection ETF June,Y
1410,CPSY,Calamos S&P 500 Structured Alt Protection ETF January,Y
1411,CPT,Camden Property Trust Common Stock,N
1412,CPXR,USCF Daily Target 2X Copper Index ETF,Y
1413,CQP,"Cheniere Energy Partners, LP Common Units",N
1414,CQQQ,Invesco China Technology ETF,Y
1415,CQTM,Corgi Quantum Computing ETF,Y
1416,CR,Crane Company Common Stock,N
1417,CRAK,VanEck Oil Refiners ETF,Y
1418,CRBD,Corebridge Financial Inc. 6.375% Junior Subordinated Notes due 2064,N
1419,CRBG,Corebridge Financial Inc. Common Stock,N
1420,CRBN,iShares Low Carbon Optimized MSCI ACWI ETF,Y
1421,CRC,California Resources Corporation Common Stock,N
1422,CRCA,ProShares Ultra CRCL,Y
1423,CRCD,T-REX 2X Inverse CRCL Daily Target ETF,Y
1424,CRCL,"Circle Internet Group, Inc. Class A Common Stock",N
1425,CRCO,YieldMax CRCL Option Income Strategy ETF,Y
1426,CRD,Corgi CRDO 2x Daily ETF,Y
1427,CRD.A,Crawford & Company Common Stock,N
1428,CRD.B,Crawford & Company Common Stock,N
1429,CRDD,Cardano ETF,Y
1430,CRDT,Simplify Opportunistic Income ETF,Y
1431,CRDU,Tradr 2X Long CRDO Daily ETF,Y
1432,CRDX,2x Cardano ETF,Y
1433,CRF,"Cornerstone Total Return Fund, Inc. (The) Common Stock",N
1434,CRGY,Crescent Energy Company Class A Common Stock,N
1435,CRH,CRH PLC Ordinary Shares,N
1436,CRI,"Carter's, Inc. Common Stock",N
1437,CRIB,Russell Investments Global Real Estate ETF,Y
1438,CRK,"Comstock Resources, Inc. Common Stock",N
1439,CRL,"Charles River Laboratories International, Inc. Common Stock",N
1440,CRM,"Salesforce, Inc. Common Stock",N
1441,CRMX,Tradr 2X Long CRML Daily ETF,Y
1442,CRPT,First Trust SkyBridge Crypto Industry and Digital Economy ETF,Y
1443,CRS,Carpenter Technology Corporation Common Stock,N
1444,CRSH,YieldMax Short TSLA Option Income Strategy ETF,Y
1445,CRT,Cross Timbers Royalty Trust Common Stock,N
1446,CRTC,Xtrackers US National Critical Technologies ETF,Y
1447,CRUC,Corgi CRUS 2x Daily ETF,Y
1448,CRUX,Columbia Core Bond ETF,Y
1449,CRWC,Corgi CRWD 2x Daily ETF,Y
1450,CRWU,T-REX 2X Long CRWV Daily Target ETF,Y
1451,CRWX,Corgi CRWV 2x Daily ETF,Y
1452,CRXP,Columbia Core Plus Bond ETF,Y
1453,CSAN,Cosan S.A. ADS,N
1454,CSD,Invesco S&P Spin-Off ETF,Y
1455,CSEX,Tradr 2X Long CLS Daily ETF,Y
1456,CSHI,NEOS Enhanced Income 1-3 Month T-Bill ETF,Y
1457,CSHP,iShares Dynamic Short-Term Active ETF,Y
1458,CSIO,Cohen & Steers Infrastructure Opportunities Active ETF,Y
1459,CSL,Carlisle Companies Incorporated Common Stock,N
1460,CSM,ProShares Large Cap Core Plus,Y
1461,CSMD,Congress SMid Growth ETF,Y
1462,CSNR,Cohen & Steers Natural Resources Active ETF,Y
1463,CSPF,Cohen & Steers Preferred and Income Opportunities Active ETF,Y
1464,CSQR,"Csquare, Inc. Common Stock",N
1465,CSR,D/B/A Centerspace Common Stock,N
1466,CSRA,Cohen & Steers Real Assets Active ETF,Y
1467,CSRE,Cohen & Steers Real Estate Active ETF,Y
1468,CSSD,Cohen & Steers Short Duration Preferred and Income Active ETF,Y
1469,CSTK,Invesco Comstock Contrarian Equity ETF,Y
1470,CSTM,Constellium SE Ordinary Shares (France),N
1471,CSV,"Carriage Services, Inc. Common Stock",N
1472,CSW,"CSW Industrials, Inc. Common Stock",N
1473,CTA,Simplify Managed Futures Strategy ETF,Y
1474,CTA$A,"EIDP, Inc. Preferred Stock $3.50 Series",N
1475,CTA$B,"EIDP, Inc. Preferred Stock $4.50 Series",N
1476,CTAP,Simplify US Equity PLUS Managed Futures Strategy ETF,Y
1477,CTAU,Corgi U.S. Equities 30% Structured Buffer ETF - August Series,Y
1478,CTEF,Castellan Targeted Equity ETF,Y
1486,CTEV,Claritev Corporation Class A Common Stock,N
1487,CTEX,ProShares S&P Kensho Cleantech ETF,Y
1488,CTGG,Qwest Corporation 6.500% Senior Notes due 2051 (denominations of $25),N
1489,CTGO,Contango Silver & Gold Inc. Common Stock,N
1490,CTHH,Qwest Corporation 6.750% Senior Notes due 2052 (denominations of $25),N
1491,CTIF,Castellan Targeted Income ETF,Y
1492,CTJL,Corgi U.S. Equities 30% Structured Buffer ETF - July Series,Y
1493,CTJN,Corgi U.S. Equities 30% Structured Buffer ETF - June Series,Y
1494,CTM,"Castellum, Inc. Common Stock",N
1495,CTMA,Corgi U.S. Equities 30% Structured Buffer ETF - May Series,Y
1496,CTO,"CTO Realty Growth, Inc. Common Stock",N
1497,CTO$A,"CTO Realty Growth, Inc. 6.375% Series A Cumulative Redeemable Preferred Stock",N
1498,CTOS,"Custom Truck One Source, Inc. Common Stock",N
1499,CTRE,"CareTrust REIT, Inc. Common Stock",N
1500,CTRI,"Centuri Holdings, Inc. Common Stock",N
1501,CTS,CTS Corporation Common Stock,N
1502,CTVA,"Corteva, Inc. Common Stock ",N
1503,CTWO,Common units,Y
1504,CUBB,"Customers Bancorp, Inc 5.375% Subordinated Notes Due 2034",N
1505,CUBE,CubeSmart Common Shares,N
1506,CUBI,"Customers Bancorp, Inc Common Stock",N
1507,CURB,Curbline Properties Corp. Common Stock,N
1508,CURE,Direxion Daily Healthcare Bull 3X ETF,Y
1509,CURV,Torrid Holdings Inc. Common Stock,N
1510,CUST,Corgi 1-3 Year Treasury Bond ETF,Y
1511,CUT,Invesco MSCI Global Timber ETF,Y
1512,CUZ,Cousins Properties Incorporated Common Stock,N
1513,CVAR,Cultivar ETF,Y
1514,CVE,Cenovus Energy Inc Common Stock,N
1515,CVEO,Civeo Corporation (Canada) Common Shares,N
1516,CVGD,CresAlta Global Dividend ETF,Y
1517,CVI,CVR Energy Inc. Common Stock,N
1518,CVIE,Calvert International Responsible Index ETF,Y
1519,CVLC,Calvert US Large-Cap Core Responsible Index ETF,Y
1520,CVLG,"Covenant Logistics Group, Inc. Class A Common Stock",N
1521,CVM,Cel-Sci Corporation Common Stock,N
1522,CVMC,Calvert US Mid-Cap Core Responsible Index ETF,Y
1523,CVNA,Carvana Co. Class A Common Stock,N
1524,CVNY,YieldMax CVNA Option Income Strategy ETF,Y
1525,CVR,Chicago Rivet & Machine Co. Common Stock,N
1526,CVRD,Madison Covered Call ETF,Y
1527,CVRT,Calamos Convertible Equity Alternative ETF,Y
1528,CVS,CVS Health Corporation Common Stock,N
1529,CVSA,Covista Inc. Common Shares,N
1530,CVSB,Calvert Ultra-Short Investment Grade ETF,Y
1531,CVSM,CresAlta Small and Mid-Cap ETF,Y
1532,CVU,"CPI Aerostructures, Inc. Common Stock",N
1533,CVX,Chevron Corporation Common Stock,N
1534,CVY,Invesco Zacks Multi-Asset Income ETF,Y
1535,CW,Curtiss-Wright Corporation Common Stock,N
1536,CWB,State Street SPDR Bloomberg Convertible Securities ETF,Y
1537,CWEB,Direxion Daily CSI China Internet Index Bull 2X ETF,Y
1538,CWEN,"Clearway Energy, Inc. Class C Common Stock",N
1539,CWH,"Camping World Holdings, Inc. Class A Common Stock",N
1540,CWI,State Street SPDR MSCI ACWI ex-US ETF,Y
1541,CWK,Cushman & Wakefield Ltd. Common Shares,N
1542,CWS,AdvisorShares Focused Equity ETF,Y
1543,CWT,California Water Service Group Common Stock,N
1544,CWVX,Tradr 2X Long CRWV Daily ETF,Y
1545,CX,"Cemex, S.A.B. de C.V. Sponsored ADR",N
1546,CXM,"Sprinklr, Inc. Class A Common Stock",N
1547,CXRN,Teucrium 2x Daily Corn ETF,Y
1548,CXT,"Crane NXT, Co. Common Stock",N
1549,CXW,"CoreCivic, Inc. Common Stock",N
1550,CYD,China Yuchai International Limited Common Stock,N
1551,CYH,"Community Health Systems, Inc. Common Stock",N
1552,CZA,Invesco Zacks Mid-Cap ETF,Y
1553,D,"Dominion Energy, Inc. Common Stock",N
1554,DABS,DoubleLine Asset-Backed Securities ETF,Y
1555,DAC,Danaos Corporation Common Stock,N
1556,DACL,REX Defensive Autocallable Income ETF,Y
1557,DAL,"Delta Air Lines, Inc. Common Stock",N
1558,DAMD,Defiance Daily Target 2X Short AMD ETF,Y
1559,DAN,Dana Incorporated Common Stock ,N
1560,DANA,Dana Limited Volatility ETF,Y
1561,DAO,"Youdao, Inc. American Depositary Shares, each representing one Class A Ordinary Share",N
1562,DAPR,FT Vest U.S. Equity Deep Buffer ETF - April,Y
1563,DAR,Darling Ingredients Inc. Common Stock,N
1564,DARP,Grizzle Growth ETF,Y
1565,DAT,ProShares Big Data Refiners ETF,Y
1566,DAUG,FT Vest U.S. Equity Deep Buffer ETF - August,Y
1567,DAVA,Endava plc American Depositary Shares (each representing one Class A Ordinary Share),N
1568,DB,Deutsche Bank AG Common Stock,N
1569,DBA,Invesco DB Agriculture Fund,Y
1570,DBAW,Xtrackers MSCI All World ex US Hedged Equity ETF,Y
1571,DBB,Invesco DB Base Metals Fund,Y
1572,DBC,Invesco DB Commodity Index Tracking Fund,Y
1573,DBD,Diebold Nixdorf Incorporated Common stock,N
1574,DBE,Invesco DB Energy Fund,Y
1575,DBEF,Xtrackers MSCI EAFE Hedged Equity ETF,Y
1576,DBEM,Xtrackers MSCI Emerging Markets Hedged Equity ETF,Y
1577,DBEU,Xtrackers MSCI Europe Hedged Equity ETF,Y
1578,DBEZ,Xtrackers MSCI Eurozone Hedged Equity ETF,Y
1579,DBI,Designer Brands Inc. Class A Common Stock,N
1580,DBJP,Xtrackers MSCI Japan Hedged Equity ETF,Y
1581,DBL,DoubleLine Opportunistic Credit Fund Common Shares of Beneficial Interest,N
1582,DBMF,iMGP DBi Managed Futures Strategy ETF,Y
1583,DBND,DoubleLine Opportunistic Core Bond ETF,Y
1584,DBO,Invesco DB Oil Fund,Y
1585,DBP,Invesco DB Precious Metals Fund,Y
1586,DBRG,"DigitalBridge Group, Inc.",N
1587,DBRG$H,"DigitalBridge Group, Inc. 7.125% Series H ",N
1588,DBRG$I,"DigitalBridge Group, Inc. 7.15% Series I ",N
1589,DBRG$J,"DigitalBridge Group, Inc. 7.125% Series J ",N
1590,DC,Dakota Gold Corp. Common Stock,N
1591,DCBG,"Dime Commercial Bancshares, Inc. 9.000% Junior Subordinated Notes",N
1592,DCH,Dauch Corporation Common Stock,N
1593,DCI,"Donaldson Company, Inc. Common Stock",N
1594,DCMT,DoubleLine Commodity Strategy ETF,Y
1595,DCO,Ducommun Incorporated Common Stock,N
1596,DCOM,"Dime Commercial Bancshares, Inc. Common Stock",N
1597,DCOM$,"Dime Commercial Bancshares, Inc. Preferred Stock, Series A",N
1598,DCOR,Dimensional US Core Equity 1 ETF,Y
1599,DCRE,DoubleLine Commercial Real Estate Debt ETF,Y
1600,DD,"DuPont de Nemours, Inc. Common Stock",N
1601,DDC,DDC Enterprise Limited Class A Ordinary Shares,N
1602,DDD,3D Systems Corporation Common Stock,N
1603,DDDD,YieldMax U.S. Stocks Target Double Distribution ETF,Y
1604,DDEC,FT Vest U.S. Equity Deep Buffer ETF - December,Y
1605,DDFA,Innovator Equity Dual Directional 15 Buffer ETF - April,Y
1606,DDFD,Innovator Equity Dual Directional 15 Buffer ETF - December,Y
1607,DDFF,Innovator Equity Dual Directional 15 Buffer ETF - February,Y
1608,DDFG,Innovator Equity Dual Directional 15 Buffer ETF - August,Y
1609,DDFJ,Innovator Equity Dual Directional 15 Buffer ETF - January,Y
1610,DDFL,Innovator Equity Dual Directional 15 Buffer ETF - July,Y
1611,DDFM,Innovator Equity Dual Directional 15 Buffer ETF - March,Y
1612,DDFN,Innovator Equity Dual Directional 15 Buffer ETF - November,Y
1613,DDFO,Innovator Equity Dual Directional 15 Buffer ETF - October,Y
1614,DDFS,Innovator Equity Dual Directional 15 Buffer ETF - September,Y
1615,DDFY,Innovator Equity Dual Directional 15 Buffer ETF - May,Y
1616,DDFZ,Innovator Equity Dual Directional 15 Buffer ETF - June,Y
1617,DDL,Dingdong (Cayman) Limited American Depositary Shares (each two representing three Ordinary Shares),N
1618,DDLS,WisdomTree Dynamic International SmallCap Equity Fund,Y
1619,DDM,ProShares Ultra Dow30,Y
1620,DDNQ,Innovator Growth-100 Dual Directional 5 Buffer ETF - Quarterly,Y
1621,DDS,"Dillard's, Inc. Common Stock",N
1622,DDSQ,Innovator Equity Dual Directional 5 Buffer ETF - Quarterly,Y
1623,DDT,Dillard's Capital Trust I,N
1624,DDTA,Innovator Equity Dual Directional 10 Buffer ETF - April,Y
1625,DDTD,Innovator Equity Dual Directional 10 Buffer ETF - December,Y
1626,DDTF,Innovator Equity Dual Directional 10 Buffer ETF - February,Y
1627,DDTG,Innovator Equity Dual Directional 10 Buffer ETF - August,Y
1628,DDTJ,Innovator Equity Dual Directional 10 Buffer ETF - January,Y
1629,DDTL,Innovator Equity Dual Directional 10 Buffer ETF - July,Y
1630,DDTM,Innovator Equity Dual Directional 10 Buffer ETF - March,Y
1631,DDTN,Innovator Equity Dual Directional 10 Buffer ETF - November,Y
1632,DDTO,Innovator Equity Dual Directional 10 Buffer ETF - October,Y
1633,DDTS,Innovator Equity Dual Directional 10 Buffer ETF - September,Y
1634,DDTY,Innovator Equity Dual Directional 10 Buffer ETF - May,Y
1635,DDTZ,Innovator Equity Dual Directional 10 Buffer ETF - June,Y
1636,DDV,Defined Duration 5 ETF,Y
1637,DDWM,WisdomTree Dynamic International Equity Fund,Y
1638,DDX,Defined Duration 10 ETF,Y
1639,DDXX,Defined Duration 20 ETF,Y
1640,DE,Deere & Company Common Stock,N
1641,DEA,"Easterly Government Properties, Inc. Common Stock",N
1642,DEC,Diversified Energy Company Common Stock,N
1643,DECK,Deckers Outdoor Corporation Common Stock,N
1644,DECM,FT Vest U.S. Equity Max Buffer ETF - December,Y
1645,DECP,PGIM S&P 500 Buffer 12 ETF - December,Y
1646,DECT,AllianzIM U.S. Large Cap Buffer10 Dec ETF,Y
1647,DECU,AllianzIM U.S. Equity Buffer15 Uncapped Dec ETF,Y
1648,DECW,AllianzIM U.S. Large Cap Buffer20 Dec ETF,Y
1649,DECZ,TrueShares Structured Outcome (December) ETF,Y
1650,DEED,First Trust Securitized Plus ETF,Y
1651,DEEF,Xtrackers FTSE Developed ex US Multifactor ETF,Y
1652,DEEP,Acquirers Small and Micro Deep Value ETF,Y
1653,DEFR,Aptus Deferred Income ETF,Y
1654,DEHP,Dimensional Emerging Markets High Profitability ETF,Y
1655,DEI,"Douglas Emmett, Inc. Common Stock",N
1656,DELL,Dell Technologies Inc. Class C Common Stock ,N
1657,DEM,WisdomTree Emerging Markets High Dividend Fund,Y
1658,DEO,Diageo plc Common Stock,N
1659,DEPW,Google DeepMind AI Lab Ecosystem ETF,Y
1660,DES,WisdomTree U.S. SmallCap Dividend Fund,Y
1661,DESK,VanEck Office and Commercial REIT ETF,Y
1662,DEUS,Xtrackers Russell US Multifactor ETF,Y
1663,DEW,WisdomTree Global High Dividend Fund,Y
1664,DEXC,Dimensional Emerging Markets ex China Core Equity ETF,Y
1665,DFAC,Dimensional U.S. Core Equity 2 ETF,Y
1666,DFAE,Dimensional Emerging Core Equity Market ETF,Y
1667,DFAI,Dimensional International Core Equity Market ETF,Y
1668,DFAL,Dimensional US Large Cap Core Equity Market ETF,Y
1669,DFAR,Dimensional US Real Estate ETF,Y
1670,DFAS,Dimensional U.S. Small Cap ETF,Y
1671,DFAT,Dimensional U.S. Targeted Value ETF,Y
1672,DFAU,Dimensional US Core Equity Market ETF,Y
1673,DFAW,Dimensional World Equity ETF,Y
1674,DFAX,Dimensional World ex U.S. Core Equity 2 ETF,Y
1675,DFCA,Dimensional California Municipal Bond ETF,Y
1676,DFCF,Dimensional Core Fixed Income ETF,Y
1677,DFE,WisdomTree Europe SmallCap Dividend Fund,Y
1678,DFEB,FT Vest U.S. Equity Deep Buffer ETF - February,Y
1679,DFEM,Dimensional Emerging Markets Core Equity 2 ETF,Y
1680,DFEN,Direxion Daily Aerospace & Defense Bull 3X ETF,Y
1681,DFEV,Dimensional Emerging Markets Value ETF,Y
1682,DFGR,Dimensional Global Real Estate ETF,Y
1683,DFH,"Dream Finders Homes, Inc. Class A Common Stock",N
1684,DFIC,Dimensional International Core Equity 2 ETF,Y
1685,DFII,FT Vest Bitcoin Strategy & Target Income ETF,Y
1686,DFIN,"Donnelley Financial Solutions, Inc. Common Stock ",N
1687,DFIP,Dimensional Inflation-Protected Securities ETF,Y
1688,DFIS,Dimensional International Small Cap ETF,Y
1689,DFIV,Dimensional International Value ETF,Y
1690,DFJ,WisdomTree Japan SmallCap Fund,Y
1691,DFLV,Dimensional US Large Cap Value ETF,Y
1692,DFMC,U.S. Micro Cap Portfolio: ETF Class Shares,Y
1693,DFNL,Davis Select Financial ETF,Y
1694,DFNM,Dimensional National Municipal Bond ETF,Y
1695,DFP,Flaherty & Crumrine Dynamic Preferred and Income Fund Inc. Common Stock,N
1696,DFSB,Dimensional Global Sustainability Fixed Income ETF,Y
1697,DFSD,Dimensional Short-Duration Fixed Income ETF,Y
1698,DFSE,Dimensional Emerging Markets Sustainability Core 1 ETF,Y
1699,DFSI,Dimensional International Sustainability Core 1 ETF,Y
1700,DFSU,Dimensional US Sustainability Core 1 ETF,Y
1701,DFSV,Dimensional US Small Cap Value ETF,Y
1702,DFTT,DF Tactical 30 ETF,Y
1703,DFUS,Dimensional U.S. Equity Market ETF,Y
1704,DFUV,Dimensional US Marketwide Value ETF,Y
1705,DFVE,DoubleLine Fortune 500 Equal Weight ETF,Y
1706,DFVX,Dimensional US Large Cap Vector ETF,Y
1707,DG,Dollar General Corporation Common Stock,N
1708,DGAC,Disciplined Growth Acquisition Corporation Class A Ordinary Shares,N
1709,DGAC.R,"Disciplined Growth Acquisition Corporation Rights, each right entitling the holder to receive one-fourth (1/4) of one Class A ordinary share",N
1710,DGAC.U,"Disciplined Growth Acquisition Corporation Units, each consisting of one Class A Ordinary Share and one Right",N
1711,DGAP,FT Vest U.S. Equity Buffer & Digital Return ETF - April,Y
1712,DGIN,VanEck Digital India ETF,Y
1713,DGJA,FT Vest U.S. Equity Buffer & Digital Return ETF - January,Y
1714,DGJL,FT Vest U.S. Equity Buffer & Digital Return ETF - July,Y
1715,DGOC,FT Vest U.S. Equity Buffer & Digital Return ETF - October,Y
1716,DGP,"DB Gold Double Long ETN due February 15, 2038",N
1717,DGRO,iShares Core Dividend Growth ETF,Y
1718,DGS,WisdomTree Emerging Market SmallCap Fund,Y
1719,DGT,State Street SPDR Global Dow ETF,Y
1720,DGX,Quest Diagnostics Incorporated Common Stock,N
1721,DGZ,"DB Gold Short ETN due February 15, 2038",N
1722,DHDG,FT Vest U.S. Equity Quarterly 2.5 to 15 Buffer ETF,Y
1723,DHF,BNY Mellon High Yield Strategies Fund Common Stock,N
1724,DHI,"D.R. Horton, Inc. Common Stock",N
1725,DHLX,Diamond Hill Large Cap Concentrated ETF,Y
1726,DHR,Danaher Corporation Common Stock,N
1727,DHS,WisdomTree U.S. High Dividend Fund,Y
1728,DHSB,Day Hagan Smart Buffer ETF,Y
1729,DHT,"DHT Holdings, Inc.",N
1730,DHX,"DHI Group, Inc. Common Stock",N
1731,DHY,Credit Suisse High Yield Credit Fund Common Stock,N
1732,DIA,State Street SPDR Dow Jones Industrial Average ETF Trust,Y
1733,DIAL,Columbia Diversified Fixed Income Allocation ETF,Y
1734,DIEM,Franklin Emerging Market Core Dividend Tilt Index ETF,Y
1735,DIG,ProShares Ultra Energy,Y
1736,DIHP,Dimensional International High Profitability ETF,Y
1737,DIM,WisdomTree International MidCap Dividend Fund,Y
1738,DIN,"Dine Brands Global, Inc. Common Stock",N
1739,DINO,HF Sinclair Corporation Common Stock,N
1740,DINT,Davis Select International ETF,Y
1741,DIPR,Corgi Space & Satellite Communications ETF,Y
1742,DIPS,YieldMax Short NVDA Option Income Strategy ETF,Y
1743,DIS,Walt Disney Company (The) Common Stock,N
1744,DISK,Tema Memory ETF,Y
1745,DISV,Dimensional International Small Cap Value ETF,Y
1746,DIT,AMCON Distributing Company Common Stock,N
1747,DIV,Global X Super Dividend ETF,Y
1748,DIVB,iShares Core Dividend ETF,Y
1749,DIVE,Dana Concentrated Dividend ETF,Y
1750,DIVG,Invesco S&P 500 High Dividend Growers ETF,Y
1751,DIVI,Franklin International Core Dividend Tilt Index ETF,Y
1752,DIVL,Madison Dividend Value ETF,Y
1753,DIVN,Horizon Dividend Income ETF,Y
1754,DIVO,Amplify CWP Enhanced Dividend Income ETF,Y
1755,DIVP,Cullen Enhanced Equity Income ETF,Y
1756,DIVS,Guinness Atkinson Dividend Builder ETF,Y
1757,DIVY,Sound Equity Dividend Income ETF,Y
1758,DIVZ,Polen Dividend Income ETF,Y
1759,DJAN,FT Vest U.S. Equity Deep Buffer ETF - January,Y
1760,DJD,Invesco Dow Jones Industrial Average Dividend ETF,Y
1761,DJIA,Global X Dow 30 Covered Call ETF,Y
1762,DJP,iPath Bloomberg Commodity Index Total Return ETN,N
1763,DJTU,T-REX 2X Long DJT Daily Target ETF,Y
1764,DJUL,FT Vest U.S. Equity Deep Buffer ETF - July,Y
1765,DJUN,FT Vest U.S. Equity Deep Buffer ETF - June,Y
1766,DK,"Delek US Holdings, Inc. Common Stock",N
1767,DKL,"Delek Logistics Partners, L.P. Common Units representing Limited Partner Interests",N
1768,DKS,Dick's Sporting Goods Inc Common Stock,N
1769,DLAG,FT Vest U.S. Equity Dual Directional Buffer ETF - August,Y
1770,DLB,Dolby Laboratories Common Stock,N
1771,DLFE,FT Vest U.S. Equity Dual Directional Buffer ETF - February,Y
1772,DLMY,FT Vest U.S. Equity Dual Directional Buffer ETF - May,Y
1773,DLN,WisdomTree U.S. LargeCap Dividend Fund,Y
1774,DLNG,Dynagas LNG Partners LP Common Units,N
1775,DLNG$A,Dynagas LNG Partners LP 9.00% Series A Cumulative Redeemable Preferred Units,N
1776,DLNV,FT Vest U.S. Equity Dual Directional Buffer ETF - November,Y
1777,DLR,"Digital Realty Trust, Inc. Common Stock",N
1778,DLR$J,"Digital Realty Trust, Inc. 5.250% Series J Cumulative Redeemable Preferred Stock",N
1779,DLR$K,"Digital Realty Trust, Inc. 5.850% Series K Cumulative Redeemable Preferred Stock, par value $0.01 per share",N
1780,DLR$L,"Digital Realty Trust, Inc. 5.200% Series L Cumulative Redeemable Preferred Stock",N
1781,DLS,WisdomTree International SmallCap Fund,Y
1782,DLUX,DoubleLine Ultrashort Income ETF,Y
1783,DLX,Deluxe Corporation Common Stock,N
1784,DLY,DoubleLine Yield Opportunities Fund Common Shares of Beneficial Interest,N
1785,DMA,Destra Multi-Alternative Fund Common Stock,N
1786,DMAR,FT Vest U.S. Equity Deep Buffer ETF - March,Y
1787,DMAX,iShares Large Cap Max Buffer Dec ETF,Y
1788,DMAY,FT Vest U.S. Equity Deep Buffer ETF - May,Y
1789,DMB,"BNY Mellon Municipal Bond Infrastructure Fund, Inc. Common Stock",N
1790,DMBS,DoubleLine Mortgage ETF,Y
1791,DMC,Del Monte Corporation Ordinary Shares,N
1792,DMO,Western Asset Mortgage Opportunity Fund Inc. Common Stock,N
1793,DMX,DoubleLine Multi-Sector Income ETF,Y
1794,DNA,"Ginkgo Bioworks Holdings, Inc. Class A Common Stock",N
1795,DNL,WisdomTree Global ex-U.S. Quality Growth Fund,Y
1796,DNN,Denison Mines Corp Ordinary Shares (Canada),N
1797,DNOV,FT Vest U.S. Equity Deep Buffer ETF - November,Y
1798,DNOW,DNOW Inc. Common Stock,N
1799,DNP,"DNP Select Income Fund, Inc. Common Stock",N
1800,DOC,"Healthpeak Properties, Inc. Common Stock",N
1801,DOCK,"Corgi Ports, Rail & Freight ETF",Y
1802,DOCN,"DigitalOcean Holdings, Inc. Common Stock",N
1803,DOCS,"Doximity, Inc. Class A Common Stock",N
1804,DOCT,FT Vest U.S. Equity Deep Buffer ETF - October,Y
1805,DOG,ProShares Short Dow30,Y
1806,DOGG,FT Vest DJIA Dogs 10 Target Income ETF,Y
1807,DOJE,REX-Osprey DOGE ETF,Y
1808,DOL,WisdomTree True Developed International Fund,Y
1809,DOLE,Dole plc Ordinary Shares,N
1810,DON,WisdomTree U.S. MidCap Dividend Fund,Y
1811,DOUG,Douglas Elliman Inc. Common Stock,N
1812,DOV,Dover Corporation Common Stock,N
1813,DOW,Dow Inc. Common Stock ,N
1814,DPC,DPC Holdings PLC Ordinary Shares,N
1815,DPG,Duff & Phelps Utility and Infrastructure Fund Inc.,N
1816,DPRE,Virtus Duff & Phelps Real Estate Income ETF,Y
1817,DPST,Direxion Daily Regional Banks Bull 3X ETF,Y
1818,DQ,"DAQO New Energy Corp. American Depositary Shares, each representing five ordinary shares",N
1819,DQJN,FT Vest Nasdaq-100 Dual Directional Buffer ETF - June,Y
1820,DRAI,Draco Evolution AI ETF,Y
1821,DRAL,Defiance Daily Target 2X Long DRAM ETF,Y
1822,DRAM,Roundhill Memory ETF,Y
1823,DRAY,YieldMax DKNG Option Income Strategy ETF,Y
1824,DRD,DRDGOLD Limited American Depositary Shares,N
1825,DRES,GMO Domestic Resilience ETF,Y
1826,DRGN,Themes China Generative Artificial Intelligence ETF,Y
1827,DRI,"Darden Restaurants, Inc. Common Stock",N
1828,DRIP,Direxion Daily S&P Oil & Gas Exp. & Prod. Bear 2X ETF,Y
1829,DRKY,VistaShares Target 15 DRUKMacro Distribution ETF,Y
1830,DRLL,Strive U.S. Energy ETF,Y
1831,DRMP,Tuttle Capital Memory Stack Income Blast ETF,Y
1832,DRMY,XFUNDS Memory Income ETF,Y
1833,DRN,Direxion Daily Real Estate Bull 3X ETF,Y
1834,DRNL,Defiance 2X Daily Long Pure Drone and Aerial Automation ETF,Y
1835,DRSK,Aptus Defined Risk ETF,Y
1836,DRUP,GraniteShares Nasdaq Select Disruptors ETF,Y
1837,DRV,Direxion Daily Real Estate Bear 3X ETF,Y
1838,DRVR,Amplify S&P 500 Dividend Drivers ETF,Y
1839,DSCO,DoubleLine Securitized Credit ETF,Y
1840,DSEP,FT Vest U.S. Equity Deep Buffer ETF - September,Y
1841,DSI,iShares ESG MSCI KLD 400 ETF,Y
1842,DSL,DoubleLine Income Solutions Fund Common Shares of Beneficial Interests,N
1843,DSM,"BNY Mellon Strategic Municipal Bond Fund, Inc. Common Stock",N
1844,DSMC,Distillate Small/Mid Cash Flow ETF,Y
1845,DSPY,Tema S&P 500 Historical Weight ETF Strategy,Y
1846,DSS,"DSS, Inc. Common Stock",N
1847,DSTL,Distillate U.S. Fundamental Stability & Value ETF,Y
1848,DSTX,Distillate International Fundamental Stability & Value ETF,Y
1849,DSU,"Blackrock Debt Strategies Fund, Inc. Common Stock",N
1850,DSX,Diana Shipping inc. common stock,N
1851,DSX$B,Diana Shipping Inc. Perpetual Preferred Shares Series B (Marshall Islands),N
1852,DSX.W,Diana Shipping inc. Warrants,N
1853,DT,"Dynatrace, Inc. Common Stock",N
1854,DTAN,Sparkline International Intangible Value ETF,Y
1855,DTB,DTE Energy Company 2020 Series G 4.375% Junior Subordinated Debentures due 2080,N
1856,DTD,WisdomTree U.S. Total Dividend Fund,Y
1857,DTE,DTE Energy Company Common Stock,N
1858,DTEC,ALPS Disruptive Technologies ETF,Y
1859,DTF,DTF Tax-Free Income 2028 Term Fund Inc. Common Stock,N
1860,DTG,DTE Energy Company 2021 Series E 4.375% Junior Subordinated Debentures,N
1861,DTH,WisdomTree International High Dividend Fund,Y
1862,DTK,DTE Energy Company 2025 Series H 6.25% Junior Subordinated Debentures due 2085,N
1863,DTM,"DT Midstream, Inc. Common Stock ",N
1864,DTRE,First Trust Alerian Disruptive Technology Real Estate ETF,Y
1865,DTW,DTE Energy Company 2017 Series E 5.25% Junior Subordinated Debentures due 2077,N
1866,DUBS,Aptus Large Cap Enhanced Yield ETF,Y
1867,DUG,ProShares UltraShort Energy,Y
1868,DUHP,Dimensional US High Profitability ETF,Y
1869,DUK,Duke Energy Corporation (Holding Company) Common Stock,N
1870,DUK$A,"Duke Energy Corporation Depositary Shares, each representing a 1/1,000th interest in a share of 5.75% Series A Cumulative Redeemable Perpetual Preferred Stock",N
1871,DUKB,Duke Energy Corporation 5.625% Junior Subordinated Debentures due 2078,N
1872,DUKQ,Ocean Park Domestic ETF,Y
1873,DUKU,Duke Energy Corporation Corporate Units,N
1874,DUKZ,Ocean Park Diversified Income ETF,Y
1875,DULL,"MicroSectors Gold -3X Inverse Leveraged ETNs due January 29, 2043",Y
1876,DUNK,Dana Unconstrained Equity ETF,Y
1877,DURA,VanEck Durable High Dividend ETF,Y
1878,DUSA,Davis Select U.S. Equity ETF,Y
1879,DUSB,Dimensional Ultrashort Fixed Income ETF,Y
1880,DUSL,Direxion Daily Industrials Bull 3X ETF,Y
1881,DUST,Direxion Daily Gold Miners Index Bear 2X ETF,Y
1882,DUTY,U.S. Defense ETF,Y
1883,DV,"DoubleVerify Holdings, Inc. Common Stock",N
1884,DVA,DaVita Inc. Common Stock,N
1885,DVDN,Kingsbarn Dividend Opportunity ETF,Y
1886,DVN,Devon Energy Corporation Common Stock,N
1887,DVND,Touchstone Dividend Select ETF,Y
1888,DVVY,Invesco Diversified Dividend Opportunities ETF,Y
1889,DVYA,iShares Asia / Pacific Dividend 30 Index Fund Exchange Traded Fund,Y
1890,DVYE,iShares Emerging Markets Dividend Index Fund Exchange Traded Fund,Y
1891,DWLD,Davis Select Worldwide ETF,Y
1892,DWM,WisdomTree International Equity Fund,Y
1893,DWMF,WisdomTree International Multifactor Fund,Y
1894,DWWN,Principal Long Duration ETF,Y
1895,DWX,State Street SPDR S&P International Dividend ETF,Y
1896,DX,"Dynex Capital, Inc. Common Stock",N
1897,DX$C,"Dynex Capital, Inc. 6.900% Series C Fixed-to-Floating Rate Cumulative Redeemable Preferred Stock",N
1898,DXC,DXC Technology Company Common Stock ,N
1899,DXD,ProShares UltraShort Dow30,Y
1900,DXF,"Eason Technology Limited American Depositary Shares (each representing sixty-thousand (60,000) Ordinary Shares)",N
1901,DXIV,Dimensional International Vector Equity ETF,Y
1902,DXJ,WisdomTree Japan Hedged Equity Fund,Y
1903,DXUV,Dimensional US Vector Equity ETF,Y
1904,DXYZ,Destiny Tech100 Inc. Common Stock,N
1905,DY,"Dycom Industries, Inc. Common Stock",N
1906,DYLD,LeaderShares Dynamic Yield ETF,Y
1907,DYLG,Global X Dow 30 Covered Call & Growth ETF,Y
1908,DYNF,iShares U.S. Equity Factor Rotation Active ETF,Y
1909,DZZ,"DB Gold Double Short ETN due February 15, 2038",N
1910,E,ENI S.p.A. Common Stock,N
1911,EAD,Allspring Income Opportunities Fund Common Shares,N
1912,EAF,GrafTech International Ltd. Common Stock,N
1913,EAFG,Pacer Developed Markets Cash Cows Growth Leaders ETF,Y
1914,EAGG,iShares ESG Aware U.S. Aggregate Bond ETF,Y
1915,EAGL,Eagle Capital Select Equity ETF,Y
1916,EAI,"Entergy Arkansas, LLC First Mortgage Bonds, 4.875% Series Due September 1, 2066",N
1917,EALT,Innovator U.S. Equity 5 to 15 Buffer ETF - Quarterly,Y
1918,EAPR,Innovator Emerging Markets Power Buffer ETF April,Y
1919,EARN,Ellington Credit Company Common Shares of Beneficial Interest,N
1920,EASG,Xtrackers MSCI EAFE Selection Equity ETF,Y
1921,EAT,"Brinker International, Inc. Common Stock",N
1922,EBF,"Ennis, Inc. Common Stock",N
1923,EBIT,Harbor AlphaEdge Small Cap Earners ETF,Y
1924,EBND,State Street SPDR Bloomberg Emerging Markets Local Bond ETF,Y
1925,EBS,Emergent BioSolutions Inc. Common Stock,N
1926,EBUF,Innovator Emerging Markets 10 Buffer ETF - Quarterly,Y
1927,EC,Ecopetrol S.A. American Depositary Shares,N
1928,ECAT,BlackRock ESG Capital Allocation Term Trust Common Shares of Beneficial Interest,N
1929,ECC,Eagle Point Credit Company Common Share of Beneficial Interest,N
1930,ECC$D,Eagle Point Credit Company 6.75% Series D Preferred Stock,N
1931,ECCC,Eagle Point Credit Company 6.50% Series C Term Preferred Stock due 2031,N
1932,ECCU,Eagle Point Credit Company 7.75% Notes due 2030,N
1933,ECCV,Eagle Point Credit Company 5.375% Notes due 2029,N
1934,ECF,Ellsworth Growth and Income Fund Ltd.,N
1935,ECF$A,Ellsworth Growth and Income Fund Ltd. 5.25% Series A Cumulative Preferred Shares (Liquidation Preference $25.00 per share),N
1936,ECG,"Everus Construction Group, Inc. Common Stock",N
1937,ECH,iShares MSCI Chile ETF,Y
1938,ECL,Ecolab Inc. Common Stock,N
1939,ECML,Euclidean Fundamental Value ETF,Y
1940,ECNS,iShares MSCI China Small-Cap ETF,Y
1941,ECO,Okeanis Eco Tankers Corp. Common Stock,N
1942,ECON,Columbia Research Enhanced Emerging Economies ETF,Y
1943,ECVT,Ecovyst Inc. Common Stock,N
1944,ED,"Consolidated Edison, Inc. Common Stock",N
1945,EDC,Direxion Emerging Markets Bull 3X ETF,Y
1946,EDD,"Morgan Stanley Emerging Markets Domestic Debt Fund, Inc. Common Stock",N
1947,EDEN,iShares MSCI Denmark ETF,Y
1948,EDF,Virtus Stone Harbor Emerging Markets Income Fund Common Shares of Beneficial Interest,N
1949,EDGE,MRBL Enhanced Equity ETF,Y
1950,EDGF,3EDGE Dynamic Fixed Income ETF,Y
1951,EDGH,3EDGE Dynamic Hard Assets ETF,Y
1952,EDGI,3EDGE Dynamic International Equity ETF,Y
1953,EDGQ,Global X Nasdaq-100 Income Edge ETF,Y
1954,EDGU,3EDGE Dynamic US Equity ETF,Y
1955,EDGX,Global X U.S. 500 Income Edge ETF,Y
1956,EDIV,State Street SPDR S&P Emerging Markets Dividend ETF,Y
1957,EDN,Empresa Distribuidora Y Comercializadora Norte S.A. (Edenor) American Depositary Shares,N
1958,EDOG,ALPS Emerging Sector Dividend Dogs ETF,Y
1959,EDOW,First Trust Dow 30 Equal Weight ETF,Y
1960,EDU,"New Oriental Education & Technology Group, Inc. Sponsored ADR representing 10 Ordinary Share (Cayman Islands)",N
1961,EDV,Vanguard Extended Duration Treasury ETF,Y
1962,EDZ,Direxion Emerging Markets Bear 3X ETF,Y
1963,EE,"Excelerate Energy, Inc. Class A Common Stock",N
1964,EEA,"The European Equity Fund, Inc. Common Stock",N
1965,EELV,Invesco S&P Emerging Markets Low Volatility ETF,Y
1966,EEM,iShares MSCI Emerging Index Fund,Y
1967,EEMO,Invesco S&P Emerging Markets Momentum ETF,Y
1968,EEMS,iShares MSCI Emerging Markets Small Cap ETF,Y
1969,EEMV,iShares MSCI Emerging Markets Min Vol Factor ETF,Y
1970,EEMX,State Street SPDR MSCI Emerging Markets Fossil Fuel Reserves Free ETF,Y
1971,EES,WisdomTree U.S. SmallCap Fund,Y
1972,EET,ProShares Ultra MSCI Emerging Markets,Y
1973,EETH,ProShares Ether ETF,Y
1974,EEV,ProShares UltraShort MSCI Emerging Markets,Y
1975,EFA,iShares MSCI EAFE ETF,Y
1976,EFAA,Invesco MSCI EAFE Income Advantage ETF,Y
1977,EFAD,ProShares MSCI EAFE Dividend Growers ETF,Y
1978,EFAV,iShares MSCI EAFE Min Vol Factor ETF,Y
1979,EFAX,State Street SPDR MSCI EAFE Fossil Fuel Reserves Free ETF,Y
1980,EFC,Ellington Financial Inc. Common Stock ,N
1981,EFC$B,Ellington Financial Inc. 6.250% Series B Fixed-Rate Reset Cumulative Redeemable Preferred Stock,N
1982,EFC$C,Ellington Financial Inc. 8.625% Series C Fixed-Rate Reset Cumulative Redeemable Preferred Stock,N
1983,EFC$D,Ellington Financial Inc. 7.00% Series D Cumulative Perpetual Redeemable Preferred Stock,N
1984,EFFE,Harbor Osmosis Emerging Markets Resource Efficient ETF,Y
1985,EFFI,Harbor Osmosis International Resource Efficient ETF,Y
1986,EFG,iShares MSCI EAFE Growth ETF,Y
1987,EFIV,State Street SPDR S&P 500 ESG ETF,Y
1988,EFNL,iShares MSCI Finland ETF,Y
1989,EFO,ProShares Ultra MSCI EAFE,Y
1990,EFOR,"Everforth, Inc. Common Stock",N
1991,EFR,Eaton Vance Senior Floating-Rate Fund Common Shares of Beneficial Interest,N
1992,EFT,Eaton Vance Floating Rate Income Trust Common Shares of Beneficial Interest,N
1993,EFU,ProShares UltraShort MSCI EAFE,Y
1994,EFV,iShares MSCI EAFE Value ETF,Y
1995,EFX,"Equifax, Inc. Common Stock",N
1996,EFXT,Enerflex Ltd Common Shares,N
1997,EFZ,ProShares Short MSCI EAFE,Y
1998,EG,"Everest Group, Ltd. Common Stock",N
1999,EGG,Enigmatig Limited Class A Ordinary Shares,N
2000,EGGS,NestYield Total Return Guard ETF,Y
2001,EGGY,NestYield Dynamic Income ETF,Y
2002,EGLE,Global X S&P 500 U.S. Revenue Leaders ETF,Y
2003,EGO,Eldorado Gold Corporation Ordinary Shares,N
2004,EGP,"EastGroup Properties, Inc. Common Stock",N
2005,EGUS,iShares ESG Aware MSCI USA Growth ETF,Y
2006,EGY,"VAALCO Energy, Inc.  Common Stock",N
2007,EHC,Encompass Health Corporation Common Stock,N
2008,EHCC,Global X Ethereum Covered Call ETF,Y
2009,EHI,Western Asset Global High Income Fund Inc Common Stock,N
2010,EHY,Amplify Ethereum Max Income Covered Call ETF,Y
2011,EIC,Eagle Point Income Company Inc. Common Stock,N
2012,EICA,Eagle Point Income Company Inc. 5.00% Series A Term Preferred Stock due 2026,N
2013,EIDO,iShares MSCI Indonesia ETF,Y
2014,EIG,Employers Holdings Inc Common Stock,N
2015,EIIA,Eagle Point Institutional Income Fund 8.125% Series A Term Preferred Shares Due 2029,N
2016,EIM,"Eaton Vance Municipal Bond Fund Common Shares of Beneficial Interest, $.01 par value",N
2017,EINC,VanEck Energy Income ETF,Y
2018,EIPI,FT Energy Income Partners Enhanced Income ETF,Y
2019,EIPX,FT Energy Income Partners Strategy ETF,Y
2020,EIRL,iShares MSCI Ireland ETF,Y
2021,EIS,iShares MSCI Israel ETF,Y
2022,EIX,Edison International Common Stock,N
2023,EJAN,Innovator Emerging Markets Power Buffer ETF January,Y
2024,EJUL,Innovator Emerging Markets Power Buffer ETF July,Y
2025,EL,"Estee Lauder Companies, Inc. (The) Common Stock",N
2026,ELA,Envela Corporation Common Stock,N
2027,ELAN,Elanco Animal Health Incorporated Common Stock,N
2028,ELC,"Entergy Louisiana, Inc. Collateral Trust Mortgage Bonds, 4.875 % Series due September 1, 2066",N
2029,ELCV,Strategy Shares Eventide High Dividend ETF,Y
2030,ELD,WisdomTree Emerging Markets Local Debt Fund,Y
2031,ELF,"e.l.f. Beauty, Inc. Common Stock",N
2032,ELLA,Ellington Credit Company 8.50% Notes due 2031,N
2033,ELLO,Ellomay Capital Ltd Ordinary Shares (Israel),N
2034,ELM,Elm Market Navigator ETF,Y
2035,ELMD,"Electromed, Inc. Common Stock",N
2036,ELME,Elme Communities Common Stock,N
2037,ELPC,Companhia Paranaense de Energia (COPEL) American Depositary Shares (each representing four (4) Common Shares),N
2038,ELS,"Equity Lifestyle Properties, Inc. Common Stock",N
2039,ELV,"Elevance Health, Inc. Common Stock",N
2040,EMA,Emera Incorporated Common Shares,N
2041,EMAU,Corgi Emerging Markets Equities 15% Structured Buffer ETF - August Series,Y
2042,EMBD,Global X Emerging Markets Bond ETF,Y
2043,EMBJ,Embraer S.A. Common Stock,N
2044,EMBX,VanEck Emerging Markets Bond ETF,Y
2045,EMC,Global X Emerging Markets Great Consumer ETF,Y
2046,EMCR,Xtrackers Emerging Markets Carbon Reduction and Climate Improvers ETF,Y
2047,EMCS,Xtrackers MSCI Emerging Markets Select ETF,Y
2048,EMD,Western Asset Emerging Markets Debt Fund Inc Common Stock,N
2049,EMDM,First Trust Bloomberg Emerging Market Democracies ETF,Y
2050,EMDV,ProShares MSCI Emerging Markets Dividend Growers ETF,Y
2051,EME,"EMCOR Group, Inc. Common Stock",N
2052,EMES,Harbor Emerging Markets Select ETF,Y
2053,EMET,VanEck Copper and Electrification Metals ETF,Y
2054,EMF,Templeton Emerging Markets Fund Common Stock,N
2055,EMFI,Pictet Emerging Markets Debt ETF,Y
2056,EMGF,iShares Emerging Markets Equity Factor ETF,Y
2057,EMHC,State Street SPDR Bloomberg Emerging Markets USD Bond ETF,Y
2058,EMHY,iShares J.P. Morgan EM High Yield Bond ETF,Y
2059,EMJL,Corgi Emerging Markets Equities 15% Structured Buffer ETF - July Series,Y
2060,EMJN,Corgi Emerging Markets Equities 15% Structured Buffer ETF - June Series,Y
2061,EMKT,Lazard Emerging Markets Opportunities ETF,Y
2062,EMLC,VanEck J. P. Morgan EM Local Currency Bond ET,Y
2063,EMLP,First Trust North American Energy Infrastructure Fund,Y
2064,EMM,Global X Emerging Markets ex-China ETF,Y
2065,EMMF,WisdomTree Emerging Markets Multifactor Fund,Y
2066,EMMY,Corgi Emerging Markets Equities 15% Structured Buffer ETF - May Series,Y
2067,EMN,Eastman Chemical Company Common Stock,N
2068,EMNT,PIMCO Enhanced Short Maturity Active ESG Exchange-Traded Fund,Y
2069,EMO,ClearBridge Energy Midstream Opportunity Fund Inc. Common Stock,N
2070,EMOP,AB Emerging Markets Opportunities ETF,Y
2071,EMOT,First Trust S&P 500 Economic Moat ETF,Y
2072,EMP,"Entergy Mississippi, LLC First Mortgage Bonds, 4.90% Series Due October 1, 2066",N
2073,EMPB,Efficient Market Portfolio Plus ETF,Y
2074,EMQQ,EMQQ The Emerging Markets Internet ETF,Y
2075,EMR,Emerson Electric Company Common Stock,N
2076,EMSF,Matthews Emerging Markets Sustainable Future Active ETF,Y
2077,EMTY,ProShares Decline of the Retail Store ETF,Y
2078,EMXX,Corgi Emerging Markets 2x Daily ETF,Y
2079,ENB,Enbridge Inc Common Stock,N
2080,ENFR,Alerian Energy Infrastructure ETF,Y
2081,ENHA,Enhanced Group Inc. Class A Common Stock,N
2082,ENIC,Enel Chile S.A. American Depositary Shares (Each representing 50 shares of Common Stock),N
2083,ENJ,"Entergy New Orleans, LLC First Mortgage Bonds, 5.0% Series due December 1, 2052",N
2084,ENO,"Entergy New Orleans, LLC First Mortgage Bonds, 5.50% Series due April 1, 2066",N
2085,ENOR,iShares MSCI Norway ETF,Y
2086,ENOV,Enovis Corporation Common Stock,N
2087,ENR,"Energizer Holdings, Inc. Common Stock",N
2088,ENS,EnerSys Common Stock,N
2089,ENTL,Leverage Shares 2X Long ENTG Daily ETF,Y
2090,ENVA,"Enova International, Inc. Common Stock",N
2091,EO,Corgi EOSE 2x Daily ETF,Y
2092,EOCT,Innovator Emerging Markets Power Buffer ETF - October,Y
2093,EOD,Allspring Global Dividend Opportunity Fund Common Shares of Beneficial Interest,N
2094,EOG,"EOG Resources, Inc. Common Stock",N
2095,EOI,Eaton Vance Enhance Equity Income Fund Eaton Vance Enhanced Equity Income Fund Shares of Beneficial Interest,N
2096,EONR,EON Resources Inc. Class A Common Stock,N
2097,EONR.W,"EON Resources Inc. Warrants, each whole warrant exercisable for three quarters of one share of Class A Common Stock at an exercise price of $11.50 per whole share",N
2098,EOS,Eaton Vance Enhance Equity Income Fund II Common Stock,N
2099,EOSU,T-REX 2X Long EOSE Daily Target ETF,Y
2100,EOT,Eaton Vance Municipal Income Trust EATON VANCE NATIONAL MUNICIPAL OPPORTUNITIES TRUST,N
2101,EP,Empire Petroleum Corporation Common Stock,N
2102,EP$C,El Paso Corporation Preferred Stock,N
2103,EPAC,Enerpac Tool Group Corp. Common Stock,N
2104,EPAI,Harbor AI Inflection Strategy ETF,Y
2105,EPAM,"EPAM Systems, Inc. Common Stock",N
2106,EPC,Edgewell Personal Care Company Common Stock,N
2107,EPD,Enterprise Products Partners L.P. Common Stock,N
2108,EPEM,Harbor Emerging Markets Equity ETF,Y
2109,EPHE,iShares MSCI Philippines ETF,Y
2110,EPI,WisdomTree India Earnings Fund,Y
2111,EPIN,Harbor International Equity ETF,Y
2112,EPM,"Evolution Petroleum Corporation, Inc. Common Stock",N
2113,EPMB,Harbor Mid Cap Core ETF,Y
2114,EPMV,Harbor Mid Cap Value ETF,Y
2115,EPOL,iShares MSCI Poland ETF,Y
2116,EPP,iShares MSCI Pacific Ex-Japan Index Fund,Y
2117,EPR,EPR Properties Common Stock,N
2118,EPR$C,EPR Properties 5.75% Series C Cumulative Convertible Preferred Shares,N
2119,EPR$E,EPR Properties Series E Cumulative Conv Pfd Shs Ser E,N
2120,EPR$G,EPR Properties 5.750% Series G Cumulative Redeemable Preferred Shares,N
2121,EPRF,Innovator S&P Investment Grade Preferred ETF,Y
2122,EPRT,"Essential Properties Realty Trust, Inc. Common Stock",N
2123,EPS,WisdomTree U.S. LargeCap Fund,Y
2124,EPSB,Harbor SMID Cap Core ETF,Y
2125,EPSV,Harbor SMID Cap Value ETF,Y
2126,EPU,iShares MSCI Peru and Global Exposure ETF,Y
2127,EPV,ProShares UltraShort FTSE Europe ETF,Y
2128,EQAL,Invesco Russell 1000 Equal Weight ETF,Y
2129,EQBK,"Equity Bancshares, Inc. Class A Common Stock",N
2130,EQH,"Equitable Holdings, Inc. Common Stock",N
2131,EQH$A,"Equitable Holdings, Inc. Depositary Shares",N
2132,EQH$C,"Equitable Holdings, Inc. Depositary Shares, each representing a 1/1,000th interest in a share of Fixed Rate Noncumulative Perpetual Preferred Stock, Series C",N
2133,EQIN,Columbia U.S. Equity Income ETF,Y
2134,EQL,ALPS Equal Sector Weight ETF,Y
2135,EQLT,iShares MSCI Emerging Markets Quality Factor ETF,Y
2136,EQNR,Equinor ASA,N
2137,EQS,"Equus Total Return, Inc. Common Stock",N
2138,EQT,EQT Corporation Common Stock,N
2139,EQTY,Kovitz Core Equity ETF,Y
2140,EQWL,Invesco S&P 100 Equal Weight ETF,Y
2141,EQX,Equinox Gold Corp. Common Shares,N
2142,ERC,Allspring Multi-Sector Income Fund Common Stock,N
2143,ERH,Allspring Utilities and High Income Fund Common Shares,N
2144,ERO,Ero Copper Corp. Common Shares,N
2145,EROC,"ERock, Inc. Class A Common Stock",N
2146,EROK,"EagleRock Land, LLC Class A shares representing limited liability company interests",N
2147,ERTH,Invesco MSCI Sustainable Future ETF,Y
2148,ERX,Direxion Energy Bull 2X ETF,Y
2149,ERY,Direxion Daily Energy Bear 2X ETF,Y
2150,ES,Eversource Energy (D/B/A) Common Stock,N
2151,ESAB,ESAB Corporation Common Stock,N
2152,ESBA,"Empire State Realty OP, L.P. Series ES Operating Partnership Units Representing Limited Partnership Interests",N
2153,ESBG,"First Trust Enhanced Stocks, Bonds & Gold ETF",Y
2154,ESE,ESCO Technologies Inc. Common Stock,N
2155,ESG,Northern Trust STOXX US ESG Select ETF,Y
2156,ESGG,Northern Trust STOXX Global ESG Select ETF,Y
2157,ESGV,Vanguard ESG U.S. Stock ETF,Y
2158,ESI,Element Solutions Inc. Common Stock,N
2159,ESIM,Eventide International ETF,Y
2160,ESLG,Eventide Large Cap Growth ETF,Y
2161,ESLV,Eventide Large Cap Value ETF,Y
2162,ESML,iShares ESG Aware MSCI USA Small-Cap ETF,Y
2163,ESNT,Essent Group Ltd. Common Shares,N
2164,ESP,Espey Mfg. & Electronics Corp. Common Stock,N
2165,ESRT,"Empire State Realty Trust, Inc. Class A Common Stock",N
2166,ESS,"Essex Property Trust, Inc. Common Stock",N
2167,ESSC,Eventide Small Cap ETF,Y
2168,ESTC,Elastic N.V. Ordinary Shares,N
2169,ESUM,Eventide US Market ETF,Y
2170,ET,Energy Transfer LP Common Units ,N
2171,ET$I,Energy Transfer L.P. Series I Fixed Rate Perpetual Preferred Units,N
2172,ETB,Eaton Vance Tax-Managed Buy-Write Income Fund Eaton Vance Tax-Managed Buy-Write Income Fund Common Shares of Beneficial Interest,N
2173,ETCO,Grayscale Ethereum Covered Call ETF,Y
2174,ETD,Ethan Allen Interiors Inc. Common Stock,N
2175,ETFT,Fundsmith Equity ETF,Y
2176,ETG,Eaton Vance Tax-Advantaged Global Dividend Income Fund Common Shares of Beneficial Interest,N
2177,ETH,Grayscale Ethereum Staking Mini ETF Shares,Y
2178,ETHD,ProShares UltraShort Ether ETF,Y
2179,ETHE,Grayscale Ethereum Staking ETF Shares,Y
2180,ETHO,Amplify Etho Climate Leadership U.S. ETF,Y
2181,ETHT,ProShares Ultra Ether ETF,Y
2182,ETHU,2x Ether ETF,Y
2183,ETHV,VanEck Ethereum ETF,Y
2184,ETHW,Bitwise Ethereum ETF ,Y
2185,ETI$,"Entergy Texas Inc 5.375% Series A Preferred Stock, Cumulative, No Par Value",N
2186,ETJ,Eaton Vance Risk-Managed Diversified Equity Income Fund Common Shares of Beneficial Interest,N
2187,ETN,"Eaton Corporation, PLC Ordinary Shares",N
2188,ETNG,Leverage Shares 2X Long ETN Daily ETF,Y
2189,ETO,Eaton Vance Tax-Advantage Global Dividend Opp Common Stock,N
2190,ETR,Entergy Corporation Common Stock,N
2191,ETSS,Energy Transition Special Opportunities Class A Ordinary Shares,N
2192,ETSS.U,"Energy Transition Special Opportunities Units, each consisting of one Class A ordinary share and one-half of one redeemable warrant",N
2193,ETSS.W,"Energy Transition Special Opportunities Warrants, each whole warrant exercisable for one Class A ordinary share at an exercise price of $11.50",N
2194,ETSY,"Etsy, Inc. Common Stock",N
2195,ETTY,Amplify Ethereum 3% Monthly Option Income ETF,Y
2196,ETU,T-Rex 2X Long Ether Daily Target ETF,Y
2197,ETV,Eaton Vance Corporation Eaton Vance Tax-Managed Buy-Write Opportunities Fund Common Shares of Beneficial Interest,N
2198,ETW,Eaton Vance Corporation Eaton Vance Tax-Managed Global Buy-Write Opportunites Fund Common Shares of Beneficial Interest,N
2199,ETX,Eaton Vance Municipal Income 2028 Term Trust Common Shares of Beneficial Interest,N
2200,ETY,"Eaton Vance Tax-Managed Diversified Equity Income Fund Common Shares of Beneficial Interest,",N
2201,EUAD,Select STOXX Europe Aerospace & Defense ETF,Y
2202,EUDG,WisdomTree Europe Quality Dividend Growth Fund,Y
2203,EUDV,ProShares MSCI Europe Dividend Growers ETF,Y
2204,EUHY,iShares Euro High Yield Corporate Bond USD Hedged ETF,Y
2205,EUIG,iShares Euro Investment Grade Corporate Bond USD Hedged ETF,Y
2206,EUM,ProShares Short MSCI Emerging Markets,Y
2207,EUO,ProShares UltraShort Euro,Y
2208,EURL,Direxion Daily FTSE Europe Bull 3X ETF,Y
2209,EUSA,iShares MSCI USA Equal Weighted ETF,Y
2210,EUSB,iShares ESG Advanced Universal USD Bond ETF,Y
2211,EUV,Corgi Lithography & Semiconductor Photonics ETF,Y
2212,EUVX,Corgi Lithography & Semiconductor Photonics 2x Daily ETF,Y
2213,EVAC,EQV Ventures Acquisition Corp. II Class A Ordinary Shares,N
2214,EVAC.U,"EQV Ventures Acquisition Corp. II Units, each unit consists of one Class A ordinary share and one-third of one redeemable warrant",N
2215,EVAC.W,"EQV Ventures Acquisition Corp. II Redeemable Warrants, each whole warrant exercisable for one Class A ordinary share at an exercise price of $11.50 per share",N
2216,EVC,Entravision Communications Corporation Common Stock,N
2217,EVEX,"Eve Holding, Inc. Common Stock",N
2218,EVEX.W,"Eve Holding, Inc. Warrants, each exercisable for one share of Common Stock at an exercise price of $11.50 per share",N
2219,EVF,Eaton Vance Senior Income Trust Common Stock,N
2220,EVG,Eaton Vance Short Diversified Income Fund Eaton Vance Short Duration Diversified Income Fund Common Shares of Beneficial Interest,N
2221,EVH,"Evolent Health, Inc Class A Common Stock",N
2222,EVHY,Eaton Vance High Yield ETF,Y
2223,EVI,"EVI Industries, Inc.  Common Stock",N
2224,EVIM,Eaton Vance Intermediate Municipal Income ETF,Y
2225,EVLN,Eaton Vance Floating-Rate ETF,Y
2226,EVLU,iShares MSCI Emerging Markets Value Factor ETF,Y
2227,EVMN,"Evommune, Inc. Common Stock",N
2228,EVMO,Eaton Vance Mortgage Opportunities ETF,Y
2229,EVMU,Direxion Daily Ether Bull 2X ETF,Y
2230,EVN,Eaton Vance Municipal Income Trust Common Stock,N
2231,EVNT,AltShares Event-Driven ETF,Y
2232,EVR,Evercore Inc. Class A Common Stock,N
2233,EVSB,Eaton Vance Ultra-Short Income ETF,Y
2234,EVSM,Eaton Vance Short Duration Municipal Income ETF,Y
2235,EVT,Eaton Vance Tax Advantaged Dividend Income Fund Common Shares of Beneficial Interest,N
2236,EVTC,"Evertec, Inc. Common Stock",N
2237,EVTL,Vertical Aerospace Ltd. Ordinary Shares,N
2238,EVTR,Eaton Vance Total Return Bond ETF,Y
2239,EVUS,iShares ESG Aware MSCI USA Value ETF,Y
2240,EVV,Eaton Vance Limited Duration Income Fund Common Shares of Beneficial Interest,N
2241,EVX,VanEck Environmental Services ETF,Y
2242,EW,Edwards Lifesciences Corporation Common Stock,N
2243,EWA,iShares MSCI Australia Index Fund,Y
2244,EWC,iShares MSCI Canada Index Fund,Y
2245,EWD,iShares MSCI Sweden ETF,Y
2246,EWG,iShares MSCI Germany Index Fund,Y
2247,EWH,iShares MSCI Hong Kong Index Fund,Y
2248,EWI,iShares MSCI Italy ETF,Y
2249,EWJ,iShares MSCI Japan Index Fund,Y
2250,EWK,iShares MSCI Belgium ETF,Y
2251,EWL,iShares MSCI Switzerland ETF,Y
2252,EWM,iShares MSCI Malaysia Index Fund,Y
2253,EWN,iShares MSCI Netherlands Index Fund,Y
2254,EWO,iShares MSCI Austria ETF,Y
2255,EWP,iShares MSCI Spain ETF,Y
2256,EWQ,iShares MSCI France Index Fund,Y
2257,EWS,iShares MSCI Singapore ETF,Y
2258,EWT,iShares MSCI Taiwan ETF,Y
2259,EWU,iShares MSCI United Kingdom ETF,Y
2260,EWUS,iShares MSCI United Kingdom Small Cap ETF,Y
2261,EWV,ProShares UltraShort MSCI Japan,Y
2262,EWW,iShares MSCI Mexico ETF,Y
2263,EWX,State Street SPDR S&P Emerging Markets Small Cap ETF,Y
2264,EWY,iShares MSCI South Korea ETF,Y
2265,EWZ,iShares MSCI Brazil ETF,Y
2266,EXEQ,Wedbush ReturnOnLeadership U.S. Large-Cap ETF,Y
2267,EXG,Eaton Vance Tax-Managed Global Diversified Equity Income Fund Common Shares of Beneficial Interest,N
2268,EXI,iShares Global Industrials ETF,Y
2269,EXK,Endeavour Silver Corporation Ordinary Shares (Canada),N
2270,EXOD,"Exodus Movement, Inc. Class A Common Stock",N
2271,EXP,Eagle Materials Inc Common Stock,N
2272,EXPD,"Expeditors International of Washington, Inc. Common Stock",N
2273,EXPN,Horizon Expansion Leaders ETF,Y
2274,EXR,Extra Space Storage Inc Common Stock,N
2275,EYES,Corgi Data & Surveillance ETF,Y
2276,EYLD,Cambria Emerging Shareholder Yield ETF,Y
2277,EZA,iShares MSCI South Africa Index Fund,Y
2278,EZBC,Franklin Templeton Digital Holdings Trust Shares of Franklin Bitcoin ETF,Y
2279,EZET,Franklin Ethereum ETF,Y
2280,EZJ,ProShares Ultra MSCI Japan,Y
2281,EZM,WisdomTree U.S. MidCap Fund,Y
2282,EZPZ,Franklin Crypto Index ETF,Y
2283,EZU,iShares MSCI Eurozone ETF,Y
2284,F,Ford Motor Company Common Stock,N
2285,F$B,"Ford Motor Company 6.20% Notes due June 1, 2059",N
2286,F$C,"Ford Motor Company 6% Notes due December 1, 2059",N
2287,F$D,"Ford Motor Company 6.500% Notes due August 15, 2062",N
2288,FAF,First American Corporation (New) Common Stock,N
2289,FAI,First Trust Bloomberg Artificial Intelligence ETF,Y
2290,FAN,First Trust Global Wind Energy ETF,Y
2291,FAPR,FT Vest U.S. Equity Buffer ETF - April,Y
2292,FARX,Frontier Asset Absolute Return ETF,Y
2293,FAS,Direxion Financial Bull 3X ETF,Y
2294,FAUG,FT Vest U.S. Equity Buffer ETF - August,Y
2295,FAX,"abrdn Asia-Pacific Income Fund, Inc. Common Stock",N
2296,FAZ,Direxion Financial Bear 3X ETF,Y
2297,FB,ProShares S&P 500 Dynamic Buffer ETF,Y
2298,FBCG,Fidelity Blue Chip Growth ETF,Y
2299,FBCV,Fidelity Blue Chip Value ETF,Y
2300,FBDC,FT Confluence BDC & Specialty Finance Income ETF,Y
2301,FBIN,"Fortune Brands Innovations, Inc. Common Stock",N
2302,FBK,FB Financial Corporation Common Stock,N
2303,FBND,Fidelity Total Bond ETF,Y
2304,FBP,First BanCorp. New Common Stock,N
2305,FBRT,"Franklin BSP Realty Trust, Inc. Common Stock",N
2306,FBRT$E,"Franklin BSP Realty Trust, Inc. 7.50% Series E Cumulative Redeemable Preferred Stock",N
2307,FBT,First Trust Amex Biotech Index Fund,Y
2308,FBTC,Fidelity Wise Origin Bitcoin Fund,Y
2309,FBUF,Fidelity Dynamic Buffered Equity ETF,Y
2310,FBX,Corgi META 2x Daily ETF,Y
2311,FBY,YieldMax META Option Income Strategy ETF,Y
2312,FC,Franklin Covey Company Common Stock,N
2313,FCBD,Frontier Asset Core Bond ETF,Y
2314,FCBM,"First Carolina Financial Services, Inc. Common Stock",N
2315,FCF,First Commonwealth Financial Corporation Common Stock,N
2316,FCFY,First Trust S&P 500 Diversified Free Cash Flow ETF,Y
2317,FCG,First Trust Natural Gas ETF,Y
2318,FCLD,Fidelity Cloud Computing ETF,Y
2319,FCN,"FTI Consulting, Inc. Common Stock",N
2320,FCOM,Fidelity MSCI Communication Services Index ETF,Y
2321,FCOR,Fidelity Corporate Bond ETF,Y
2322,FCPI,Fidelity Stocks for Inflation ETF,Y
2323,FCPT,"Four Corners Property Trust, Inc. Common Stock",N
2324,FCRS,FutureCrest Acquisition Corp. Class A Ordinary Shares,N
2325,FCRS.U,"FutureCrest Acquisition Corp. Units, each consisting of one Class A ordinary share and one-quarter of one redeemable warrant",N
2326,FCRS.W,"FutureCrest Acquisition Corp. Redeemable warrants, each whole warrant exercisable for one Class A ordinary share at an exercise price of $11.50",N
2327,FCSH,Federated Hermes Short Duration Corporate ETF,Y
2328,FCTR,First Trust Lunt U.S. Factor Rotation ETF,Y
2329,FCUS,Pinnacle Focused Opportunities ETF,Y
2330,FCX,"Freeport-McMoRan, Inc. Common Stock",N
2331,FDAT,Tactical Advantage ETF,Y
2332,FDD,First Trust STOXX European Select Dividend Index Fund,Y
2333,FDEC,FT Vest U.S. Equity Buffer ETF - December,Y
2334,FDEM,Fidelity Emerging Markets Multifactor ETF,Y
2335,FDEV,Fidelity International Multifactor ETF,Y
2336,FDG,American Century Focused Dynamic Growth ETF,Y
2337,FDHY,Fidelity Enhanced High Yield ETF,Y
2338,FDIS,Fidelity MSCI Consumer Discretionary Index ETF,Y
2339,FDL,First Trust Morningstar ETF,Y
2340,FDLO,Fidelity Low Volatility Factor ETF,Y
2341,FDLS,Inspire Fidelis Multi Factor ETF,Y
2342,FDM,First Trust DJ Select MicroCap ETF,Y
2343,FDMO,Fidelity Momentum Factor ETF,Y
2344,FDN,First Trust DJ Internet Index Fund,Y
2345,FDND,FT Vest Dow Jones Internet & Target Income ETF,Y
2346,FDRR,Fidelity Dividend ETF for Rising Rates,Y
2347,FDRV,Fidelity Electric Vehicles and Future Transportation ETF,Y
2348,FDS,FactSet Research Systems Inc. Common Stock,N
2349,FDV,Federated Hermes U.S. Strategic Dividend ETF,Y
2350,FDVV,Fidelity High Dividend ETF,Y
2351,FDX,FedEx Corporation Common Stock,N
2352,FDXF,"FedEx Freight Holding Company, Inc. Common Stock",N
2353,FE,FirstEnergy Corp. Common Stock,N
2354,FEAC,Fidelity Enhanced U.S. All-Cap Equity ETF,Y
2355,FEBM,FT Vest U.S. Equity Max Buffer ETF - February,Y
2356,FEBP,PGIM S&P 500 Buffer 12 ETF - February,Y
2357,FEBT,AllianzIM U.S. Large Cap Buffer10 Feb ETF,Y
2358,FEBU,AllianzIM U.S. Equity Buffer15 Uncapped Feb ETF,Y
2359,FEBW,AllianzIM U.S. Large Cap Buffer20 Feb ETF,Y
2360,FEBZ,TrueShares Structured Outcome (February) ETF,Y
2361,FECM,First Eagle Core Municipal ETF,Y
2362,FEDM,Northern Trust ESG & Climate Developed Markets ex-US Core ETF,Y
2363,FEDU,"Four Seasons Education (Cayman) Inc. American Depositary Shares, each ADS representing 10 ordinary shares",N
2364,FEGE,First Eagle Global Equity ETF,Y
2365,FEIG,Northern Trust ESG & Climate Investment Grade Corporate Core ETF,Y
2366,FELC,Fidelity Enhanced Large Cap Core ETF,Y
2367,FELG,Fidelity Enhanced Large Cap Growth ETF,Y
2368,FELV,Fidelity Enhanced Large Cap Value ETF,Y
2369,FEMD,First Eagle Mid Cap Equity ETF,Y
2370,FEMG,Fidelity Enhanced Mid Cap Growth ETF,Y
2371,FEMR,Fidelity Enhanced Emerging Markets ETF,Y
2372,FEMV,Fidelity Enhanced Mid Cap Value ETF,Y
2373,FENG,"Phoenix New Media Limited American Depositary Shares, each representing 48 Class A ordinary shares.",N
2374,FENI,Fidelity Enhanced International ETF,Y
2375,FENY,Fidelity MSCI Energy Index ETF,Y
2376,FEOE,First Eagle Overseas Equity ETF,Y
2377,FERG,Ferguson Enterprises Inc. Common Stock,N
2378,FESC,First Eagle Small Cap Equity ETF,Y
2379,FESM,Fidelity Enhanced Small Cap Core ETF,Y
2380,FET,"Forum Energy Technologies, Inc. Common Stock",N
2381,FETH,Fidelity Ethereum Fund,Y
2382,FEUS,Northern Trust ESG & Climate US Large Cap Core ETF,Y
2383,FEZ,State Street SPDR EURO STOXX 50 ETF,Y
2384,FF,FutureFuel Corp.  Common shares,N
2385,FFA,First Trust Enhanced Equity Income Fund Common Shares of Beneficial Interest,N
2386,FFC,Flaherty & Crumrine Preferred and Income Securities Fund Incorporated,N
2387,FFDI,Fidelity Fundamental Developed International ETF,Y
2388,FFEB,FT Vest U.S. Equity Buffer ETF - February,Y
2389,FFEM,Fidelity Fundamental Emerging Markets ETF,Y
2390,FFF,Founders 100 ETF,Y
2391,FFGX,Fidelity Fundamental Global ex-U.S. ETF,Y
2392,FFIU,UVA Unconstrained Medium-Term Fixed Income ETF,Y
2393,FFLC,Fidelity Fundamental Large Cap Core ETF,Y
2394,FFLG,Fidelity Fundamental Large Cap Growth ETF,Y
2395,FFLS,The Future Fund Long/Short ETF,Y
2396,FFLV,Fidelity Fundamental Large Cap Value ETF,Y
2397,FFLX,First Trust Flexible Income ETF,Y
2398,FFND,One Global ETF,Y
2399,FFOG,Franklin Focused Growth ETF,Y
2400,FFOX,FundX Future Fund Opportunities ETF,Y
2401,FFSM,Fidelity Fundamental Small-Mid Cap ETF,Y
2402,FFTY,CapForce IBD 50 ETF,Y
2403,FG,"F&G Annuities & Life, Inc. Common Stock",N
2404,FGD,First Trust DJ Global Select Dividend,Y
2405,FGDL,Franklin Responsibly Sourced Gold ETF,Y
2406,FGN,"F&G Annuities & Life, Inc. 7.950% Senior Notes due 2053",N
2407,FGRU,T-REX 2X Long FIGR Daily Target ETF,Y
2408,FGSM,Frontier Asset Global Small Cap Equity ETF,Y
2409,FGSN,"F&G Annuities & Life, Inc. 7.300% Junior Subordinated Notes due 2065",N
2410,FHDG,FT Vest U.S. Equity Quarterly Dynamic Buffer ETF,Y
2411,FHEQ,Fidelity Hedged Equity ETF,Y
2412,FHI,"Federated Hermes, Inc. Common Stock",N
2413,FHIL,Federated Hermes International Leaders ETF,Y
2414,FHLC,Fidelity MSCI Health Care Index ETF,Y
2415,FHN,First Horizon Corporation Common Stock,N
2416,FHN$E,"First Horizon Corporation Depositary Shares, each representing a 1/4,000th interest in a share of Non-Cumulative Perpetual Preferred Stock, Series E",N
2417,FHN$F,"First Horizon Corporation Depositary Shares, each representing 1/4000th Interest in a Share of Non-Cumulative Perpetual Preferred Stock, Series F",N
2418,FHN$H,"First Horizon Corporation Depositary Shares each representing a 1/4,000th interest in a share of Non-Cumulative Perpetual Preferred Stock, Series H",N
2419,FHYS,Federated Hermes Short Duration High Yield ETF,Y
2420,FIAT,YieldMax Short COIN Option Income Strategy ETF,Y
2421,FIAX,Nicholas Fixed Income Alternative ETF,Y
2422,FICO,Fair Isaac Corporation Common Stock,N
2423,FIDI,Fidelity International High Dividend ETF,Y
2424,FIDU,Fidelity MSCI Industrials Index ETF,Y
2425,FIG,"Figma, Inc. Class A Common Stock",N
2426,FIGB,Fidelity Investment Grade Bond ETF,Y
2427,FIGS,"FIGS, Inc. Class A Common Stock",N
2428,FIIG,First Trust Intermediate Duration Investment Grade Corporate ETF,Y
2429,FINA,Fidelity MSCI North American Subset Index ETF,Y
2430,FINS,Angel Oak Financial Strategies Income Term Trust Common Shares of Beneficial Interest,N
2431,FINT,Frontier Asset Total International Equity ETF,Y
2432,FINV,FinVolution Group American Depositary Shares,N
2433,FIRY,Firy Inc. Class A Common Stock,N
2434,FIS,"Fidelity National Information Services, Inc. Common Stock",N
2435,FISK,"Empire State Realty OP, L.P. Series 250 Operating Partnership Units Representing Limited Partnership Interests",N
2436,FISR,State Street Fixed Income Sector Rotation ETF,Y
2437,FITB,Fifth Third Bancorp Common Stock,N
2438,FITB$A,"Fifth Third Bancorp Depositary Shares each representing 1/40th share of Fifth Third 6.00% Non-Cumulative Perpetual Class B Preferred Stock, Series A",N
2439,FITB$I,Fifth Third Bancorp Depositary Share repstg 1/1000th Ownership Interest Perp Pfd Series I,N
2440,FITB$K,"Fifth Third Bancorp Depositary Shares each representing a 1/1000th ownership interest in a share of Non-Cumulative Perpetual Preferred Stock, Series K",N
2441,FITB$M,"Fifth Third Bancorp Depositary Shares Representing a 1/40th Ownership Interest in a Share of 6.875% Fixed-Rate Reset Non-Cumulative Perpetual Preferred Stock, Series M",N
2442,FITE,State Street SPDR S&P Kensho Future Security ETF,Y
2443,FITZ,Fitz-Gerald Must Have Portfolio ETF,Y
2444,FIVA,Fidelity International Value Factor ETF,Y
2445,FIW,First Trust Water ETF,Y
2446,FIX,"Comfort Systems USA, Inc. Common Stock",N
2447,FIXP,FolioBeyond Enhanced Fixed Income Premium ETF,Y
2448,FIXT,TCW Core Plus Bond ETF,Y
2449,FIXX,Leverage Shares 2X Long FIX Daily ETF,Y
2450,FIZY,Fitz-Gerald Must Have Portfolio and Options Overlay ETF,Y
2451,FJAN,FT Vest U.S. Equity Buffer ETF - January,Y
2452,FJET,"Starfighters Space, Inc. Common Stock",N
2453,FJUL,FT Vest U.S. Equity Buffer ETF - July,Y
2454,FJUN,FT Vest U.S. Equity Buffer ETF - June,Y
2455,FLAG,Global X S&P 500 U.S. Market Leaders Top 50 ETF,Y
2456,FLAO,AllianzIM U.S. Equity 6 Month Floor5 Apr/Oct ETF,Y
2457,FLAU,Franklin FTSE Australia ETF,Y
2458,FLAX,Franklin FTSE Asia ex Japan ETF,Y
2459,FLBL,Franklin Senior Loan ETF,Y
2460,FLBR,Franklin FTSE Brazil ETF,Y
2461,FLC,Flaherty & Crumrine Total Return Fund Inc Common Stock,N
2462,FLCA,Franklin FTSE Canada ETF,Y
2463,FLCB,Franklin U.S. Core Bond ETF,Y
2464,FLCC,Federated Hermes MDT Large Cap Core ETF,Y
2465,FLCE,Frontier Asset U.S. Large Cap Equity ETF,Y
2466,FLCG,Federated Hermes MDT Large Cap Growth ETF,Y
2467,FLCH,Franklin FTSE China ETF,Y
2468,FLCO,Franklin Investment Grade Corporate ETF,Y
2469,FLCV,Federated Hermes MDT Large Cap Value ETF,Y
2470,FLDR,Fidelity Low Duration Bond Factor ETF,Y
2471,FLDZ,TrueShares Patriot Defense ETF,Y
2472,FLEE,Franklin FTSE Europe ETF,Y
2473,FLEL,Leverage Shares 2X Long FLEX Daily ETF,Y
2474,FLEU,Franklin FTSE Eurozone ETF,Y
2475,FLG,"Flagstar Bank, N.A. Common Stock",N
2476,FLG$A,"Flagstar Bank, N.A. Depositary shares, each representing a 1/40th interest in a share of Fixed-to-Floating Rate Series A Noncumulative Perpetual Preferred Stock",N
2477,FLG$U,"Flagstar Bank, N.A. Bifurcated Option Note Unit SecuritiES",N
2478,FLGB,Franklin FTSE United Kingdom ETF,Y
2479,FLGR,Franklin FTSE Germany ETF,Y
2480,FLGV,Franklin U.S. Treasury Bond ETF,Y
2481,FLHY,Franklin High Yield Corporate ETF,Y
2482,FLIA,Franklin International Aggregate Bond ETF,Y
2483,FLIN,Franklin FTSE India ETF,Y
2484,FLJH,Franklin FTSE Japan Hedged ETF,Y
2485,FLJJ,AllianzIM U.S. Equity 6 Month Floor5 Jan/Jul ETF,Y
2486,FLJP,Franklin FTSE Japan ETF,Y
2487,FLKR,Franklin FTSE South Korea ETF,Y
2488,FLLA,Franklin FTSE Latin America ETF,Y
2489,FLMB,Franklin Municipal Green Bond ETF,Y
2490,FLMI,Franklin Dynamic Municipal Bond ETF,Y
2491,FLMX,Franklin FTSE Mexico ETF,Y
2492,FLNG,FLEX LNG Ltd. Ordinary Shares,N
2493,FLO,"Flowers Foods, Inc. Common Stock",N
2494,FLOC,Flowco Holdings Inc. Class A Common Stock,N
2495,FLOT,iShares Floating Rate Bond ETF,Y
2496,FLOW,Global X U.S. Cash Flow Kings 100 ETF,Y
2497,FLQL,Franklin U.S. Large Cap Multifactor Index ETF,Y
2498,FLQM,Franklin U.S. Mid Cap Multifactor Index ETF,Y
2499,FLQS,Franklin U.S. Small Cap Multifactor Index ETF,Y
2500,FLR,Fluor Corporation Common Stock,N
2501,FLRG,Fidelity U.S. Multifactor ETF,Y
2502,FLRN,State Street SPDR Bloomberg Investment Grade Floating Rate ETF,Y
2503,FLRT,Pacer Aristotle Pacific Floating Rate High Income ETF,Y
2504,FLS,Flowserve Corporation Common Stock,N
2505,FLSA,Franklin FTSE Saudi Arabia ETF,Y
2506,FLSP,Franklin Systematic Style Premia ETF,Y
2507,FLSW,Franklin FTSE Switzerland ETF,Y
2508,FLTB,Fidelity Limited Term Bond ETF,Y
2509,FLTR,VanEck IG Floating Rate ETF,Y
2510,FLTW,Franklin FTSE Taiwan ETF,Y
2511,FLUD,Franklin Ultra Short Bond ETF,Y
2512,FLUT,Flutter Entertainment plc Ordinary Shares,N
2513,FLV,American Century Focused Large Cap Value ETF,Y
2514,FLXI,Invesco Flexible Income ETF,Y
2515,FLXN,Horizon Flexible Income ETF,Y
2516,FLXR,TCW Flexible Income ETF,Y
2517,FLYD,MicroSectors Travel -3x Inverse Leveraged ETN,Y
2518,FLYT,Tradr 2X Long FLY Daily ETF,Y
2519,FLYU,MicroSectors Travel 3x Leveraged ETN,Y
2520,FLYX,"flyExclusive, Inc. Class A Common Stock",N
2521,FLYX.W,"flyExclusive, Inc. Redeemable warrants, each whole warrant exercisable for one Class A common stock at an exercise price of $11.50 per share",N
2522,FMAG,Fidelity Magellan ETF,Y
2523,FMAR,FT Vest U.S. Equity Buffer ETF - March,Y
2524,FMAT,Fidelity MSCI Materials Index ETF,Y
2525,FMAY,FT Vest U.S. Equity Buffer ETF - May,Y
2526,FMC,FMC Corporation Common Stock,N
2527,FMCE,FM Compounders Equity ETF,Y
2528,FMCX,FM Focus Equity ETF,Y
2529,FMDE,Fidelity Enhanced Mid Cap Core ETF,Y
2530,FMF,First Trust Managed Futures Strategy Fund,Y
2531,FMKT,The Free Markets ETF,Y
2532,FMN,Federated Hermes Premier Municipal Income Fund,N
2533,FMNY,First Trust New York Municipal High Income ETF,Y
2534,FMQQ,FMQQ The Next Frontier Internet ETF,Y
2535,FMS,Fresenius Medical Care AG American Depositary Shares (Each representing 1/2 of an Ordinary Share),N
2536,FMTL,First Trust Indxx Critical Metals ETF,Y
2537,FMX,Fomento Economico Mexicano S.A.B. de C.V. Common Stock,N
2538,FMY,First Trust Mortgage Income Fund Common Shares of Beneficial Interest,N
2539,FN,Fabrinet Ordinary Shares,N
2540,FNB,F.N.B. Corporation Common Stock,N
2541,FNCL,Fidelity MSCI Financials Index ETF,Y
2542,FND,"Floor & Decor Holdings, Inc. Common Stock",N
2543,FNDA,Schwab Fundamental U.S. Small Company ETF,Y
2544,FNDB,Schwab Fundamental U.S. Broad Market ETF,Y
2545,FNDC,Schwab Fundamental International Small Equity ETF,Y
2546,FNDE,Schwab Fundamental Emerging Markets Equity ETF,Y
2547,FNDF,Schwab Fundamental International Equity ETF,Y
2548,FNDX,Schwab Fundamental U.S. Large Company ETF,Y
2549,FNF,"Fidelity National Financial, Inc. Common Stock",N
2550,FNG,Leverage Shares 2X Long FN Daily ETF,Y
2551,FNGD,"MicroSectors FANG  Index -3X Inverse Leveraged ETNs due January 8, 2038",N
2552,FNGG,Direxion Daily NYSE FANG+ Bull 2X ETF,Y
2553,FNGO,"MicroSectors FANG  Index 2X Leveraged ETNs due January 8, 2038",N
2554,FNGS,"MicroSectors FANG  ETNs due January 8, 2038",Y
2555,FNGU,MicroSectors FANG+ 3X Leveraged ETNs,Y
2556,FNOV,FT Vest U.S. Equity Buffer ETF - November,Y
2557,FNV,Franco-Nevada Corporation,N
2558,FOA,Finance of America Companies Inc. Class A Common Stock,N
2559,FOCT,FT Vest U.S. Equity Buffer ETF - October,Y
2560,FOF,"Cohen & Steers Closed-End Opportunity Fund, Inc. Common Stock",N
2561,FOIL,"Londian Wason New Energy Tech Inc. American Depositary Shares, each representing five Ordinary Shares",N
2562,FOMG,Leverage Shares 2X Long FORM Daily ETF,Y
2563,FOPC,Frontier Asset Opportunistic Credit ETF,Y
2564,FOR,Forestar Group Inc Common Stock ,N
2565,FORH,Formidable ETF,Y
2566,FOTO,Tuttle Capital Pure Play Photonics ETF,Y
2567,FOUR,"Shift4 Payments, Inc. Class A Common Stock",N
2568,FOUR$A,"Shift4 Payments, Inc. 6.00% Series A Mandatory Convertible Preferred Stock",N
2569,FOWF,Pacer Solactive Whitney Future of Warfare ETF,Y
2570,FOXY,Simplify Currency Strategy ETF,Y
2571,FPAA,FPA Global Allocation ETF,Y
2572,FPAG,FPA Global Equity ETF,Y
2573,FPAS,FPA Short Duration Government ETF,Y
2574,FPE,First Trust Preferred Securities and Income ETF ETF,Y
2575,FPEI,First Trust Institutional Preferred Securities and Income ETF,Y
2576,FPF,First Trust Intermediate Duration Preferred & Income Fund Common Shares of Beneficial Interest,N
2577,FPFD,Fidelity Preferred Securities & Income ETF,Y
2578,FPH,"Five Point Holdings, LLC Class A Common Shares",N
2579,FPI,Farmland Partners Inc. Common Stock,N
2580,FPRO,Fidelity Real Estate Investment ETF,Y
2581,FPS,"Forgent Power Solutions, Inc. Class A Common Stock",N
2582,FPSX,Leverage Shares 2X Long FPS Daily ETF,Y
2583,FPWR,First Trust EIP Power Solutions ETF,Y
2584,FPX,First Trust US Equity Opportunities ETF,Y
2585,FQAL,Fidelity Quality Factor ETF,Y
2586,FR,"First Industrial Realty Trust, Inc. Common Stock",N
2587,FRA,Blackrock Floating Rate Income Strategies Fund Inc  Common Stock,N
2588,FRDM,Freedom 100 Emerging Markets ETF,Y
2589,FREL,Fidelity MSCI Real Estate Index ETF,Y
2590,FRGN,Horizon International Equity ETF,Y
2591,FRI,First Trust S&P REIT Index Fund,Y
2592,FRIZ,Franklin Dividend Growth ETF,Y
2593,FRNW,Fidelity Clean Energy ETF,Y
2594,FRO,Frontline Plc Ordinary Shares,N
2595,FRT,Federal Realty Investment Trust Common Stock,N
2596,FRT$C,"Federal Realty Investment Trust Depositary Shares, each representing a 1/1000th interest in a 5.000% Series C Cumulative Redeemable Preferred Share",N
2597,FRTY,Alger Mid Cap 40 ETF,Y
2598,FSCC,Federated Hermes MDT Small Cap Core ETF,Y
2599,FSCO,FS Credit Opportunities Corp. Common Stock,N
2600,FSEC,Fidelity Investment Grade Securitized ETF,Y
2601,FSEG,Fidelity Enhanced Small Cap Growth ETF,Y
2602,FSEP,FT Vest U.S. Equity Buffer ETF - September,Y
2603,FSEV,Fidelity Enhanced Small Cap Value ETF,Y
2604,FSI,Flexible Solutions International Inc. Common Stock (CDA),N
2605,FSIG,First Trust Limited Duration Investment Grade Corporate ETF,Y
2606,FSK,FS KKR Capital Corp. Common Stock,N
2607,FSM,Fortuna Mining Corp. Common Shares,N
2608,FSMB,First Trust Short Duration Managed Municipal ETF,Y
2609,FSMD,Fidelity Small-Mid Multifactor ETF,Y
2610,FSML,Franklin Small Cap Enhanced ETF,Y
2611,FSOL,Fidelity Solana Fund,Y
2612,FSP,Franklin Street Properties Corp. Common Stock,N
2613,FSPC,First Trust Bloomberg Space Economy ETF,Y
2614,FSS,Federal Signal Corporation Common Stock,N
2615,FSSL,FS Specialty Lending Fund Common Shares of Beneficial Interest,N
2616,FSTA,Fidelity MSCI Consumer Staples Index ETF,Y
2617,FSYD,Fidelity Sustainable High Yield ETF,Y
2618,FT,Franklin Universal Trust Common Stock,N
2619,FTBD,Fidelity Tactical Bond ETF,Y
2620,FTBI,First Trust Balanced Income ETF,Y
2621,FTCA,Franklin California Municipal Income ETF,Y
2622,FTCB,First Trust Core Investment Grade ETF,Y
2623,FTCE,First Trust New Constructs Core Earnings Leaders ETF,Y
2624,FTEC,Fidelity MSCI Information Technology Index ETF,Y
2625,FTF,Franklin Limited Duration Income Trust Common Shares of Beneficial Interest,N
2626,FTHB,FIS Faith Income ETF,Y
2627,FTHF,First Trust Emerging Markets Human Flourishing ETF,Y
2628,FTHY,First Trust High Yield Opportunities 2027 Term Fund Common Stock,N
2629,FTI,TechnipFMC plc Ordinary Share,N
2630,FTIF,First Trust Bloomberg Inflation Sensitive Equity ETF,Y
2631,FTK,"Flotek Industries, Inc. Common Stock",N
2632,FTKI,First Trust Small Cap BuyWrite Income ETF,Y
2633,FTLS,First Trust Long/Short Equity,Y
2634,FTMA,Franklin Massachusetts Municipal Income ETF,Y
2635,FTMH,Franklin Municipal High Yield ETF,Y
2636,FTMN,Franklin Minnesota Municipal Income ETF,Y
2637,FTMS,Franklin Short-Term Municipal Income ETF,Y
2638,FTMU,Franklin Municipal Income ETF,Y
2639,FTNJ,Franklin New Jersey Municipal Income ETF,Y
2640,FTNY,Franklin New York Municipal Income ETF,Y
2641,FTOH,Franklin Ohio Municipal Income ETF,Y
2642,FTPA,Franklin Pennsylvania Municipal Income ETF,Y
2643,FTRA,FutureCorp Space Acquisition 1 Class A Ordinary Shares,N
2644,FTRA.U,"FutureCorp Space Acquisition 1 Units, each consisting of one Class A ordinary share and one-half of one redeemable warrant",N
2645,FTRA.W,"FutureCorp Space Acquisition 1 Redeemable warrants, each whole warrant exercisable for one Class A ordinary share at an exercise price of $11.50",N
2646,FTRB,Federated Hermes Total Return Bond ETF,Y
2647,FTS,Fortis Inc. Common Shares,N
2648,FTSD,Franklin Short Duration U.S. Government ETF,Y
2649,FTV,Fortive Corporation Common Stock ,N
2650,FTW,Presidio Production Company Class A Common Stock,N
2651,FTW.W,"Presidio Production Company Warrants, each whole warrant exercisable for one share of Class A common stock at an exercise price of $11.50 per share",N
2652,FTWO,Strive Natural Resources and Security ETF,Y
2653,FUBO,FuboTV Inc. Class A Common Stock,N
2654,FUL,H. B. Fuller Company Common Stock,N
2655,FUMB,First Trust Ultra Short Duration Municipal ETF,Y
2656,FUN,Six Flags Entertainment Corporation Common Stock New,N
2657,FURY,Fury Gold Mines Limited Common Shares,N
2658,FUSD,Federated Hermes Ultrashort Bond ETF,Y
2659,FUSI,American Century Multisector Floating Income ETF,Y
2660,FUTY,Fidelity MSCI Utilities Index ETF,Y
2661,FVAL,Fidelity Value Factor ETF,Y
2662,FVD,First Trust VL Dividend,Y
2663,FVR,"FrontView REIT, Inc. Common Stock",N
2664,FVRR,"Fiverr International Ltd. Ordinary Shares, no par value",N
2665,FWD,AB Disruptors ETF,Y
2666,FXA,Invesco CurrencyShares Australian Dollar Trust,Y
2667,FXB,Invesco CurrencyShares British Pound Sterling Trust,Y
2668,FXC,Invesco CurrencyShares Canadian Dollar Trust,Y
2669,FXD,First Trust Cons. Discret. AlphaDEX,Y
2670,FXE,Invesco CurrencyShares Euro Currency Trust,Y
2671,FXED,Sound Enhanced Fixed Income ETF,Y
2672,FXF,Invesco CurrencyShares Swiss Franc Trust,Y
2673,FXG,First Trust Cons. Staples AlphaDEX,Y
2674,FXH,First Trust Health Care AlphaDEX,Y
2675,FXI,iShares China Large-Cap ETF,Y
2676,FXL,First Trust Technology AlphaDEX,Y
2677,FXN,First Trust Energy AlphaDEX Fund,Y
2678,FXO,First Trust Financials AlphaDEX,Y
2679,FXP,ProShares UltraShort FTSE China 50,Y
2680,FXR,First Trust Industrials AlphaDEX,Y
2681,FXU,First Trust Utilities AlphaDEX Fund,Y
2682,FXY,Invesco CurrencyShares Japanese Yen Trust,Y
2683,FXZ,First Trust Materials AlphaDEX Fund,Y
2684,FYEE,Fidelity Yield Enhanced Equity ETF,Y
2685,FYLD,Cambria Foreign Shareholder Yield ETF,Y
2686,G,Genpact Limited Common Stock,N
2687,GAA,Cambria Global Asset Allocation ETF,Y
2688,GAB,"Gabelli Equity Trust, Inc. (The) Common Stock",N
2689,GAB$G,"Gabelli Equity Trust, Inc. (The) Series G Cumulative Preferred Stock",N
2690,GAB$H,"Gabelli Equity Trust, Inc. (The) Pfd Ser H",N
2691,GAB$K,"Gabelli Equity Trust, Inc. (The) 5.00% Series K Cumulative Preferred Stock",N
2692,GABF,Gabelli ETFs Trust Gabelli Financial Services Opportunities ETF,Y
2693,GAEM,Simplify Gamma Emerging Market Bond ETF,Y
2694,GAIQ,Guinness Atkinson Global Innovators Fund: ETF Class Shares,Y
2695,GAL,State Street Global Allocation ETF,Y
2696,GALX,VistaShares Space Supercycle ETF,Y
2697,GAM,"General American Investors, Inc. Common Stock",N
2698,GAM$B,"General American Investors Company, Inc. Cumulative Preferred Stock",N
2699,GAMR,Amplify Video Game Leaders ETF,Y
2700,GAP,"Gap, Inc. (The) Common Stock",N
2701,GAPR,FT Vest U.S. Equity Moderate Buffer ETF - April,Y
2702,GARA,Guinness Atkinson Real Assets Income ETF,Y
2703,GARP,iShares MSCI USA Quality GARP ETF,Y
2704,GASZ,Corgi Natural Gas Power & Turbines ETF,Y
2705,GATX,GATX Corporation Common Stock,N
2706,GAU,Galiano Gold Inc.,N
2707,GAUG,FT Vest U.S. Equity Moderate Buffer ETF - August,Y
2708,GBAB,Guggenheim Taxable Municipal Bond & Investment Grade Debt Trust Common Shares of Beneficial Interest,N
2709,GBCI,"Glacier Bancorp, Inc. Common Stock",N
2710,GBF,iShares Government/Credit Bond ETF,Y
2711,GBHI,Gabelli High Income ETF,Y
2712,GBIL,Goldman Sachs Access Treasury 0-1 Year ETF,Y
2713,GBND,Goldman Sachs Core Bond ETF,Y
2714,GBR,"New Concept Energy, Inc Common Stock",N
2715,GBTC,Grayscale Bitcoin Trust (BTC),Y
2716,GBTG,"Global Business Travel Group, Inc. Class A Common Stock",N
2717,GBX,"Greenbrier Companies, Inc. (The) Common Stock",N
2718,GCAD,Gabelli Commercial Aerospace and Defense ETF,Y
2719,GCAL,Goldman Sachs Dynamic California Municipal Income ETF,Y
2720,GCC,WisdomTree EnhancedContinuous Commodity Index Fund,Y
2721,GCDT,Green Circle Decarbonize Technology Limited Class A Ordinary Shares,N
2722,GCLO,Guggenheim Investment Grade CLO ETF,Y
2723,GCO,Genesco Inc. Common Stock,N
2724,GCOR,Goldman Sachs Access U.S. Aggregate Bond ETF,Y
2725,GCOW,Pacer Global Cash Cows Dividend ETF,Y
2726,GCPB,Goldman Sachs Core Plus Bond ETF,Y
2727,GCSH,Guggenheim Ultra Short Income ETF,Y
2728,GCTS,"GCT Semiconductor Holding, Inc. Common Stock",N
2729,GCTS.W,"GCT Semiconductor Holding, Inc. Warrants, each whole warrant exercisable for one share of Common Stock at an exercise price of $11.50",N
2730,GCV,"Gabelli Convertible and Income Securities Fund, Inc. (The) Common Stock",N
2731,GD,General Dynamics Corporation Common Stock,N
2732,GDDY,GoDaddy Inc. Class A Common Stock,N
2733,GDE,WisdomTree Efficient Gold Plus Equity Strategy Fund,Y
2734,GDEC,FT Vest U.S. Equity Moderate Buffer ETF - December,Y
2735,GDIV,Harbor Dividend Growth Leaders ETF,Y
2736,GDL,"GDL Fund, The Common Shares of Beneficial Interest",N
2737,GDLC,Grayscale CoinDesk Crypto 5 ETF,Y
2738,GDMA,Gadsden Dynamic Multi-Asset ETF,Y
2739,GDMN,WisdomTree Efficient Gold Plus Gold Miners Strategy Fund,Y
2740,GDO,Western Asset Global Corporate Opportunity Fund Inc. Common Stock,N
2741,GDOC,Goldman Sachs Future Health Care Equity ETF,Y
2742,GDOG,Grayscale Dogecoin Trust ETF,Y
2743,GDOT,"Green Dot Corporation Class A Common Stock, $0.001 par value",N
2744,GDT,WisdomTree Efficient TIPS Plus Gold Fund,Y
2745,GDV,Gabelli Dividend & Income Trust Common Shares of Beneficial Interest,N
2746,GDV$H,The Gabelli Dividend & Income Trust 5.375% Series H Cumulative Preferred Shares,N
2747,GDV$K,The Gabelli Dividend & Income Trust 4.250% Series K Cumulative Preferred Shares,N
2748,GDX,VanEck Gold Miners ETF,Y
2749,GDXD,MicroSectors Gold Miners -3X Inverse Leveraged ETNs,Y
2750,GDXJ,VanEck Junior Gold Miners ETF,Y
2751,GDXU,MicroSectors Gold Miners 3X Leveraged ETN,Y
2752,GDXW,Roundhill Gold Miners WeeklyPay ETF,Y
2753,GDXY,YieldMax Gold Miners Option Income Strategy ETF,Y
2754,GE,GE Aerospace Common Stock,N
2755,GEEQ,Guggenheim Enhanced Equity Income ETF,Y
2756,GEF,Greif Inc. Class A Common Stock,N
2757,GEF.B,"Greif, Inc. Corporation Class B Common Stock",N
2758,GEL,"Genesis Energy, L.P. Common Units",N
2759,GEM,Goldman Sachs ActiveBeta Emerging Markets Equity ETF,Y
2760,GEMD,Goldman Sachs Access Emerging Markets USD Bond ETF,Y
2761,GENC,"Gencor Industries, Inc. Common Stock",N
2762,GEND,Genter Capital Dividend Income ETF,Y
2763,GENI,Genius Sports Limited Ordinary Shares,N
2764,GENM,Genter Capital Municipal Quality Intermediate ETF,Y
2765,GENT,Genter Capital Taxable Quality Intermediate ETF,Y
2766,GENW,Genter Capital International Dividend ETF,Y
2767,GEO,Geo Group Inc (The) REIT,N
2768,GETY,"Getty Images Holdings, Inc. Class A Common Stock",N
2769,GEV,GE Vernova Inc. Common Stock,N
2770,GEVC,Corgi GEV 2x Daily ETF,Y
2771,GEVX,Tradr 2X Long GEV Daily ETF,Y
2772,GF,"New Germany Fund, Inc. (The) Common Stock",N
2773,GFEB,FT Vest U.S. Equity Moderate Buffer ETF - February,Y
2774,GFF,Griffon Corporation Common Stock,N
2775,GFI,Gold Fields Limited American Depositary Shares,N
2776,GFL,"GFL Environmental Inc. Subordinate voting shares, no par value",N
2777,GFR,Greenfire Resources Ltd. Common Shares,N
2778,GFR.V,"Greenfire Resources Ltd. Rights (expiring September 15, 2026) Rights when issued",N
2779,GFSG,Leverage Shares 2X Long GFS Daily ETF,Y
2780,GGB,Gerdau S.A. Common Stock,N
2781,GGG,Graco Inc. Common Stock,N
2782,GGM,GGM Macro Alignment ETF,Y
2783,GGME,Invesco Next Gen Media and Gaming ETF,Y
2784,GGN,"GAMCO Global Gold, Natural Resources & Income Trust",N
2785,GGN$B,"GAMCO Global Gold, Natural Reources & Income Trust 5.00% Series B Cumulative 25.00 Liquidation Preference",N
2786,GGOV,iShares Global Government Bond USD Hedged Active ETF,Y
2787,GGRW,Gabelli Growth Innovators ETF,Y
2788,GGT,"Gabelli Multi-Media Trust, Inc. (The) Common Stock",N
2789,GGT$E,Gabelli Multi-Media Trust Inc. (The) 5.125% Series E Cumulative Preferred Stock,N
2790,GGT$G,Gabelli Multi-Media Trust Inc. (The) 5.125% Series G Cumulative Preferred Shares,N
2791,GGTL,Gabelli Global Technology Leaders ETF,Y
2792,GGUS,Goldman Sachs MarketBeta Russell 1000 Growth Equity ETF,Y
2793,GGZ,Gabelli Global Small and Mid Cap Value Trust (The) Common Shares of Beneficial Interest,N
2794,GHC,Graham Holdings Company Common Stock,N
2795,GHG,"GreenTree Hospitality Group Ltd. American depositary shares, each representing one Class A ordinary share",N
2796,GHI,Greystone Housing Impact Investors LP Beneficial Unit Certificates representing assignments of limited partnership interests,N
2797,GHM,Graham Corporation Common Stock,N
2798,GHTA,Goose Hollow Tactical Allocation ETF,Y
2799,GHY,"PGIM Global High Yield Fund, Inc.",N
2800,GHYB,Goldman Sachs Access High Yield Corporate Bond ETF,Y
2801,GHYG,iShares US & Intl High Yield Corp Bond ETF,Y
2802,GIAX,Nicholas Global Equity and Income ETF,Y
2803,GIB,CGI Inc. Common Stock,N
2804,GIC,Global Industrial Company Common Stock,N
2805,GIGB,Goldman Sachs Access Investment Grade Corporate Bond ETF,Y
2806,GIGL,Goldman Sachs Corporate Bond ETF,Y
2807,GII,State Street SPDR S&P Global Infrastructure ETF,Y
2808,GIL,"Gildan Activewear, Inc. Class A Sub. Vot. Common Stock",N
2809,GINC,Goldman Sachs Income ETF,Y
2810,GINN,Goldman Sachs Innovate Equity ETF,Y
2811,GIS,"General Mills, Inc. Common Stock",N
2812,GISC,Guggenheim Securitized Income ETF,Y
2813,GJAN,FT Vest U.S. Equity Moderate Buffer ETF - January,Y
2814,GJH,Synthetic Fixed-Income Securities Inc 6.375% (STRATS) Cl A-1,N
2815,GJO,"Synthetic Fixed-Income Securities, Inc. on behalf of STRATS(SM) Trust for Wal-Mart Stores, Inc. Securities, Series 2004-5",N
2816,GJP,"Synthetic Fixed-Income Securities, Inc. on behalf of STRATS (SM) Trust for Dominion Resources, Inc. Securities, Series 2005-6, Floating Rate Structured Repackaged Asset-Backed Trust Securities (STRATS) Certificates",N
2817,GJR,"Synthetic Fixed-Income Securities, Inc. STRATS Trust for Procter&Gamble Securities, Series 2006-1",N
2818,GJS,"Goldman Sachs Group Securities STRATS Trust for Goldman Sachs Group Securities, Series 2006-2",N
2819,GJT,"Synthetic Fixed-Income Securities, Inc. Floating Rate Structured Repackaged Asset-Backed Trust Securities Certificates, Series 2006-3",N
2820,GJUL,FT Vest U.S. Equity Moderate Buffer ETF - July,Y
2821,GJUN,FT Vest U.S. Equity Moderate Buffer ETF - June,Y
2822,GK,AdvisorShares Gerber Kawasaki ETF,Y
2823,GKOS,Glaukos Corporation Common Stock,N
2824,GL,Globe Life Inc. Common Stock,N
2825,GL$D,Globe Life Inc. 4.25% Junior Subordinated Debentures due 2061,N
2826,GLAM,"Corgi Beauty, Skincare & Aesthetics ETF",Y
2827,GLAS,Glass House Brands Inc. Subordinate Voting Shares,N
2828,GLBL,Pacer MSCI World Industry Advantage ETF,Y
2829,GLD,SPDR Gold Shares,Y
2830,GLDG,GoldMining Inc. Common Shares,N
2831,GLDM,SPDR Gold MiniShares Trust,Y
2832,GLDN,Nicholas Gold Income ETF,Y
2833,GLDW,Roundhill Gold WeeklyPay ETF,Y
2834,GLED,GalaxyEdge Acquisition Corporation Ordinary Shares,N
2835,GLED.R,GalaxyEdge Acquisition Corporation Rights to receive one-fourth (1/4) of one ordinary share,N
2836,GLED.U,"GalaxyEdge Acquisition Corporation Units, each consisting of one Ordinary Share and one Right entitling the holder to receive 1/4th of one ordinary share",N
2837,GLIN,VanEck India Growth Leaders ETF,Y
2838,GLIX,Lazard Listed Infrastructure ETF,Y
2839,GLL,ProShares UltraShort Gold,Y
2840,GLNK,Grayscale Chainlink Trust ETF,Y
2841,GLO,Clough Global Opportunities Fund Common Stock,N
2842,GLOB,Globant S.A. Common Shares,N
2843,GLOF,iShares Global Equity Factor ETF,Y
2844,GLOP$A,GasLog Partners LP 8.625% Series A Cumulative Redeemable Perpetual Fixed to Floating Rate Preference Units,N
2845,GLOP$B,GasLog Partners LP 8.200% Series B Cumulative Redeemable Perpetual Fixed to Floating Rate Preference Units,N
2846,GLOP$C,GasLog Partners LP 8.500% Series C Cumulative Redeemable Perpetual Fixed to Floating Rate Preference Units,N
2847,GLP,Global Partners LP Common Units representing Limited Partner Interests,N
2848,GLQ,Clough Global Equity Fund Clough Global Equity Fund Common Shares of Beneficial Interest,N
2849,GLRY,Inspire Growth ETF,Y
2850,GLTR,abrdn Physical Precious Metals Basket Shares ETF,Y
2851,GLU,Gabelli Global Utility Common Shares of Beneficial Ownership,N
2852,GLU$A,The Gabelli Global Utility and Income Trust Series A Cumulative Puttable and Callable Preferred Shares,N
2853,GLU$B,The Gabelli Global Utility and Income Trust Series B Cumulative Puttable and Callable Preferred Shares,N
2854,GLV,Clough Global Dividend and Income Fund Common Shares of beneficial interest,N
2855,GLW,Corning Incorporated Common Stock,N
2856,GLX,Corgi GLXY 2x Daily ETF,Y
2857,GLXU,T-REX 2X Long GLXY Daily Target ETF,Y
2858,GM,General Motors Company Common Stock,N
2859,GMAR,FT Vest U.S. Equity Moderate Buffer ETF - March,Y
2860,GMAY,FT Vest U.S. Equity Moderate Buffer ETF - May,Y
2861,GME,GameStop Corporation Common Stock,N
2862,GME.W,GameStop Corporation Warrants to Purchase Common Stock,N
2863,GMEC,Corgi GME 2x Daily ETF,Y
2864,GMED,"Globus Medical, Inc. Class A Common Stock",N
2865,GMEU,T-REX 2X Long GME Daily Target ETF,Y
2866,GMEY,YieldMax GME Option Income Strategy ETF,Y
2867,GMF,State Street SPDR S&P Emerging Asia Pacific ETF,Y
2868,GMMA,GammaRoad Market Navigation ETF,Y
2869,GMMF,iShares Government Money Market ETF,Y
2870,GMNY,Goldman Sachs Dynamic New York Municipal Income ETF,Y
2871,GMOC,GMO Ultra-Short Income ETF,Y
2872,GMOD,GMO Dynamic Allocation ETF,Y
2873,GMOI,GMO International Value ETF,Y
2874,GMOM,Cambria Global Momentum ETF,Y
2875,GMOV,GMO US Value ETF,Y
2876,GMRS,GMR Solutions Inc. Class A Common Stock,N
2877,GMTL,Guardian Metal Resources PLC ADS,N
2878,GMUB,Goldman Sachs Municipal Income ETF,Y
2879,GNE,Genie Energy Ltd. Class B Common Stock Stock,N
2880,GNK,Genco Shipping & Trading Limited Ordinary Shares New (Marshall Islands),N
2881,GNL,"Global Net Lease, Inc. Common Stock",N
2882,GNL$A,"Global Net Lease, Inc. 7.25% Series A Cumulative Redeemable Preferred Stock, $0.01 par value per share",N
2883,GNL$B,"Global Net Lease, Inc. 6.875% Series B Cumulative Redeemable Perpetual Preferred Stock",N
2884,GNL$D,"Global Net Lease, Inc. 7.50% Series D Cumulative Redeemable Perpetual Preferred Stock",N
2885,GNL$E,"Global Net Lease, Inc. 7.375% Series E Cumulative Redeemable Perpetual Preferred Stock",N
2886,GNMX,Corgi Genomics & Precision Medicine ETF,Y
2887,GNOV,FT Vest U.S. Equity Moderate Buffer ETF - November,Y
2888,GNR,State Street SPDR S&P Global Natural Resources ETF,Y
2889,GNRC,Generac Holdlings Inc. Common Stock,N
2890,GNS,Genius Group Limited Ordinary Shares,N
2891,GNT,"GAMCO Natural Resources, Gold & Income Trust",N
2892,GNT$A,"GAMCO Natural Resources, Gold & Income Tust  5.20% Series A Cumulative Preferred Shares (Liquidation Preference $25.00 per share)",N
2893,GNW,Genworth Financial Inc Common Stock,N
2894,GOAU,US Global GO Gold and Precious Metal Miners ETF,Y
2895,GOCT,FT Vest U.S. Equity Moderate Buffer ETF - October,Y
2896,GOEX,Global X Gold Explorers ETF,Y
2897,GOF,Guggenheim Strategic Opportunities Fund Common Shares of Beneficial Interest,N
2898,GOGL,Corgi GOOGL 2x Daily ETF,Y
2899,GOIB,Direxion GOOGL Defined Income Boost ETF,Y
2900,GOLD,"Gold.com, Inc. Common Stock",N
2901,GOLF,Acushnet Holdings Corp. Common Stock,N
2902,GOLS,Gabelli Opportunities in Live and Sports ETF,Y
2903,GOLY,Strategy Shares Gold Enhanced Yield ETF,Y
2904,GOOL,Leverage Shares 2X Long GOOGL Daily ETF,Y
2905,GOOP,Kurv Yield Premium Strategy Google (GOOGL) ETF,Y
2906,GOOS,Canada Goose Holdings Inc. Subordinate Voting Shares,N
2907,GOOW,Roundhill GOOGL WeeklyPay ETF,Y
2908,GOOX,T-Rex 2X Long Alphabet Daily Target ETF,Y
2909,GOOY,YieldMax GOOGL Option Income Strategy ETF,Y
2910,GOP,Subversive Congressional Republicans Trading ETF,Y
2911,GORO,Goldgroup Mining Inc. Common Shares,N
2912,GOTU,Gaotu Techedu Inc. American Depositary Shares,N
2913,GOVM,iShares 1-10 Year Treasury Bond ETF,Y
2914,GOVT,iShares U.S. Treasury Bond ETF,Y
2915,GOVZ,iShares 25  Year Treasury STRIPS Bond ETF,Y
2916,GPC,Genuine Parts Company Common Stock,N
2917,GPGI,"GPGI, Inc. Class A Common Stock",N
2918,GPI,"Group 1 Automotive, Inc. Common Stock",N
2919,GPJA,"Georgia Power Company Series 2017A 5.00% Junior Subordinated Notes due October 1, 2077",N
2920,GPK,Graphic Packaging Holding Company,N
2921,GPMT,Granite Point Mortgage Trust Inc. Common Stock,N
2922,GPMT$A,Granite Point Mortgage Trust Inc. 7.00% Series A Fixed-to-Floating Rate Cumulative Redeemable Preferred Stock,N
2923,GPN,Global Payments Inc. Common Stock,N
2924,GPOR,Gulfport Energy Corporation Common Shares,N
2925,GPRK,Geopark Ltd Common Shares,N
2926,GPTY,YieldMax AI & Tech Portfolio Option Income ETF,Y
2927,GPUS,"Hyperscale Data, Inc. Common Stock",N
2928,GPUS$D,"Hyperscale Data, Inc. 13.00% Series D Cumulative Redeemable Perpetual Preferred Stock",N
2929,GPZ,VanEck Alternative Asset Manager ETF,Y
2930,GQGU,GQG US Equity ETF,Y
2931,GQI,Natixis Gateway Quality Income ETF,Y
2932,GQRE,Northern Trust Global Quality Real Estate ETF,Y
2933,GRBK,"Green Brick Partners, Inc. Common Stock",N
2934,GRBK$A,"Green Brick Partners, Inc. Depositary Shares (each representing a 1/1000th fractional interest in a share of 5.75% Series A Cumulative Perpetual Preferred Stock)",N
2935,GRC,Gorman-Rupp Company (The) Common Stock,N
2936,GRDN,"Guardian Pharmacy Services, Inc. Class A Common Stock",N
2937,GREK,Global X MSCI Greece ETF,Y
2938,GRF,"Eagle Capital Growth Fund, Inc. Common Stock",N
2939,GRMN,Garmin Ltd. Common Stock (Switzerland),N
2940,GRN,iPath Series B Carbon Exchange-Traded Notes,N
2941,GRNB,VanEck Green Bond ETF,Y
2942,GRND,Grindr Inc. Common Stock,N
2943,GRNI,Fundstrat Granny Shots US Large Cap & Income ETF,Y
2944,GRNJ,Fundstrat Granny Shots US Small- & Mid-Cap ETF,Y
2945,GRNT,"Granite Ridge Resources, Inc. Common Stock",N
2946,GRNY,Fundstrat Granny Shots US Large Cap ETF,Y
2947,GRO,Brazil Potash Corp. Common Shares,N
2948,GROV,"Grove Collaborative Holdings, Inc. Class A Common Stock",N
2949,GROY,Gold Royalty Corp. Common Shares,N
2950,GROY.W,Gold Royalty Corp. Warrants,N
2951,GROZ,Zacks Focus Growth ETF,Y
2952,GRPM,Invesco S&P MidCap 400 GARP ETF,Y
2953,GRPZ,Invesco S&P SmallCap 600 GARP ETF,Y
2954,GRX,The Gabelli Healthcare & Wellness Trust Common Shares of Beneficial Interest,N
2955,GS,"Goldman Sachs Group, Inc. (The) Common Stock",N
2956,GS$A,"Goldman Sachs Group, Inc. (The) Depositary Shares each representing 1/1000th Interest in a Share of Floating Rate Non-Cumulative Preferred Stock Series A",N
2957,GS$C,"Goldman Sachs Group, Inc. (The) Depositary Share repstg 1/1000th Preferred Series C",N
2958,GS$D,"Goldman Sachs Group, Inc. (The) Dep Shs repstg 1/1000 Pfd Ser D Fltg",N
2959,GSBD,"Goldman Sachs BDC, Inc. Common Stock",N
2960,GSC,Goldman Sachs Small Cap Equity ETF,Y
2961,GSEE,Goldman Sachs MarketBeta Emerging Markets Equity ETF,Y
2962,GSEP,FT Vest U.S. Equity Moderate Buffer ETF - September,Y
2963,GSEU,Goldman Sachs ActiveBeta Europe Equity ETF,Y
2964,GSEW,Goldman Sachs Equal Weight U.S. Large Cap Equity ETF,Y
2965,GSG,iShares GSCI Commodity-Indexed Trust Fund,Y
2966,GSID,Goldman Sachs MarketBeta International Equity ETF,Y
2967,GSIE,Goldman Sachs ActiveBeta International Equity ETF,Y
2968,GSJY,Goldman Sachs ActiveBeta Japan Equity ETF,Y
2969,GSK,GSK plc American Depositary Shares (Each representing two Ordinary Shares),N
2970,GSKH,GSK plc ADRhedged,Y
2971,GSL,Global Ship Lease Inc New Class A Common Shares,N
2972,GSL$B,"Global Ship Lease, Inc. Depository Shares Representing 1/100th Perpetual Preferred Series B% (Marshall Island)",N
2973,GSLC,Goldman Sachs ActiveBeta U.S. Large Cap Equity ETF,Y
2974,GSOL,Grayscale Solana Staking ETF,Y
2975,GSPY,Gotham Enhanced 500 ETF,Y
2976,GSSC,GS ActiveBeta U.S. Small Cap Equity ETF,Y
2977,GSST,Goldman Sachs Ultra Short Bond ETF,Y
2978,GSUI,Grayscale Sui Staking ETF,Y
2979,GSUS,Goldman Sachs MarketBeta U.S. Equity ETF,Y
2980,GSWO,Goldman Sachs ActiveBeta World Equity ETF,Y
2981,GSY,Invesco Ultra Short Duration ETF,Y
2982,GTE,Gran Tierra Energy Inc. Common Stock,N
2983,GTEK,Goldman Sachs Future Tech Leaders Equity ETF,Y
2984,GTES,Gates Industrial Corporation Ltd. Common Shares,N
2985,GTIP,Goldman Sachs Access Inflation Protected USD Bond ETF,Y
2986,GTN,"Gray Media, Inc. Common Stock",N
2987,GTN.A,"Gray Media, Inc. Class A Common Stock",N
2988,GTND,Goaltender ETF,Y
2989,GTO,Invesco Total Return Bond ETF,Y
2990,GTOC,Invesco Core Fixed Income ETF,Y
2991,GTOH,Invesco Short Duration High Yield ETF,Y
2992,GTOS,Invesco Short Duration Total Return Bond ETF,Y
2993,GTY,Getty Realty Corporation Common Stock,N
2994,GUG,Guggenheim Active Allocation Fund Common Shares of Beneficial Interest,N
2995,GUMI,Goldman Sachs Ultra Short Municipal Income ETF,Y
2996,GUNR,Northern Trust Morningstar Global Upstream Natural Resources ETF,Y
2997,GURU,Global X Guru Index ETF,Y
2998,GUSA,Goldman Sachs MarketBeta U.S. 1000 Equity ETF,Y
2999,GUSH,Direxion Daily S&P Oil & Gas Exp. & Prod. Bull 2X ETF,Y
3000,GUT,Gabelli Utility Trust (The) Common Stock,N
3001,GUT$C,Gabelli Utility Trust (The) 5.375% Series C Cumulative Preferred Shares,N
3002,GVA,Granite Construction Incorporated Common Stock,N
3003,GVAL,Cambria Global Value ETF,Y
3004,GVI,iShares Intermediate Government/Credit Bond ETF,Y
3005,GVIP,Goldman Sachs Hedge Industry VIP ETF,Y
3006,GVLU,Gotham 1000 Value ETF,Y
3007,GVUS,Goldman Sachs MarketBeta Russell 1000 Value Equity ETF,Y
3008,GWH,"ESS Tech, Inc. Common Stock",N
3009,GWRE,"Guidewire Software, Inc. Common Stock",N
3010,GWW,"W.W. Grainger, Inc. Common Stock",N
3011,GWX,State Street SPDR S&P International Small Cap ETF,Y
3012,GXC,State Street SPDR S&P China ETF,Y
3013,GXIG,Global X Investment Grade Corporate Bond ETF,Y
3014,GXLC,Global X U.S. 500 ETF,Y
3015,GXO,"GXO Logistics, Inc. Common Stock ",N
3016,GXPC,Global X PureCap MSCI Communication Services ETF,Y
3017,GXPD,Global X PureCap MSCI Consumer Discretionary ETF,Y
3018,GXPE,Global X PureCap MSCI Energy ETF,Y
3019,GXPS,Global X PureCap MSCI Consumer Staples ETF,Y
3020,GXPT,Global X PureCap MSCI Information Technology ETF,Y
3021,GXRP,Grayscale XRP Trust ETF,Y
3022,GXUS,Goldman Sachs MarketBeta Total International Equity ETF,Y
3023,GYLD,Arrow Dow Jones Global Yield ETF ETF,Y
3024,H,Hyatt Hotels Corporation Class A Common Stock,N
3025,HACK,Amplify Cybersecurity ETF,Y
3026,HAE,Haemonetics Corporation Common Stock,N
3027,HAFN,Hafnia Limited Common Shares,N
3028,HAIL,State Street SPDR S&P Kensho Smart Mobility ETF,Y
3029,HAKY,Amplify HACK Cybersecurity Covered Call ETF,Y
3030,HAL,Halliburton Company Common Stock,N
3031,HALX,Tuttle Capital Heavy Assets Low Obsolescence ETF,Y
3032,HAP,VanEck Natural Resources ETF,Y
3033,HAPI,Harbor Human Capital Factor US Large Cap ETF,Y
3034,HAPS,Harbor Human Capital Factor US Small Cap ETF,Y
3035,HARD,Simplify Commodities Strategy No K-1 ETF,Y
3036,HASI,"HA Sustainable Infrastructure Capital, Inc. Common Stock",N
3037,HAUG,Corgi U.S. Equities 100% Structured Buffer ETF - August Series,Y
3038,HAUS,Residential REIT ETF,Y
3039,HAUZ,Xtrackers International Real Estate ETF,Y
3040,HAWG,HCM Hedged Equity ETF,Y
3041,HAWK,"HawkEye 360, Inc. Common Stock",N
3042,HAWX,iShares Currency Hedged MSCI ACWI ex U.S. ETF,Y
3043,HAYW,"Hayward Holdings, Inc. Common Stock",N
3044,HBB,Hamilton Beach Brands Holding Company Class A Common Stock ,N
3045,HBIL,Harbor Short Term Treasury ETF,Y
3046,HBM,Hudbay Minerals Inc. Ordinary Shares (Canada),N
3047,HBMX,Tuttle Capital Concentrated Memory Stack ETF,Y
3048,HBRD,Invesco U.S. Hybrid Bond ETF,Y
3049,HBTA,Horizon Expedition Plus ETF,Y
3050,HBTC,Fortuna Hedged Bitcoin ETF,Y
3051,HCA,"HCA Healthcare, Inc. Common Stock",N
3052,HCC,"Warrior Met Coal, Inc. Common Stock",N
3053,HCI,"HCI Group, Inc. Common Stock",N
3054,HCMT,Direxion HCM Tactical Enhanced US ETF,Y
3055,HCRB,Hartford Core Bond ETF,Y
3056,HCWC,Healthy Choice Wellness Corp. Class A Common Stock,N
3057,HCXY,"Hercules Capital, Inc. 6.25% Notes due 2033",N
3058,HD,"Home Depot, Inc. (The) Common Stock",N
3059,HDB,HDFC Bank Limited Common Stock,N
3060,HDEF,Xtrackers MSCI EAFE High Dividend Yield Equity ETF,Y
3061,HDG,ProShares Hedge Replication ETF,Y
3062,HDGE,Ranger Equity Bear Bear ETF,Y
3063,HDLB,"ETRACS Monthly Pay 2xLeveraged US High Dividend Low Volatility ETN Series B due September 30, 2044",Y
3064,HDMV,First Trust Horizon Managed Volatility Developed International ETF,Y
3065,HDUS,Hartford Disciplined US Equity ETF,Y
3066,HDV,iShares Core High Dividend ETF,Y
3067,HE,"Hawaiian Electric Industries, Inc. Common Stock",N
3068,HECA,Hedgeye Capital Allocation ETF,Y
3069,HEDG,Equable Shares Hedged Equity ETF,Y
3070,HEDJ,WisdomTree Europe Hedged Equity Fund,Y
3071,HEEM,iShares Currency Hedged MSCI Emerging Markets ETF,Y
3072,HEFA,iShares Currency Hedged MSCI EAFE ETF,Y
3073,HEFT,Hedgeye Fourth Turning ETF,Y
3074,HEGD,Swan Hedged Equity US Large Cap ETF,Y
3075,HEI,Heico Corporation Common Stock,N
3076,HEI.A,Heico Corporation Common Stock,N
3077,HELO,JPMorgan Hedged Equity Laddered Overlay ETF,Y
3078,HELS,Hedgeye 130/30 Equity ETF,Y
3079,HELX,Franklin Genomic Advancements ETF,Y
3080,HEMI,Hartford Equity Premium Income ETF,Y
3081,HEQ,John Hancock Diversified Income Fund Common Shares of Beneficial Interest,N
3082,HEQT,Simplify Hedged Equity ETF,Y
3083,HESM,Hess Midstream LP Class A Representing Limited Partner Interests,N
3084,HEWJ,iShares Currency Hedged MSCI Japan ETF,Y
3085,HEZU,iShares Currency Hedged MSCI Eurozone ETF,Y
3086,HF,DGA Core Plus Absolute Return ETF,Y
3087,HFEQ,Unlimited HFEQ Equity Long/Short ETF,Y
3088,HFGM,Unlimited HFGM Global Macro ETF,Y
3089,HFGO,Hartford Large Cap Growth ETF,Y
3090,HFMF,Unlimited HFMF Managed Futures ETF,Y
3091,HFND,Unlimited HFND Multi-Strategy Return Tracker ETF,Y
3092,HFRO,Highland Opportunities and Income Fund Common Shares of Beneficial Interest,N
3093,HFRO$A,Highland Opportunities and Income Fund 5.375% Series A Cumulative Preferred Shares,N
3094,HFRO$B,Highland Opportunities and Income Fund 5.375% Series B Cumulative Preferred Shares,N
3095,HFSI,Hartford Strategic Income ETF,Y
3096,HFXI,NYLI FTSE International Equity Currency Neutral ETF,Y
3097,HG,"Hamilton Insurance Group, Ltd. Class B Common Shares",N
3098,HGER,Harbor Commodity All-Weather Strategy ETF,Y
3099,HGLB,Highland Global Allocation Fund Common Stock,N
3100,HGRO,Hedgeye Quality Growth ETF,Y
3101,HGTY,"Hagerty, Inc. Class A Common Stock",N
3102,HGV,Hilton Grand Vacations Inc. Common Stock ,N
3103,HHH,Howard Hughes Holdings Inc. Common Stock,N
3104,HIBL,Direxion Daily S&P 500 High Beta Bull 3X ETF,Y
3105,HIBS,Direxion Daily S&P 500 High Beta Bear 3X ETF,Y
3106,HIDV,AB US High Dividend ETF,Y
3107,HIG,"The Hartford Insurance Group, Inc. Common Stock",N
3108,HIG$G,"The Hartford Insurance Group, Inc. Depositary Shares each representing a 1/1000th interest in a share of 6.000% Non-Cumulative Preferred Stock, Series G",N
3109,HIGH,Simplify Enhanced Income ETF,Y
3110,HII,"Huntington Ingalls Industries, Inc. Common Stock",N
3111,HIMC,Corgi HIMS 2x Daily ETF,Y
3112,HIMS,"Hims & Hers Health, Inc. Class A Common Stock",N
3113,HIMU,iShares High Yield Muni Active ETF,Y
3114,HIO,"Western Asset High Income Opportunity Fund, Inc. Common Stock",N
3115,HIPO,Hippo Holdings Inc. Common Stock,N
3116,HIPS,GraniteShares HIPS US High Income ETF,Y
3117,HIW,"Highwoods Properties, Inc. Common Stock",N
3118,HIX,Western Asset High Income Fund II Inc. Common Stock,N
3119,HIYY,YieldMax HIMS Option Income Strategy ETF,Y
3120,HJLY,Corgi U.S. Equities 100% Structured Buffer ETF - July Series,Y
3121,HJUN,Corgi U.S. Equities 100% Structured Buffer ETF - June Series,Y
3122,HKD,AMTD Digital Inc. American Depositary Shares (every five of which represent two Class A Ordinary Shares),N
3123,HL,Hecla Mining Company Common Stock,N
3124,HL$B,Hecla Mining Company Preferred Stock,N
3125,HLF,Herbalife Ltd. Common Shares,N
3126,HLI,"Houlihan Lokey, Inc. Class A Common Stock",N
3127,HLIO,"Helios Technologies, Inc. Common Stock",N
3128,HLLY,Holley Inc. Common Stock,N
3129,HLN,Haleon plc American Depositary Shares (Each representing two Ordinary Shares),N
3130,HLT,Hilton Worldwide Holdings Inc. Common Stock ,N
3131,HLX,"Helix Energy Solutions Group, Inc. Common Stock",N
3132,HMAY,Corgi U.S. Equities 100% Structured Buffer ETF - May Series,Y
3133,HMC,"Honda Motor Company, Ltd. Common Stock",N
3134,HMN,Horace Mann Educators Corporation Common Stock,N
3135,HMOP,Hartford Municipal Opportunities ETF,Y
3136,HMY,Harmony Gold Mining Company Limited,N
3137,HNGE,"Hinge Health, Inc. Class A Common Stock",N
3138,HNI,HNI Corporation Common Stock,N
3139,HODL,VanEck Bitcoin Trust ,Y
3140,HOG,"Harley-Davidson, Inc. Common Stock",N
3141,HOLA,JPMorgan International Hedged Equity Laddered Overlay ETF,Y
3142,HOLD,Harbor Alpha Layering ETF,Y
3143,HOMB,"Home BancShares, Inc. Common Stock",N
3144,HOMZ,Hoya Capital Housing ETF,Y
3145,HONG,Leverage Shares 2X Long HON Daily ETF,Y
3146,HOOC,Corgi HOOD 2x Daily ETF,Y
3147,HOOW,Roundhill HOOD WeeklyPay ETF,Y
3148,HOOY,YieldMax HOOD Option Income Strategy ETF,Y
3149,HOOZ,Defiance Daily Target 2X Short HOOD ETF,Y
3150,HOV,"Hovnanian Enterprises, Inc. Class A Common Stock",N
3151,HP,"Helmerich & Payne, Inc. Common Stock",N
3152,HPE,Hewlett Packard Enterprise Company Common Stock,N
3153,HPE$C,Hewlett Packard Enterprise Company 7.625% Series C Mandatory Convertible Preferred Stock,N
3154,HPEL,Leverage Shares 2X Long HPE Daily ETF,Y
3155,HPF,John Hancock Pfd Income Fund II Pfd Income Fund II,N
3156,HPI,John Hancock Preferred Income Fund Common Shares of Beneficial Interest,N
3157,HPP,"Hudson Pacific Properties, Inc. Common Stock",N
3158,HPP$C,"Hudson Pacific Properties, Inc. 4.750% Series C Cumulative Redeemable Preferred Stock",N
3159,HPQ,HP Inc. Common Stock,N
3160,HPS,John Hancock Preferred Income Fund III Preferred Income Fund III,N
3161,HQH,abrdn Healthcare Investors Shares of Beneficial Interest,N
3162,HQL,abrdn Life Sciences Investors Shares of Beneficial Interest,N
3163,HR,Healthcare Realty Trust Incorporated Common Stock,N
3164,HRB,"H&R Block, Inc. Common Stock",N
3165,HRI,Herc Holdings Inc. Common Stock ,N
3166,HRL,Hormel Foods Corporation Common Stock,N
3167,HRSK,Toews Agility Shares Hedged Risk ETF,Y
3168,HRTG,"Heritage Insurance Holdings, Inc. Common Stock",N
3169,HSBC,"HSBC Holdings, plc. Common Stock",N
3170,HSBH,HSBC Holdings plc ADRhedged,Y
3171,HSCZ,iShares Currency Hedged MSCI EAFE Small-Cap ETF,Y
3172,HSHP,Himalaya Shipping Ltd. Common Shares,N
3173,HSLV,Highlander Silver Corp. Common Shares,N
3174,HSMV,First Trust Horizon Managed Volatility Small/Mid ETF,Y
3175,HSY,The Hershey Company Common Stock,N
3176,HTAB,Hartford Schroders Tax-Aware Bond ETF,Y
3177,HTAX,Nomura National High-Yield Municipal Bond ETF,Y
3178,HTB,"HomeTrust Bancshares, Inc. Common Stock",N
3179,HTD,John Hancock Tax Advantaged Dividend Income Fund Common Shares of Beneficial Interest,N
3180,HTEC,ROBO Global Healthcare Technology and Innovation ETF,Y
3181,HTFC,Horizon Technology Finance Corporation 6.25% Notes due 2027,N
3182,HTGC,"Hercules Capital, Inc. Common Stock",N
3183,HTH,Hilltop Holdings Inc.,N
3184,HTRB,Hartford Total Return Bond ETF,Y
3185,HTT,"High Templar Tech Limited American depositary shares, each representing one Class A ordinary share",N
3186,HTUS,Hull Tactical US ETF,Y
3187,HUBB,Hubbell Inc Common Stock,N
3188,HUBS,"HubSpot, Inc. Common Stock",N
3189,HULL,Corgi Shipping & Global Logistics ETF,Y
3190,HUM,Humana Inc. Common Stock,N
3191,HUMN,Roundhill Humanoid Robotics ETF,Y
3192,HUN,Huntsman Corporation Common Stock,N
3193,HUSV,First Trust Horizon Managed Volatility Domestic ETF,Y
3194,HUYA,"HUYA Inc. American depositary shares, each  representing one Class A ordinary share",N
3195,HVAC,AdvisorShares HVAC and Industrials ETF,Y
3196,HVT,"Haverty Furniture Companies, Inc. Common Stock",N
3197,HVT.A,"Haverty Furniture Companies, Inc. Common Stock",N
3198,HWM,Howmet Aerospace Inc. Common Stock,N
3199,HXL,Hexcel Corporation Common Stock,N
3200,HY,"Hyster-Yale, Inc. Class A common stock",N
3201,HYBB,iShares BB Rated Corporate Bond ETF,Y
3202,HYBL,State Street Blackstone High Income ETF,Y
3203,HYBX,TCW High Yield Bond ETF,Y
3204,HYD,VanEck High Yield Muni ETF,Y
3205,HYDB,iShares High Yield Systematic Bond ETF,Y
3206,HYDW,Xtrackers Low Beta High Yield Bond ETF,Y
3207,HYEM,VanEck Emerging Markets High Yield Bond ETF,Y
3208,HYFI,AB High Yield ETF,Y
3209,HYG,iShares iBoxx $ High Yield Corporate Bond ETF,Y
3210,HYGD,MicroSectors -3x Short High Yield Corporate Bond (HYG) ETNs,Y
3211,HYGH,iShares Interest Rate Hedged High Yield Bond ETF,Y
3212,HYGM,Amplify HYG High Yield 10% Target Income ETF,Y
3213,HYGU,MicroSectors 3x Long High Yield Corporate Bond (HYG) ETNs,Y
3214,HYGV,Northern Trust High Yield Value-Scored Bond ETF,Y
3215,HYGW,iShares High Yield Corporate Bond BuyWrite Strategy ETF,Y
3216,HYHG,ProShares High Yield Interest Rate Hedged,Y
3217,HYI,Western Asset High Yield Opportunity Fund Inc. Common Stock,N
3218,HYIN,WisdomTree Private Credit and Alternative Income Fund,Y
3219,HYLB,Xtrackers USD High Yield Corporate Bond ETF,Y
3220,HYLN,Hyliion Holdings Corp. Class A Common Stock,N
3221,HYMB,State Street SPDR Nuveen ICE High Yield Municipal Bond ETF,Y
3222,HYNX,T-REX 2X Long SKHY Daily Target ETF,Y
3223,HYS,PIMCO 0-5 Year High Yield Corporat Bond Index Exchange-Traded Fund,Y
3224,HYSA,BondBloxx USD High Yield Bond Sector Rotation ETF,Y
3225,HYSD,Columbia Short Duration High Yield ETF,Y
3226,HYT,"Blackrock Corporate High Yield Fund, Inc. Common Stock",N
3227,HYTI,FT Vest High Yield & Target Income ETF,Y
3228,HYTR,Counterpoint High Yield Trend ETF,Y
3229,HYUP,Xtrackers High Beta High Yield Bond ETF,Y
3230,HZO,"MarineMax, Inc.  (FL) Common Stock",N
3231,IACL,GraniteShares US 100 Autocallable Income ETF,Y
3232,IAE,Voya Asia Pacific High Dividend Equity Income Fund ING Asia Pacific High Dividend Equity Income Fund Common Shares of Beneficial Interest,N
3233,IAF,"abrdn Australia Equity Fund, Inc. Common Stock",N
3234,IAG,Iamgold Corporation Ordinary Shares,N
3235,IAGG,iShares International Aggregate Bond Fund,Y
3236,IAI,iShares U.S. Broker-Dealers & Securities Exchanges ETF,Y
3237,IAK,iShares U.S. Insurance ETF,Y
3238,IAPR,Innovator International Developed Power Buffer ETF  April,Y
3239,IAT,iShares U.S. Regional Banks ETF,Y
3240,IAU,iShares Gold Trust Shares,Y
3241,IAUG,Innovator International Developed Power Buffer ETF  August,Y
3242,IAUI,NEOS Gold High Income ETF,Y
3243,IAUM,iShares Gold Trust Micro Shares,Y
3244,IAUX,i-80 Gold Corp. Common Shares,N
3245,IAUX.W,"i-80 Gold Corp. Warrants, each warrant exercisable for one Common Share at an exercise price of $0.70",N
3246,IBCA,iShares iBonds Dec 2035 Term Corporate ETF,Y
3247,IBCB,iShares iBonds Dec 2036 Term Corporate ETF,Y
3248,IBD,Inspire Corporate Bond ETF,Y
3249,IBDR,iShares iBonds Dec 2026 Term Corporate ETF,Y
3250,IBDS,iShares iBonds Dec 2027 Term Corporate ETF,Y
3251,IBDT,iShares iBonds Dec 2028 Term Corporate ETF,Y
3252,IBDU,iShares iBonds Dec 2029 Term Corporate ETF,Y
3253,IBDV,iShares iBonds Dec 2030 Term Corporate ETF,Y
3254,IBDW,iShares iBonds Dec 2031 Term Corporate ETF,Y
3255,IBDX,iShares iBonds Dec 2032 Term Corporate ETF,Y
3256,IBDY,iShares iBonds Dec 2033 Term Corporate ETF,Y
3257,IBDZ,iShares iBonds Dec 2034 Term Corporate ETF,Y
3258,IBFR,Innovator International Developed Managed 10 Buffer ETF,Y
3259,IBHF,iShares iBonds 2026 Term High Yield and Income ETF,Y
3260,IBHG,iShares iBonds 2027 Term High Yield and Income ETF,Y
3261,IBHH,iShares iBonds 2028 Term High Yield and Income ETF,Y
3262,IBHI,iShares iBonds 2029 Term High Yield and Income ETF,Y
3263,IBHJ,iShares iBonds 2030 Term High Yield and Income ETF,Y
3264,IBHK,iShares iBonds 2031 Term High Yield and Income ETF,Y
3265,IBHL,iShares iBonds 2032 Term High Yield and Income ETF,Y
3266,IBHM,iShares iBonds 2033 Term High Yield and Income ETF,Y
3267,IBIC,iShares iBonds Oct 2026 Term TIPS ETF,Y
3268,IBID,iShares iBonds Oct 2027 Term TIPS ETF,Y
3269,IBIE,iShares iBonds Oct 2028 Term TIPS ETF,Y
3270,IBIF,iShares iBonds Oct 2029 Term TIPS ETF,Y
3271,IBIG,iShares iBonds Oct 2030 Term TIPS ETF,Y
3272,IBIH,iShares iBonds Oct 2031 Term TIPS ETF,Y
3273,IBII,iShares iBonds Oct 2032 Term TIPS ETF,Y
3274,IBIJ,iShares iBonds Oct 2033 Term TIPS ETF,Y
3275,IBIK,iShares iBonds Oct 2034 Term TIPS ETF,Y
3276,IBIL,iShares iBonds Oct 2035 Term TIPS ETF,Y
3277,IBIM,iShares iBonds Oct 2036 Term TIPS ETF,Y
3278,IBLC,iShares Blockchain and Tech ETF,Y
3279,IBM,International Business Machines Corporation Common Stock,N
3280,IBMO,iShares iBonds Dec 2026 Term Muni Bond ETF,Y
3281,IBMP,iShares iBonds Dec 2027 Term Muni Bond ETF,Y
3282,IBMQ,iShares iBonds Dec 2028 Term Muni Bond ETF,Y
3283,IBMR,iShares iBonds Dec 2029 Term Muni Bond ETF,Y
3284,IBMS,iShares iBonds Dec 2030 Term Muni Bond ETF,Y
3285,IBMT,iShares iBonds Dec 2031 Term Muni Bond ETF,Y
3286,IBMU,iShares iBonds Dec 2032 Term Muni Bond ETF,Y
3287,IBMV,iShares iBonds Dec 2033 Term Muni Bond ETF,Y
3288,IBMW,iShares iBonds Dec 2034 Term Muni Bond ETF,Y
3289,IBMX,iShares iBonds Dec 2035 Term Muni Bond ETF,Y
3290,IBN,ICICI Bank Limited Common Stock,N
3291,IBND,State Street SPDR Bloomberg International Corporate Bond ETF,Y
3292,IBO,"Impact BioMedical, Inc. Common Stock",N
3293,IBP,"Installed Building Products, Inc. Common Stock",N
3294,IBRN,iShares Neuroscience and Healthcare ETF,Y
3295,IBTA,"Ibotta, Inc. Class A Common Stock",N
3296,IBUF,Innovator International Developed 10 Buffer ETF - Quarterly,Y
3297,IBUY,Amplify Online Retail ETF,Y
3298,IBX,Tradr 2X Long IBM Daily ETF,Y
3299,ICAP,Infrastructure Capital Equity Income ETF,Y
3300,ICE,Intercontinental Exchange Inc. Common Stock,N
3301,ICF,iShares Select U.S. REIT ETF,Y
3302,ICL,ICL Group Ltd. Ordinary Shares,N
3303,ICLO,Invesco AAA CLO Floating Rate Note ETF,Y
3304,ICOW,Pacer Developed Markets International Cash Cows 100 ETF,Y
3305,ICPI,iShares 0-1 Year TIPS Bond ETF,Y
3306,ICPY,"Tweedy, Browne International Insider + Value ETF",Y
3307,ICR$A,"InPoint Commercial Real Estate Income, Inc. 6.75% Series A Cumulative Redeemable Preferred Stock",N
3308,ICSH,iShares Ultra Short Duration Bond Active ETF,Y
3309,ICVT,iShares Convertible Bond ETF,Y
3310,IDA,"IDACORP, Inc. Common Stock",N
3311,IDAU,Corgi International Developed Equities 15% Structured Buffer ETF - August Series,Y
3312,IDE,"Voya Infrastructure, Industrials and Materials Fund Common Shares of Beneficial Interest",N
3313,IDEC,Innovator International Developed Power Buffer ETF  December,Y
3314,IDEQ,Lazard International Dynamic Equity ETF,Y
3315,IDEV,iShares Core MSCI International Developed Markets ETF,Y
3316,IDGT,iShares U.S. Digital Infrastructure and Real Estate ETF,Y
3317,IDHQ,Invesco S&P International Developed Quality ETF,Y
3318,IDJL,Corgi International Developed Equities 15% Structured Buffer ETF - July Series,Y
3319,IDJN,Corgi International Developed Equities 15% Structured Buffer ETF - June Series,Y
3320,IDLV,Invesco S&P International Developed Low Volatility ETF,Y
3321,IDMO,Invesco S&P International Developed Momentum ETF,Y
3322,IDMY,Corgi International Developed Equities 15% Structured Buffer ETF - May Series,Y
3323,IDNA,iShares Genomics Immunology and Healthcare ETF,Y
3324,IDOG,ALPS International Sector Dividend Dogs ETF,Y
3325,IDR,"Idaho Strategic Resources, Inc. Common Stock",N
3326,IDRV,iShares Self-Driving EV and Tech ETF,Y
3327,IDT,IDT Corporation Class B Common Stock,N
3328,IDU,iShares U.S. Utilities ETF,Y
3329,IDUB,Aptus International Enhanced Yield ETF,Y
3330,IDV,iShares International Select Dividend ETF,Y
3331,IDVO,Amplify CWP International Enhanced Dividend Income ETF,Y
3332,IDVZ,Polen International Dividend Income Fund,Y
3333,IDX,VanEck Indonesia Index ETF,Y
3334,IDYN,iShares International Equity Factor Rotation Active ETF,Y
3335,IE,Ivanhoe Electric Inc. Common Stock,N
3336,IEDI,iShares U.S. Consumer Focused ETF,Y
3337,IEFA,iShares Core MSCI EAFE ETF,Y
3338,IEMG,iShares Core MSCI Emerging Markets ETF,Y
3339,IEO,iShares U.S. Oil & Gas Exploration & Production ETF,Y
3340,IETC,iShares U.S. Tech Independence Focused ETF,Y
3341,IEUR,iShares Core MSCI Europe ETF,Y
3342,IEV,iShares Europe ETF,Y
3343,IEX,IDEX Corporation Common Stock,N
3344,IEZ,iShares U.S. Oil Equipment & Services ETF,Y
3345,IFEB,Innovator International Developed Power Buffer ETF  February,Y
3346,IFED,ETRACS IFED Invest with the Fed TR Index ETN,Y
3347,IFF,"International Flavors & Fragrances, Inc. Common Stock",N
3348,IFLN,Invesco Bloomberg Enhanced Fallen Angels ETF,Y
3349,IFLR,Innovator International Developed Managed Floor ETF,Y
3350,IFN,"Aberdeen India Fund, Inc. Common Stock",N
3351,IFRA,iShares U.S. Infrastructure ETF,Y
3352,IFS,Intercorp Financial Services Inc. Common Shares,N
3353,IG,Principal Investment Grade Corporate Active ETF,Y
3354,IGA,Voya Global Advantage and Premium Opportunity Fund Common Shares of Beneficial Interest,N
3355,IGBH,iShares Interest Rate Hedged Long-Term Corporate Bond ETF,Y
3356,IGC,"IGC Pharma, Inc. Common Stock",N
3357,IGCB,TCW Corporate Bond ETF,Y
3358,IGD,Voya Global Equity Dividend and Premium Opportunity Fund,N
3359,IGE,iShares North American Natural Resources ETF,Y
3360,IGEB,iShares Investment Grade Systematic Bond ETF,Y
3361,IGGY,AB International Growth ETF,Y
3362,IGHG,ProShares Investment Grade-Interest Rate Hedged,Y
3363,IGI,Western Asset Investment Grade Opportunity Trust Inc. Common Stock,N
3364,IGLB,iShares 10  Year Investment Grade Corporate Bond ETF,Y
3365,IGLD,FT Vest Gold Strategy Target Income ETF,Y
3366,IGM,iShares Expanded Tech Sector ETF,Y
3367,IGPT,Invesco AI and Next Gen Software ETF,Y
3368,IGR,CBRE Global Real Estate Income Fund Common Shares of Beneficial Interest,N
3369,IGRO,iShares International Dividend Growth ETF,Y
3370,IGV,iShares Expanded Tech-Software Sector ETF,Y
3372,IH,"iHuman Inc. American depositary shares, each representing five Class A ordinary shares",N
3373,IHAK,iShares Cybersecurity and Tech ETF,Y
3374,IHD,Voya Emerging Markets High Income Dividend Equity Fund Common Shares,N
3375,IHDG,WisdomTree International Hedged Quality Dividend Growth Fund,Y
3376,IHE,iShares U.S. Pharmaceutical ETF,Y
3377,IHF,iShares U.S. Health Care Providers ETF,Y
3378,IHG,Intercontinental Hotels Group American Depositary Shares (Each representing one Ordinary Share),N
3379,IHI,iShares U.S. Medical Devices ETF,Y
3380,IHS,IHS Holding Limited Ordinary Shares,N
3381,IHT,InnSuites Hospitality Trust Shares of Beneficial Interest,N
3382,IHY,VanEck International High Yield Bond ETF,Y
3383,IIF,"Morgan Stanley India Investment Fund, Inc. Common Stock",N
3384,IIGD,Invesco Investment Grade Defensive ETF,Y
3385,IIIN,"Insteel Industries, Inc. Common Stock",N
3386,IIM,Invesco Value Municipal Income Trust Common Stock,N
3387,IINC,Alki Consolidated Income ETF,Y
3388,IIPR,"Innovative Industrial Properties, Inc. Common Stock",N
3389,IIPR$A,"Innovative Industrial Properties, Inc. 9.00% Series A Cumulative Redeemable Preferred Stock",N
3390,IJAN,Innovator International Developed Power Buffer ETF January,Y
3391,IJH,iShares Core S&P Mid-Cap ETF,Y
3392,IJJ,iShares S&P Mid-Cap 400 Value ETF,Y
3393,IJK,iShares S&P Mid-Cap 400 Growth ETF,Y
3394,IJR,iShares Core S&P Small-Cap ETF,Y
3395,IJS,iShares S&P SmallCap 600 Value ETF,Y
3396,IJUL,Innovator International Developed Power Buffer ETF  July,Y
3397,IJUN,Innovator International Developed Power Buffer ETF June,Y
3398,ILCB,iShares Morningstar Large-Cap ETF,Y
3399,ILCG,iShares Morningstar Large-Cap Growth ETF,Y
3400,ILCV,iShares Morningstar Large-Cap  Value ETF,Y
3401,ILDR,First Trust Innovation Leaders ETF,Y
3402,ILF,iShares Latin America 40 ETF,Y
3403,ILOW,AB International Low Volatility Equity ETF,Y
3404,ILS,Brookmont Catastrophic Bond ETF,Y
3405,ILTB,iShares Core 10  Year USD Bond ETF,Y
3406,IMAR,Innovator International Developed Power Buffer ETF  March,Y
3407,IMAX,Imax Corporation Common Stock,N
3408,IMAY,Innovator International Developed Power Buffer ETF - May,Y
3409,IMC,IMC Rare Earths Ltd Ordinary Shares,N
3410,IMCB,iShares Morningstar Mid-Cap ETF,Y
3411,IMCG,iShares Morningstar Mid-Cap Growth ETF,Y
3412,IMF,Invesco Managed Futures Strategy ETF,Y
3413,IMFL,Invesco International Developed Dynamic Multifactor ETF,Y
3414,IMO,Imperial Oil Limited Common Stock,N
3415,IMTB,iShares Core 5-10 Year USD Bond ETF,Y
3416,IMTG,Invesco Agency MBS ETF,Y
3417,IMTM,iShares MSCI Intl Momentum Factor ETF,Y
3418,IMVP,Invesco India ETF,Y
3419,INCE,Franklin Income Equity Focus ETF,Y
3420,INCM,Franklin Income Focus ETF,Y
3421,INCO,Columbia India Consumer ETF,Y
3422,INDA,iShares MSCI India ETF,Y
3423,INDE,Matthews India Active ETF,Y
3424,INDL,Direxion Daily MSCI India Bull 2X ETF,Y
3425,INDO,Indonesia Energy Corporation Limited Ordinary Shares,N
3426,INDS,Pacer Industrial Real Estate ETF,Y
3427,INDZ,VanEck India Select ETF,Y
3428,INEQ,Columbia International Equity Income ETF,Y
3429,INFH,Defiance Daily Target 2X Long INFQ ETF,Y
3430,INFL,Horizon Kinetics Inflation Beneficiaries ETF,Y
3431,INFO,Harbor PanAgora Dynamic Large Cap Core ETF,Y
3432,INFQ,"Infleqtion, Inc. Common Stock",N
3433,INFQ.W,"Infleqtion, Inc. Warrants, each whole warrant exercisable for one share of Common Stock at an exercise price of $11.50 per share",N
3434,INFU,"InfuSystems Holdings, Inc. Common Stock",N
3435,INFY,Infosys Limited American Depositary Shares,N
3436,ING,"ING Group, N.V. Common Stock",N
3437,INGM,Ingram Micro Holding Corporation Common Stock,N
3438,INGR,Ingredion Incorporated Common Stock,N
3439,INKM,State Street Income Allocation ETF,Y
3440,INLX,"Intellinetics, Inc. Common Stock",N
3441,INMU,iShares Intermediate Muni Income Active ETF,Y
3442,INN,"Summit Hotel Properties, Inc. Common Stock",N
3443,INN$E,"Summit Hotel Properties, Inc. 6.250% Series E Cumulative Redeemable Preferred Stock",N
3444,INN$F,"Summit Hotel Properties, Inc. 5.875% Series F Cumulative Redeemable Preferred Stock, $0.01 par value per share",N
3445,INOV,Innovator International Developed Power Buffer ETF  November,Y
3446,INQQ,INQQ The India Internet ETF,Y
3447,INR,"Infinity Natural Resources, Inc. Class A Common Stock",N
3448,INSP,"Inspire Medical Systems, Inc. Common Stock",N
3449,INSW,"International Seaways, Inc. Common Stock ",N
3450,INT,Corgi INTC 2x Daily ETF,Y
3451,INTF,iShares International Equity Factor ETF,Y
3452,INTL,Main International ETF,Y
3453,INTM,Invesco Intermediate Municipal ETF,Y
3454,INTT,inTest Corporation Common Stock,N
3455,INUV,"Inuvo, Inc.",N
3456,INVG,GMO Systematic Investment Grade Credit ETF,Y
3457,INVH,Invitation Homes Inc. Common Stock,N
3458,INVN,Alger Russell Innovation ETF,Y
3459,INVX,"Innovex International, Inc. Common Stock",N
3460,INYY,YieldMax INTC Option Income Strategy ETF,Y
3461,IOCT,Innovator International Developed Power Buffer ETF - October,Y
3462,ION,ProShares S&P Global Core Battery Metals ETF,Y
3463,IONC,Corgi IONQ 2x Daily ETF,Y
3464,IONQ,"IonQ, Inc. Common Stock",N
3465,IONQ.W,"IonQ, Inc. Redeemable warrants, each whole warrant exercisable for one share of Common Stock, each at an exercise price of $11.50 per share",N
3466,IOO,iShares Global 100 ETF,Y
3467,IOPP,Simplify Tara India Opportunities ETF,Y
3468,IOR,"Income Opportunity Realty Investors, Inc. Common Stock",N
3469,IOSX,Corgi AAPL 2x Daily ETF,Y
3470,IOT,Samsara Inc. Class A Common Stock,N
3471,IP,International Paper Company Common Stock,N
3472,IPAC,iShares Core MSCI Pacific ETF,Y
3473,IPAV,Global X Infrastructure Development ex-U.S. ETF,Y
3474,IPAY,Amplify Digital Payments ETF,Y
3475,IPB,"Merrill Lynch & Co., Inc. 6.0518% Index Plus Trust Certificates Series 2003-1",Y
3476,IPI,"Intrepid Potash, Inc Common Stock",N
3477,IPO,Renaissance IPO ETF,Y
3478,IPOS,Renaissance Capital Greenwich Fund,Y
3479,IQDF,Northern Trust International Quality Dividend ETF,Y
3480,IQDG,WisdomTree International Quality Dividend Growth Fund,Y
3481,IQDY,Northern Trust International Quality Dividend Dynamic ETF,Y
3482,IQHI,NYLI MacKay High Income ETF,Y
3483,IQI,Invesco Quality Municipal Income Trust Common Stock,N
3484,IQLT,iShares MSCI Intl Quality Factor ETF,Y
3485,IQM,Franklin Intelligent Machines ETF,Y
3486,IQMM,ProShares GENIUS Money Market ETF,Y
3487,IQRA,NYLI CBRE Real Assets ETF,Y
3488,IQSI,NYLI Candriam International Equity ETF,Y
3489,IQSM,NYLI Candriam U.S. Mid Cap Equity ETF,Y
3490,IQSU,NYLI Candriam U.S. Large Cap Equity ETF,Y
3491,IQSZ,Invesco Global Equity Net Zero ETF,Y
3492,IQV,"IQVIA Holdings, Inc. Common Stock",N
3493,IR,Ingersoll Rand Inc. Common Stock,N
3494,IRAB,Iris Acquisition Corp II Class A Ordinary Shares,N
3495,IRAB.U,"Iris Acquisition Corp II Units, each consisting of one Class A Ordinary Share and one-half of one redeemable Warrant",N
3496,IRAB.W,"Iris Acquisition Corp II Redeemable Warrants, each whole warrant exercisable for one Class A Ordinary Share at an exercise price of $11.50 per share",N
3497,IRE,Defiance Daily Target 2X Long IREN ETF,Y
3498,IREC,Corgi IREN 2x Daily ETF,Y
3499,IREX,Tradr 2X Long IREN Daily ETF,Y
3500,IREZ,Tradr 2X Short IREN Daily ETF,Y
3501,IRM,Iron Mountain Incorporated (Delaware)Common Stock REIT,N
3502,IROC,Invesco Rochester High Yield Municipal ETF,Y
3503,IRS,IRSA Inversiones Y Representaciones S.A. Global Depositary Shares (Each representing ten shares of Common Stock),N
3504,IRT,"Independence Realty Trust, Inc. Common Stock",N
3505,IRTR,iShares LifePath Retirement ETF,Y
3506,IRVH,Global X Interest Rate Volatility & Inflation Hedge ETF,Y
3507,ISBG,IncomeSTKd 1x Bitcoin & 1x Gold Premium ETF,Y
3508,ISCB,iShares Morningstar Small-Cap ETF,Y
3509,ISCF,iShares International Small-Cap Equity Factor ETF,Y
3510,ISCG,iShares Morningstar Small-Cap Growth ETF,Y
3511,ISCV,iShares Morningstar Small-Cap Value ETF,Y
3512,ISD,"PGIM High Yield Bond Fund, Inc.",N
3513,ISEP,Innovator International Developed Power Buffer ETF  September,Y
3514,ISMD,Inspire Small/Mid Cap ETF,Y
3515,ISMF,iShares Managed Futures Active ETF,Y
3516,ISOU,IsoEnergy Ltd. Common Shares,N
3517,ISPY,ProShares S&P 500 High Income ETF,Y
3518,ISRA,VanEck Israel ETF,Y
3519,ISSB,IncomeSTKd 1x US Stocks & 1x Bitcoin Premium ETF,Y
3520,ISVL,iShares International Developed Small Cap Value Factor ETF,Y
3521,ISWN,Amplify BlackSwan ISWN ETF,Y
3522,IT,"Gartner, Inc. Common Stock",N
3523,ITA,iShares U.S. Aerospace & Defense ETF,Y
3524,ITAN,Sparkline Intangible Value ETF,Y
3525,ITB,iShares U.S. Home Construction ETF,Y
3526,ITDB,iShares LifePath Target Date 2030 ETF,Y
3527,ITDC,iShares LifePath Target Date 2035 ETF,Y
3528,ITDD,iShares LifePath Target Date 2040 ETF,Y
3529,ITDE,iShares LifePath Target Date 2045 ETF,Y
3530,ITDF,iShares LifePath Target Date 2050 ETF,Y
3531,ITDG,iShares LifePath Target Date 2055 ETF,Y
3532,ITDH,iShares LifePath Target Date 2060 ETF,Y
3533,ITDI,iShares LifePath Target Date 2065 ETF,Y
3534,ITDJ,iShares LifePath Target Date 2070 ETF,Y
3535,ITEQ,Amplify BlueStar Israel Technology ETF,Y
3536,ITGR,Integer Holdings Corporation Common Stock,N
3537,ITM,VanEck Intermediate Muni ETF,Y
3538,ITOT,iShares Core S&P Total U.S. Stock Market ETF,Y
3539,ITP,"IT Tech Packaging, Inc. Common Stock",N
3540,ITRG,Integra Resources Corp. Common Shares,N
3541,ITT,ITT Inc. Common Stock ,N
3542,ITUB,Itau Unibanco Banco Holding SA American Depositary Shares (Each repstg 500 Preferred shares),N
3543,ITW,Illinois Tool Works Inc. Common Stock,N
3544,ITWO,ProShares Russell 2000 High Income ETF,Y
3545,IVE,iShares S&P 500 Value ETF,Y
3546,IVEP,Dan IVES Wedbush AI Power & Infrastructure ETF,Y
3547,IVES,Dan IVES Wedbush AI Revolution ETF,Y
3548,IVLU,iShares MSCI Intl Value Factor ETF,Y
3549,IVOG,Vanguard S&P Mid-Cap 400 Growth ETF,Y
3550,IVOL,Quadratic Interest Rate Volatility and Inflation Hedge ETF,Y
3551,IVOO,Vanguard S&P Mid-Cap 400 ETF,Y
3552,IVOV,Vanguard S&P Mid-Cap 400 Value ETF,Y
3553,IVR,INVESCO MORTGAGE CAPITAL INC Common Stock,N
3554,IVR$C,"INVESCO MORTGAGE CAPITAL INC 7.5% Fixed-to-Floating Series C Cumulative Redeemable Preferred Stock, Liquation Preference $25.00 per Share",N
3555,IVT,InvenTrust Properties Corp. Common Stock,N
3556,IVV,iShares Core S&P 500 ETF,Y
3557,IVVB,iShares Large Cap Deep Quarterly Laddered ETF,Y
3558,IVVM,iShares Large Cap Moderate Quarterly Laddered ETF,Y
3559,IVVW,iShares S&P 500 BuyWrite ETF,Y
3560,IVW,iShares S&P 500 Growth ETF,Y
3561,IVZ,Invesco Ltd Common Stock,N
3562,IWB,iShares Russell 1000 ETF,Y
3563,IWC,iShares Microcap ETF,Y
3564,IWD,iShares Russell 1000 Value ETF,Y
3565,IWF,iShares Russell 1000 Growth Fund,Y
3566,IWFG,NYLI Winslow Focused Large Cap Growth ETF,Y
3567,IWL,iShares Russell Top 200 ETF,Y
3568,IWLG,NYLI Winslow Large Cap Growth ETF,Y
3569,IWM,iShares Russell 2000 Index Fund,Y
3570,IWMI,NEOS Russell 2000 High Income ETF,Y
3571,IWMW,iShares Russell 2000 BuyWrite ETF,Y
3572,IWMY,Defiance R2000 Weekly Distribution ETF,Y
3573,IWN,iShares Russell 2000 Value ETF,Y
3574,IWO,iShares Russell 2000 Growth Fund,Y
3575,IWP,iShares Russell Midcap Growth ETF,Y
3576,IWR,iShares Russell Mid-Cap ETF,Y
3577,IWS,iShares Russell Mid-Cap Value ETF,Y
3578,IWV,iShares Russell 3000 Fund,Y
3579,IWX,iShares Russell Top 200 Value ETF,Y
3580,IWY,iShares Russell Top 200 Growth ETF,Y
3581,IX,ORIX Corporation American Depositary Shares,N
3582,IXC,iShares Global Energy ETF,Y
3583,IXG,iShares Global Financial ETF,Y
3584,IXJ,iShares Global Healthcare ETF,Y
3585,IXN,iShares Global Tech ETF,Y
3586,IXP,iShares Global Comm Services ETF,Y
3587,IYC,iShares U.S. Consumer Discretionary ETF,Y
3588,IYE,iShares U.S. Energy ETF,Y
3589,IYF,iShares U.S. Financial ETF,Y
3590,IYG,iShares U.S. Financial Services ETF,Y
3591,IYH,iShares U.S. Healthcare ETF,Y
3592,IYJ,iShares U.S. Industrials ETF,Y
3593,IYK,iShares U.S. Consumer Staples ETF,Y
3594,IYLD,iShares Morningstar Multi-Asset Income ETF,Y
3595,IYM,iShares U.S. Basic Materials ETF,Y
3596,IYR,iShares U.S. Real Estate ETF,Y
3597,IYRI,NEOS Real Estate High Income ETF,Y
3598,IYT,iShares U.S. Transportation ETF,Y
3599,IYW,iShares U.S. Technology ETF,Y
3600,IYY,iShares Dow Jones U.S. ETF,Y
3601,IYZ,iShares U.S. Telecommunications ETF,Y
3602,IZRL,ARK Israel Innovative Technology ETF,Y
3603,J,Jacobs Solutions Inc. Common Stock,N
3604,JA,Janus Henderson AA-A CLO ETF,Y
3605,JAAA,Janus Henderson AAA CLO ETF,Y
3606,JABS,Janus Henderson Asset-Backed Securities ETF,Y
3607,JACS,Jackson Acquisition Company II Class A Ordinary Shares,N
3608,JACS.R,"Jackson Acquisition Company II Rights, each right to acquire one-tenth (1/10) of one Class A ordinary share",N
3609,JACS.U,"Jackson Acquisition Company II Units, each consisting of one Class A ordinary share and one right to acquire one-tenth (1/10) of one Class A ordinary share",N
3610,JADB,Aptus January Deep Buffer ETF,Y
3611,JADE,JPMorgan Active Developing Markets Equity ETF,Y
3612,JAGU,Jaguar Uranium Corp. Class A Common Shares,N
3613,JAJL,Innovator Equity Defined Protection ETF - 6mo Jan/Jul,Y
3614,JAN,"Janus Living, Inc. Class A-1 Common Stock",N
3615,JANB,Aptus January Buffer ETF,Y
3616,JANH,Innovator Premium Income 20 Barrier ETF - January,Y
3617,JANI,AllianzIM International Equity Buffer15 Uncapped Jan ETF,Y
3618,JANJ,Innovator Premium Income 30 Barrier ETF - January,Y
3619,JANM,FT Vest U.S. Equity Max Buffer ETF - January,Y
3620,JANP,PGIM S&P 500 Buffer 12 ETF - January,Y
3621,JANT,AllianzIM U.S. Large Cap Buffer10 Jan ETF,Y
3622,JANU,AllianzIM U.S. Equity Buffer15 Uncapped Jan ETF,Y
3623,JANW,AllianzIM U.S. Large Cap Buffer20 Jan ETF,Y
3624,JANZ,TrueShares Structured Outcome (January) ETF,Y
3625,JAVA,JPMorgan Active Value ETF,Y
3626,JBBB,Janus Henderson B-BBB CLO ETF,Y
3627,JBGS,JBG SMITH Properties Common Shares ,N
3628,JBI,"Janus International Group, Inc. Common Stock",N
3629,JBK,Lehman ABS 3.50 3.50% Adjustable Corp Backed Tr Certs GS Cap I,N
3630,JBL,Jabil Inc. Common Stock,N
3631,JBLG,Leverage Shares 2X Long JBL Daily ETF,Y
3632,JBND,JPMorgan Active Bond ETF,Y
3633,JBS,JBS N.V. Class A Common Shares,N
3634,JBTM,JBT Marel Corporation Common Stock,N
3635,JCAL,JPMorgan California Tax Free Bond ETF,Y
3636,JCE,Nuveen Core Equity Alpha Fund Common Shares of Beneficial Interest,N
3637,JCHI,JPMorgan Active China ETF,Y
3638,JCI,Johnson Controls International plc Ordinary Share,N
3639,JCPB,JPMorgan Core Plus Bond ETF,Y
3640,JCPI,JPMorgan Inflation Managed Bond ETF,Y
3641,JDIV,JPMorgan Dividend Leaders ETF,Y
3642,JDST,Direxion Daily Junior Gold Miners Index Bear 2X ETF,Y
3643,JDVI,John Hancock Disciplined Value International Select ETF,Y
3644,JDVL,John Hancock Disciplined Value Select ETF,Y
3645,JEDI,Defiance Drone and Modern Warfare ETF,Y
3646,JEF,Jefferies Financial Group Inc. Common Stock,N
3647,JELD,"JELD-WEN Holding, Inc. Common Stock",N
3648,JELH,Janus Henderson Equity Linked High Income ETF,Y
3649,JELM,Janus Henderson Equity Linked Moderate Income ETF,Y
3650,JEMB,Janus Henderson Emerging Markets Debt Hard Currency ETF,Y
3651,JENA,Jena Acquisition Corporation II Class A Ordinary Shares,N
3652,JENA.R,"Jena Acquisition Corporation II Rights, each right to acquire one-twentieth (1/20) of one Class A ordinary share",N
3653,JENA.U,"Jena Acquisition Corporation II Units, each consisting of one Class A ordinary share and one right",N
3654,JEPI,JPMorgan Equity Premium Income ETF,Y
3655,JETD,MAX Airlines -3X Inverse Leveraged ETNs,Y
3656,JETS,U.S. Global Jets ETF,Y
3657,JETU,MAX Airlines 3X Leveraged ETNs,Y
3658,JFLI,JPMorgan Flexible Income ETF,Y
3659,JFLX,JPMorgan Flexible Debt ETF,Y
3660,JFR,Nuveen Floating Rate Income Fund Common Stock,N
3661,JGH,Nuveen Global High Income Fund Common Shares of Beneficial Interest,N
3662,JGRO,JPMorgan Active Growth ETF,Y
3663,JGRW,Jensen Quality Growth ETF,Y
3664,JHAC,John Hancock Fundamental All Cap Core ETF,Y
3665,JHCB,John Hancock Corporate Bond ETF,Y
3666,JHCP,John Hancock Core Plus Bond ETF,Y
3667,JHCR,John Hancock Core Bond ETF,Y
3668,JHDG,John Hancock Hedged Equity ETF,Y
3669,JHDV,John Hancock U.S. High Dividend ETF,Y
3670,JHEM,John Hancock Multifactor Emerging Markets ETF,Y
3671,JHHY,John Hancock High Yield ETF,Y
3672,JHI,John Hancock Investors Trust Common Stock,N
3673,JHID,John Hancock International High Dividend ETF,Y
3674,JHLN,John Hancock Global Senior Loan ETF,Y
3675,JHMB,John Hancock Mortgage-Backed Securities ETF,Y
3676,JHMD,John Hancock Multifactor Developed International ETF,Y
3677,JHML,John Hancock Multifactor Large Cap ETF,Y
3678,JHMM,John Hancock Multifactor Mid Cap ETF,Y
3679,JHMU,John Hancock Dynamic Municipal Bond ETF,Y
3680,JHPI,John Hancock Preferred Income ETF,Y
3681,JHS,John Hancock Income Securities Trust Common Stock,N
3682,JHSC,John Hancock Multifactor Small Cap ETF,Y
3683,JHX,James Hardie Industries plc. Ordinary Shares,N
3684,JIDE,JPMorgan International Dynamic ETF,Y
3685,JIG,JPMorgan International Growth ETF,Y
3686,JIII,Janus Henderson Income ETF,Y
3687,JILL,"J. Jill, Inc. Common Stock",N
3688,JIRE,JPMorgan International Research Enhanced Equity ETF,Y
3689,JKS,JinkoSolar Holding Company Limited American Depositary Shares (each representing 4 Common Shares),N
3690,JLCO,John Hancock Large Cap Opportunities ETF,Y
3691,JLL,Jones Lang LaSalle Incorporated Common Stock,N
3692,JLQD,Janus Henderson Corporate Bond ETF,Y
3693,JLS,Nuveen Mortgage and Income Fund,N
3694,JMBS,Janus Henderson Mortgage-Backed Securities ETF,Y
3695,JMEE,JPMorgan Small & Mid Cap Enhanced Equity ETF,Y
3696,JMHI,JPMorgan High Yield Municipal ETF,Y
3697,JMIA,"Jumia Technologies AG American Depositary Shares, each representing two Ordinary Shares",N
3698,JMKE,Jersey Mike's Subs Inc. Class A Common Stock,N
3699,JMM,Nuveen Multi-Market Income Fund (MA),N
3700,JMMF,JPMorgan 100% U.S. Treasury Securities Money Market ETF,Y
3701,JMOM,JPMorgan U.S. Momentum Factor ETF,Y
3702,JMSI,JPMorgan Sustainable Municipal Income ETF,Y
3703,JMST,JPMorgan Ultra-Short Municipal Income ETF,Y
3704,JMTG,JPMorgan Mortgage-Backed Securities ETF,Y
3705,JMUB,JPMorgan Municipal ETF,Y
3706,JNEU,AllianzIM U.S. Equity Buffer15 Uncapped June ETF,Y
3707,JNJ,Johnson & Johnson Common Stock,N
3708,JNK,State Street SPDR Bloomberg High Yield Bond ETF,Y
3709,JNUG,Direxion Daily Junior Gold Miners Index Bull 2X ETF,Y
3710,JOB,GEE Group Inc. Common Stock,N
3711,JOBC,Corgi JOBY 2x Daily ETF,Y
3712,JOBX,Tradr 2X Long JOBY Daily ETF,Y
3713,JOBY,"Joby Aviation, Inc. Common Stock",N
3714,JOE,St. Joe Company (The) Common Stock,N
3715,JOET,Virtus Terranova U.S. Quality Momentum ETF,Y
3716,JOF,Japan Smaller Capitalization Fund Inc Common Stock,N
3717,JOJO,ATAC Credit Rotation ETF,Y
3718,JOUL,Corgi High Voltage Grid Equipment ETF,Y
3719,JPAN,Matthews Japan Active ETF,Y
3720,JPC,Nuveen Preferred & Income Opportunities Fund,N
3721,JPEM,JPMorgan Diversified Return Emerging Markets Equity ETF,Y
3722,JPHY,JPMorgan Active High Yield ETF,Y
3723,JPIB,JPMorgan International Bond Opportunities ETF,Y
3724,JPIE,JPMorgan Income ETF,Y
3725,JPIN,JPMorgan Diversified Return International Equity ETF,Y
3726,JPLD,JPMorgan Limited Duration Bond ETF,Y
3727,JPM,JP Morgan Chase & Co. Common Stock,N
3728,JPM$C,"J P Morgan Chase & Co Depositary Shares, each representing a 1/400th interest in a share of 6.00% Non-Cumulative  Preferred Stock, Series EE",N
3729,JPM$D,"J P Morgan Chase & Co Depositary Shares, each representing a 1/400th  interest in a share of 5.75% Non-Cumulative  Preferred Stock, Series DD",N
3730,JPM$J,"J P Morgan Chase & Co Depositary Shares, each representing a 1/400th interest in a share of JPMorgan Chase & Co. 4.75% Non-Cumulative Preferred Stock, Series GG",N
3731,JPM$K,"J P Morgan Chase & Co Depositary Shares, each representing a 1/400th interest in a share of 4.55% Non-Cumulative Preferred Stock, Series JJ",N
3732,JPM$L,"J P Morgan Chase & Co Depositary Shares, each representing a 1/400th interest in a share of 4.625% Non-Cumulative Preferred Stock, Series LL",N
3733,JPM$M,"J P Morgan Chase & Co Depositary Shares, each representing a 1/400th interest in a share of 4.20% Non-Cumulative Preferred Stock, Series MM",N
3734,JPMB,JPMorgan USD Emerging Markets Sovereign Bond ETF,Y
3735,JPME,JPMorgan Diversified Return U.S. Mid Cap Equity ETF,Y
3736,JPND,MicroSectors -3x Short Japan ETNs,Y
3737,JPNU,MicroSectors 3x Long Japan ETNs,Y
3738,JPO,YieldMax JP Option Income Strategy ETF,Y
3739,JPRE,JPMorgan Realty Income ETF,Y
3740,JPRF,JPMorgan Preferred and Income Securities ETF,Y
3741,JPSE,JPMorgan Diversified Return U.S. Small Cap Equity ETF,Y
3742,JPST,JPMorgan Ultra-Short Income ETF,Y
3743,JPSV,JPMorgan Active Small Cap Value ETF,Y
3744,JPUS,JPMorgan Diversified Return U.S. Equity ETF,Y
3745,JPXN,iShares JPX-Nikkei 400 ETF,Y
3746,JQC,Nuveen Credit Strategies Income Fund Shares of Beneficial Interest,N
3747,JQUA,JPMorgan U.S. Quality Factor ETF,Y
3748,JRI,Nuveen Real Asset Income and Growth Fund Common Shares of Beneficial Interest,N
3749,JRS,Nuveen Real Estate Income Fund Common Shares of Beneficial Interest,N
3750,JSCP,JPMorgan Short Duration Core Plus ETF,Y
3751,JSI,Janus Henderson Securitized Income ETF,Y
3752,JSTC,Adasina Social Justice All Cap Global ETF,Y
3753,JTNY,JPMorgan New York Tax Free Bond ETF,Y
3754,JUCY,Aptus Enhanced Yield ETF,Y
3755,JUDB,Aptus July Deep Buffer ETF,Y
3756,JUDO,Janus Henderson U.S. Equity Enhanced Income ETF,Y
3757,JULB,Aptus July Buffer ETF,Y
3758,JULC,Corgi U.S. Equities 10% Structured Buffer ETF - July Series,Y
3759,JULH,Innovator Premium Income 20 Barrier ETF - July,Y
3760,JULI,AllianzIM International Equity Buffer15 Uncapped Jul ETF,Y
3761,JULJ,Innovator Premium Income 30 Barrier ETF - July,Y
3762,JULM,FT Vest U.S. Equity Max Buffer ETF - July,Y
3763,JULP,PGIM S&P 500 Buffer 12 ETF - July,Y
3764,JULT,AllianzIM U.S. Large Cap Buffer10 Jul ETF,Y
3765,JULU,AllianzIM U.S. Equity Buffer15 Uncapped Jul ETF,Y
3766,JULW,AllianzIM U.S. Large Cap Buffer20 Jul ETF,Y
3767,JULZ,TrueShares Structured Outcome (July) ETF,Y
3768,JUNC,Corgi U.S. Equities 10% Structured Buffer ETF - June Series,Y
3769,JUNM,FT Vest U.S. Equity Max Buffer ETF - June,Y
3770,JUNP,PGIM S&P 500 Buffer 12 ETF - June,Y
3771,JUNT,AllianzIM U.S. Large Cap Buffer10 Jun ETF,Y
3772,JUNW,AllianzIM U.S. Large Cap Buffer20 Jun ETF,Y
3773,JUNZ,TrueShares Structured Outcome (June) ETF,Y
3774,JUSA,JPMorgan U.S. Research Enhanced Large Cap ETF,Y
3775,JUST,Goldman Sachs JUST U.S. Large Cap Equity ETF,Y
3776,JVAL,JPMorgan U.S. Value Factor ETF,Y
3777,JXI,iShares Global Utilities ETF,Y
3778,JXN,Jackson Financial Inc. Class A Common Stock ,N
3779,JXN$A,"Jackson Financial Inc. Depositary Shares, each representing a 1/1,000th interest in a share of Fixed-Rate Reset Noncumulative Perpetual Preferred Stock, Series A",N
3780,JXX,Janus Henderson Transformational Growth ETF,Y
3781,KAI,Kadant Inc Common Stock,N
3782,KAIT,KraneShares Asia AI Technology ETF,Y
3783,KAMO,Kensington Credit Opportunities ETF,Y
3784,KAPA,"Kairos Pharma, Ltd. Common Stock",N
3785,KAPR,Innovator U.S. Small Cap Power Buffer ETF - April,Y
3786,KARS,KraneShares Electric Vehicles and Future Mobility Index ETF,Y
3787,KAUG,Innovator US Small Cap Power Buffer ETF - August,Y
3788,KB,KB Financial Group Inc,N
3789,KBA,KraneShares Bosera MSCI China A 50 Connect Index ETF,Y
3790,KBDC,"Kayne Anderson BDC, Inc. Common Stock",N
3791,KBE,State Street SPDR S&P Bank ETF,Y
3792,KBFR,Innovator U.S. Small Cap Managed 10 Buffer ETF,Y
3793,KBH,KB Home Common Stock,N
3794,KBR,"KBR, Inc. Common Stock",N
3795,KBUF,KraneShares 90% KWEB Defined Outcome January 2027 ETF,Y
3796,KCA.U,"Kensington Capital Acquisition Corp. VI New Units, each consisting of one Class A Ordinary Share and three-quarters of one Class 2 Redeemable Warrant",N
3797,KCAC.U,"Kensington Capital Acquisition Corp. VI Units, each consisting of one Class A ordinary share, one-quarter of one Class 1 redeemable warrant and three-quarters of one Class 2 redeemable warrant",N
3798,KCAC.W,"Kensington Capital Acquisition Corp. VI Class 1 redeemable warrants, each exercisable for one Class A ordinary share at an exercise price of $11.50",N
3799,KCAI,KraneShares China Alpha Index ETF,Y
3800,KCCA,KraneShares California Carbon Allowance Strategy ETF,Y
3801,KCE,State Street SPDR S&P Capital Markets ETF,Y
3802,KCOP,Kurv Copper & Mining Enhanced Income ETF,Y
3803,KCSH,KraneShares Sustainable Ultra Short Duration Index ETF,Y
3804,KD,"Kyndryl Holdings, Inc. Common Stock",N
3805,KDEC,Innovator U.S. Small Cap Power Buffer ETF - December,Y
3806,KDEF,PLUS Korea Defense Industry Index ETF,Y
3807,KDRN,Kingsbarn Tactical Bond ETF,Y
3808,KDVD,Keeley Dividend ETF,Y
3809,KEEX,Defiance Daily Target 2x Long KEEL ETF,Y
3810,KEMQ,KraneShares Public-Private Emerging Markets Internet and Technology ETF,Y
3811,KEMX,KraneShares MSCI Emerging Markets ex China Index ETF,Y
3812,KEN,Kenon Holdings Ltd. Ordinary Shares,N
3813,KEO,Kurv Equity Option Income ETF,Y
3814,KEP,Korea Electric Power Corporation Common Stock,N
3815,KEX,Kirby Corporation Common Stock,N
3816,KEY,KeyCorp Common Stock,N
3817,KEY$I,"KeyCorp Depositary Shares Each Representing a 1/40th Ownership Interest in a Share of Fixed-to-Floating Rate Perpetual Non-Cumulative Preferred Stock, Series E",N
3818,KEY$J,"KeyCorp Depositary Shares each representing a 1/40th ownership interest in a share of Fixed Rate Perpetual Non-Cumulative Preferred Stock, Series F",N
3819,KEY$K,"KeyCorp Depositary Shares, each representing a 1/40th ownership interest in a share of Fixed Rate Perpetual Non-Cumulative Preferred Stock, Series G",N
3820,KEY$L,"KeyCorp Depositary Shares each representing a 1/40th ownership interest in a share of Fixed Rate Perpetual Non-Cumulative Preferred Stock, Series H",N
3821,KEYG,Leverage Shares 2X Long KEYS Daily ETF,Y
3822,KEYS,Keysight Technologies Inc. Common Stock,N
3823,KEYX,Corgi KEYS 2x Daily ETF,Y
3824,KF,"Korea Fund, Inc. (The) New Common Stock",N
3825,KFEB,Innovator U.S. Small Cap Power Buffer ETF - February,Y
3826,KFRC,"Kforce, Inc. Common Stock",N
3827,KFY,Korn Ferry Common Stock,N
3828,KGC,Kinross Gold Corporation Common Stock,N
3829,KGLD,Kurv Gold Enhanced Income ETF,Y
3830,KGRN,KraneShares MSCI China Clean Technology Index ETF,Y
3831,KGS,"Kodiak Gas Services, Inc. Common Stock",N
3832,KHPI,Kensington Hedged Premium Income ETF,Y
3833,KHYB,KraneShares Asia Pacific High Income USD Bond ETF,Y
3834,KIE,State Street SPDR S&P Insurance ETF,Y
3835,KIM,Kimco Realty Corporation (HC) Common Stock,N
3836,KIM$L,"Kimco Realty Corporation Class L Depositary Shares, each of which represents a one-one thousandth fractional interest in a share of 5.125% Class L Cumulative Redeemable Preferred Stock, liquidation preference $25,000.00 per share",N
3837,KIM$M,"Kimco Realty Corporation Class M Depositary Shares, each of which represents a one-one thousandth fractional interest in a share of 5.25% Class M Cumulative Redeemable Preferred Stock, liquidation preference $25,000.00 per share",N
3838,KIM$N,"Kimco Realty Corporation Depositary Shares, each representing 1/1,000th interest in a share of 7.25% Class N Cumulative Convertible Perpetual Preferred Stock",N
3839,KIO,KKR Income Opportunities Fund Common Shares,N
3840,KJAN,Innovator U.S. Small Cap Power Buffer ETF - January,Y
3841,KJUL,Innovator U.S. Small Cap Power Buffer ETF - July,Y
3842,KJUN,Innovator U.S. Small Cap Power Buffer ETF - June,Y
3843,KKR,KKR & Co. Inc. Common Stock,N
3844,KKR$D,KKR & Co. Inc. 6.25% Series D Mandatory Convertible Preferred Stock,N
3845,KKRS,KKR Group Finance Co. IX LLC 4.625% Subordinated Notes due 2061,N
3846,KKRT,KKR & Co. Inc. 6.875% Subordinated Notes due 2065,N
3847,KLAR,Klarna Group plc Ordinary Shares,N
3848,KLC,"KinderCare Learning Companies, Inc. Common Stock",N
3849,KLIP,KraneShares KWEB Covered Call Strategy ETF,Y
3850,KLMN,Invesco MSCI North America Climate ETF,Y
3851,KLMT,Invesco MSCI Global Climate 500 ETF,Y
3852,KMAR,Innovator U.S. Small Cap Power Buffer ETF - March,Y
3853,KMAY,Innovator U.S. Small Cap Power Buffer ETF - May,Y
3854,KMCA,PLUS Korea Manufacturing Core Alliance Index ETF,Y
3855,KMEM,Kurv Memory Select ETF,Y
3856,KMI,"Kinder Morgan, Inc. Common Stock",N
3857,KMID,Virtus KAR Mid-Cap ETF,Y
3858,KMLM,KraneShares Mount Lucas Managed Futures Index Strategy ETF,Y
3859,KMPB,Kemper Corporation 5.875% Fixed-Rate Reset Junior Subordinated Debentures due 2062,N
3860,KMPR,Kemper Corporation,N
3861,KMT,Kennametal Inc. Common Stock,N
3862,KMX,CarMax Inc,N
3863,KN,Knowles Corporation Common Stock,N
3864,KNCT,Invesco Next Gen Connectivity ETF,Y
3865,KNF,Knife Riv Holding Co. Common Stock,N
3866,KNG,FT Vest S&P 500 Dividend Aristocrats Target Income ETF,Y
3867,KNO,AXS Knowledge Leaders ETF,Y
3868,KNOP,KNOT Offshore Partners LP Common Units representing Limited Partner Interests,N
3869,KNOV,Innovator U.S. Small Cap Power Buffer ETF - November,Y
3870,KNOW,Fundamentals First ETF,Y
3871,KNRG,Simplify Kayne Anderson Energy and Infrastructure Credit ETF,Y
3872,KNRX,KNOREX LTD. Class A Ordinary Shares,N
3873,KNSL,"Kinsale Capital Group, Inc. Common Stock",N
3874,KNTK,Kinetik Holdings Inc. Class A Common Stock,N
3875,KNX,Knight-Swift Transportation Holdings Inc.,N
3876,KO,Coca-Cola Company (The) Common Stock,N
3877,KOCT,Innovator U.S. Small Cap Power Buffer ETF - October,Y
3878,KODK,Eastman Kodak Company Common New,N
3879,KOF,"Coca Cola Femsa S.A.B. de C.V.  American Depositary Shares, each representing 10 Units (each Unit consists of 3 Series B Shares and 5 Series L Shares)",N
3880,KOKU,Xtrackers MSCI Kokusai Equity ETF,Y
3881,KOLD,ProShares UltraShort Bloomberg Natural Gas,Y
3882,KOMP,State Street SPDR S&P Kensho New Economies Composite ETF,Y
3883,KONG,Formidable Fortress ETF,Y
3884,KOOL,North Shore Equity Rotation ETF,Y
3885,KOP,Koppers Holdings Inc. Common Stock,N
3886,KORP,American Century Diversified Corporate Bond ETF,Y
3887,KORU,Direxion Daily South Korea Bull 3X ETF,Y
3888,KOS,Kosmos Energy Ltd. Common Shares (DE),N
3889,KPET,KPET Ultra Paceline Corporation Class A Ordinary Shares,N
3890,KPET.U,"KPET Ultra Paceline Corporation Units, each consisting of one Class A Ordinary Share and one-sixth of one Warrant",N
3891,KPET.W,"KPET Ultra Paceline Corporation Warrants, each whole warrant exercisable for one Class A ordinary share at an exercise price of $11.50 per share",N
3892,KPHO,KraneShares Dragon Capital Growth of Vietnam Index ETF,Y
3893,KPRO,KraneShares 100% KWEB Defined Outcome January 2027 ETF,Y
3894,KR,Kroger Company (The) Common Stock,N
3895,KRBN,KraneShares Global Carbon Strategy ETF,Y
3896,KRC,Kilroy Realty Corporation Common Stock,N
3897,KRE,State Street SPDR S&P Regional Banking ETF,Y
3898,KREF,KKR Real Estate Finance Trust Inc. Common Stock,N
3899,KREF$A,KKR Real Estate Finance Trust Inc. 6.50% Series A Cumulative Redeemable Preferred Stock,N
3900,KRG,Kite Realty Group Trust Common Stock,N
3901,KRMN,Karman Holdings Inc. Common Stock,N
3902,KRO,Kronos Worldwide Inc Common Stock,N
3903,KRP,Kimbell Royalty Partners Common Units Representing Limited Partner Interests,N
3904,KRSP,Rice Acquisition Corporation 3 Class A Ordinary Shares,N
3905,KRSP.U,"Rice Acquisition Corporation 3 Units, each consisting of one Class A ordinary share, and one-sixth of one redeemable warrant",N
3906,KRSP.W,"Rice Acquisition Corporation 3 Redeemable warrants, each whole warrant exercisable for one Class A ordinary share at an exercise price of $11.50",N
3907,KRWX,Corgi South Korea 2x Daily ETF,Y
3908,KRYP,ProShares CoinDesk 20 Crypto ETF,Y
3909,KSA,iShares MSCI Saudi Arabia ETF,Y
3910,KSEP,Innovator U.S. Small Cap Power Buffer ETF - September,Y
3911,KSLV,Kurv Silver Enhanced Income ETF,Y
3912,KSPY,KraneShares Hedgeye Hedged Equity Index ETF,Y
3913,KSS,Kohl's Corporation Common Stock,N
3914,KSTR,KraneShares China Technology & Semiconductor STAR 50 Index ETF,Y
3915,KT,KT Corporation Common Stock,N
3916,KTB,"Kontoor Brands, Inc. Common Stock ",N
3917,KTEC,KraneShares Hang Seng TECH Index ETF,Y
3918,KTF,DWS Municipal Income Trust,N
3919,KTH,Structures Products Cp 8% CorTS Issued by Peco Energy Cap Tr II Preferred Stock,N
3920,KTN,Structured Products Corp 8.205% CorTS 8.205% Corporate Backed Trust Securities (CorTS),N
3921,KTUP,T-REX 2X Long KTOS Daily Target ETF,Y
3922,KULR,"KULR Technology Group, Inc. Common Stock",N
3923,KURE,KraneShares MSCI All China Health Care Index ETF,Y
3924,KVLE,KraneShares Value Line Dynamic Dividend Equity Index ETF,Y
3925,KVUE,Kenvue Inc. Common Stock,N
3926,KVYO,"Klaviyo, Inc. Series A Common Stock",N
3927,KWEB,KraneShares CSI China Internet ETF,Y
3928,KWH,GMO Power Infrastructure ETF,Y
3929,KWIN,KraneShares Wahed Alternative Income Index ETF,Y
3930,KWR,Quaker Houghton Common Stock,N
3931,KWT,iShares MSCI Kuwait ETF,Y
3932,KWY,Kingsway Corporation Common Stock,N
3933,KXI,iShares Global Consumer Staples ETF,Y
3934,KYC,Corgi Digital Banking & Fintech Infrastructure ETF,Y
3935,KYLD,Kurv High Income ETF,Y
3936,KYN,"Kayne Anderson Energy Infrastructure Fund, Inc.",N
3937,L,Loews Corporation Common Stock,N
3938,LABD,Direxion Daily S&P Biotech Bear 3X ETF,Y
3939,LABU,Direxion Daily S&P Biotech Bull 3X ETF,Y
3940,LABX,Tradr 2X Long ALAB Daily ETF,Y
3941,LAC,Lithium Americas Corp. Common Shares,N
3942,LAD,"Lithia Motors, Inc. Common Stock",N
3943,LADM,Pacer Swan SOS Laddered Moderate ETF,Y
3944,LADR,Ladder Capital Corp Class A Common Stock,N
3945,LALT,First Trust Multi-Strategy Alternative ETF,Y
3946,LANV,Lanvin Group Holdings Limited Ordinary Shares,N
3947,LAPR,Innovator Premium Income 15 Buffer ETF - April,Y
3948,LAR,Lithium Argentina AG Common Shares,N
3949,LASC,Corgi LASR 2x Daily ETF,Y
3950,LATR,Corgi Buy Now Pay Later ETF,Y
3951,LAW,"CS Disco, Inc. Common Stock",N
3952,LAZ,"Lazard, Inc. Common Stock",N
3953,LAZR,Tema Photonics & Optical ETF,Y
3954,LB,LandBridge Company LLC Class A Shares Representing Limited Liability Company Interests,N
3955,LBAY,Leatherback Long/Short Alternative Yield ETF,Y
3956,LBO,WHITEWOLF Publicly Listed Private Equity ETF,Y
3957,LBRT,Liberty Energy Inc. Class A common stock,N
3958,LCAP,Principal Capital Appreciation Select ETF,Y
3959,LCF,Touchstone US Large Cap Focused ETF,Y
3960,LCII,LCI Industries,N
3961,LCLG,Logan Capital Broad Innovative Growth ETF,Y
3962,LCLN,"Lincoln International, Inc. Class A Common Stock",N
3963,LCO,LOGIQ Contrarian Opportunities ETF,Y
3964,LCOW,Pacer S&P 500 Quality FCF Aristocrats ETF,Y
3965,LCR,Leuthold Core ETF,Y
3966,LCTD,iShares World ex U.S. Carbon Transition Readiness Aware Active ETF,Y
3967,LCTO,Kurv U.S. Large Cap TaxOptimized ETF,Y
3968,LCTU,iShares U.S. Carbon Transition Readiness Aware Active ETF,Y
3969,LCTX,"Lineage Cell Therapeutics, Inc. Common Stock",N
3970,LDDR,LifeX 2035 Income Bucket ETF,Y
3971,LDI,"loanDepot, Inc. Class A Common Stock",N
3972,LDOS,"Leidos Holdings, Inc. Common Stock",N
3973,LDP,"Cohen & Steers Limited Duration Preferred and Income Fund, Inc.",N
3974,LDRC,iShares iBonds 1-5 Year Corporate Ladder ETF,Y
3975,LDRH,iShares iBonds 1-5 Year High Yield and Income Ladder ETF,Y
3976,LDRI,iShares iBonds 1-5 Year TIPS Ladder ETF,Y
3977,LDRT,iShares iBonds 1-5 Year Treasury Ladder ETF,Y
3978,LDUR,PIMCO Enhanced Low Duration Active Exchange-Traded Fund,Y
3979,LEA,Lear Corporation Common Stock,N
3980,LEG,"Leggett & Platt, Incorporated Common Stock",N
3981,LEGO,Legato Merger Corp. IV Ordinary Shares,N
3982,LEGO.U,"Legato Merger Corp. IV Units, each consisting of one ordinary share and one-third of one redeemable warrant",N
3983,LEGO.W,"Legato Merger Corp. IV Redeemable Warrants, each whole warrant exercisable to purchase one ordinary share at an exercise price of $11.50 per share",N
3984,LEMB,iShares J.P. Morgan EM Local Currency Bond,Y
3985,LEN,Lennar Corporation Class A Common Stock,N
3986,LEN.B,Lennar Corporation Class B,N
3987,LENS,Sarmaya Thematic ETF,Y
3988,LEO,"BNY Mellon Strategic Municipals, Inc. Common Stock",N
3989,LEU,Centrus Energy Corp. Class A Common Stock,N
3990,LEUX,Tradr 2X Long LEU Daily ETF,Y
3991,LEVI,Levi Strauss & Co Class A Common Stock,N
3992,LFAI,LifeX 2050 Longevity Income ETF,Y
3993,LFAO,LifeX 2055 Longevity Income ETF,Y
3994,LFAW,LifeX 2060 Longevity Income ETF,Y
3995,LFBE,LifeX 2065 Longevity Income ETF,Y
3996,LFDR,LifeX Durable Income ETF,Y
3997,LFEQ,VanEck Long/Flat Trend ETF,Y
3998,LFGY,YieldMax Crypto Industry & Tech Portfolio Option Income ETF,Y
3999,LFT,"Lument Finance Trust, Inc. Common Stock",N
4000,LFT$A,"Lument Finance Trust, Inc. 7.875% Series A Cumulative Redeemable Preferred Stock",N
4001,LGCY,Legacy Education Inc. Common Stock,N
4002,LGDX,Intech S&P Large Cap Diversified Alpha ETF,Y
4003,LGH,HCM Defender 500 Index ETF,Y
4004,LGHT,Langar Global HealthTech ETF,Y
4005,LGI,Lazard Global Total Return and Income Fund Common Stock,N
4006,LGL,"LGL Group, Inc. (The) Common Stock",N
4007,LGLV,State Street SPDR US Large Cap Low Volatility Index ETF,Y
4008,LGOV,First Trust Long Duration Opportunities ETF,Y
4009,LGPS,LogProstyle Inc. Common Shares,N
4010,LH,Labcorp Holdings Inc. Common Stock,N
4011,LHX,"L3Harris Technologies, Inc. Common Stock",N
4012,LIAE,LifeX 2050 Inflation-Protected Longevity Income ETF,Y
4013,LIAM,LifeX 2055 Inflation-Protected Longevity Income ETF,Y
4014,LIAU,LifeX 2060 Inflation-Protected Longevity Income ETF,Y
4015,LIBD,LifeX 2065 Inflation-Protected Longevity Income ETF,Y
4016,LIFT,LifeX 2028 Income Bucket ETF,Y
4017,LII,"Lennox International, Inc. Common Stock",N
4018,LIMI,Themes Lithium & Battery Metal Miners ETF,Y
4019,LION,Lionsgate Studios Corp Common Shares,N
4020,LIT,Global X Lithium & Battery Tech ETF,Y
4021,LITB,"LightInTheBox Holding Co., Ltd. American Depositary Shares, each representing twelve ordinary shares",N
4022,LITC,Corgi LITE 2x Daily ETF,Y
4023,LITG,Leverage Shares 2X Long LITE Daily ETF,Y
4024,LITL,Simplify Piper Sandler US Small-Cap PLUS Income ETF,Y
4025,LITU,T-REX 2X Long LITE Daily Target ETF,Y
4026,LITX,Tradr 2X Long LITE Daily ETF,Y
4027,LITZ,Tradr 2X Short LITE Daily ETF,Y
4028,LJAN,Innovator Premium Income 15 Buffer ETF - January,Y
4029,LJUL,Innovator Premium Income 15 Buffer ETF - July,Y
4030,LKOR,Northern Trust Credit-Scored US Long Corporate Bond ETF,Y
4031,LLDR,Global X Long-Term Treasury Ladder ETF,Y
4032,LLY,Eli Lilly and Company Common Stock,N
4033,LLYX,Defiance Daily Target 2X Long LLY ETF,Y
4034,LMND,"Lemonade, Inc. Common Stock",N
4035,LMT,Lockheed Martin Corporation Common Stock,N
4036,LMUB,iShares Long-Term National Muni Bond ETF,Y
4037,LNC,Lincoln National Corporation Common Stock,N
4038,LNC$D,"Lincoln National Corporation Depositary Shares Each Representing a 1/1,000th Interest in a Share of 9.000% Non-Cumulative Preferred Stock, Series D",N
4039,LND,Brasilagro Brazilian Agric Real Estate Co Sponsored ADR (Brazil),N
4040,LNG,"Cheniere Energy, Inc. Common Stock",N
4041,LNGX,Global X U.S. Natural Gas ETF,Y
4042,LNN,Lindsay Corporation Common Stock,N
4043,LNOK,Defiance Daily Target 2X Long NOK ETF,Y
4044,LOAR,Loar Holdings Inc. Common Stock,N
4045,LOB,"Live Oak Bancshares, Inc. Common Stock",N
4046,LOB$A,"Live Oak Bancshares, Inc. Depositary Shares, Each Representing a 1/40th Interest in a Share of 8.375% Fixed Rate Series A Non-Cumulative Perpetual Preferred Stock",N
4047,LOCL,Local Bounti Corporation Common Stock,N
4048,LOCT,Innovator Premium Income 15 Buffer ETF - October,Y
4049,LODE,Comstock Inc. Common Stock,N
4050,LODI,AAM SLC Low Duration Income ETF,Y
4051,LOEV,Harding Loevner International Developed Markets Select Equity ETF,Y
4052,LOFD,Direxion Daily SpaceX Bear 2X ETF,Y
4053,LOFF,Direxion Daily SpaceX Bull 2X ETF,Y
4054,LOHA,Roundhill HALO ETF,Y
4055,LOMA,Loma Negra Compania Industrial Argentina Sociedad Anonima ADS,N
4056,LONZ,PIMCO Senior Loan Active Exchange-Traded Fund,Y
4057,LOPP,Gabelli Love Our Planet & People ETF Gabelli Love Our Planet & People ETF,Y
4058,LOUP,Innovator Deepwater Frontier Tech ETF,Y
4059,LOW,"Lowe's Companies, Inc. Common Stock",N
4060,LOWV,AB US Low Volatility Equity ETF,Y
4061,LPA,Logistic Properties of the Americas Ordinary Shares,N
4062,LPG,Dorian LPG Ltd. Common Stock,N
4063,LPL,"LG Display Co, Ltd AMERICAN DEPOSITORY SHARES",N
4064,LPRE,Long Pond Real Estate Select ETF,Y
4065,LPX,Louisiana-Pacific Corporation Common Stock,N
4066,LQAI,LG QRAFT AI-Powered U.S. Large Cap Core ETF,Y
4067,LQD,iShares iBoxx $ Investment Grade Corporate Bond ETF,Y
4068,LQDB,iShares BBB Rated Corporate Bond ETF,Y
4069,LQDD,MicroSectors -3x Short Investment Grade Corporate Bond (LQD) ETNs,Y
4070,LQDH,iShares Interest Rate Hedged Corporate Bond ETF,Y
4071,LQDI,iShares Inflation Hedged Corporate Bond ETF,Y
4072,LQDM,Amplify LQD Investment Grade 12% Target Income ETF,Y
4073,LQDU,MicroSectors 3x Long Investment Grade Corporate Bond (LQD) ETNs,Y
4074,LQDW,iShares Investment Grade Corporate Bond BuyWrite Strategy ETF,Y
4075,LQID,Kurv Enhanced Short Maturity ETF,Y
4076,LQTI,FT Vest Investment Grade & Target Income ETF,Y
4077,LRCC,Corgi LRCX 2x Daily ETF,Y
4078,LRCU,Tradr 2X Long LRCX Daily ETF,Y
4079,LRGC,AB US Large Cap Strategic Equities ETF,Y
4080,LRGF,iShares U.S. Equity Factor ETF,Y
4081,LRGG,Nomura Focused Large Growth ETF,Y
4082,LRN,"Stride, Inc. Common Stock",N
4083,LRNX,Corgi LRN 2x Daily ETF,Y
4084,LRNZ,"TrueShares Technology, AI & Deep Learning ETF",Y
4085,LSAF,LeaderShares AlphaFactor US Core Equity ETF,Y
4086,LSAT,LeaderShares AlphaFactor Tactical Focused ETF,Y
4087,LSCP,Natixis Loomis Sayles Dynamic Core Plus ETF,Y
4088,LSEQ,Harbor Long-Short Equity ETF,Y
4089,LSF,"Laird Superfood, Inc. Common Stock",N
4090,LSGR,Natixis Loomis Sayles Focused Growth ETF,Y
4091,LSPD,Lightspeed Commerce Inc. Subordinate Voting Shares,N
4092,LST,Leuthold Select Industries ETF,Y
4093,LSTB,Natixis Loomis Sayles Total Return Bond ETF,Y
4094,LSVD,LSV Disciplined Value ETF,Y
4095,LTAX,Nomura Tax-Free USA ETF,Y
4096,LTC,"LTC Properties, Inc. Common Stock",N
4097,LTH,"Life Time Group Holdings, Inc. Common Stock",N
4098,LTL,ProShares Ultra Communication Services,Y
4099,LTM,"LATAM Airlines Group S.A. American Depositary Shares (each representing two thousand (2,000) shares of Common Stock)",N
4100,LTPZ,Pimco 15  Year U.S. TIPS Index Exchange-Traded Fund,Y
4101,LTTI,FT Vest 20+ Year Treasury & Target Income ETF,Y
4102,LU,"Lufax Holding Ltd American Depositary Shares, each representing two (2) Ordinary Shares",N
4103,LUCK,Lucky Strike Entertainment Corporation Class A Common Stock,N
4104,LUD,Luda Technology Group Limited Ordinary Shares,N
4105,LUMA,KraneShares Photonic and Optical ETF,Y
4106,LUMN,"Lumen Technologies, Inc. Common Stock",N
4107,LUNL,Defiance Daily Target 2X Long LUNR ETF,Y
4108,LUV,Southwest Airlines Company Common Stock,N
4109,LUXE,"LuxExperience B.V. American Depositary Shares, each representing one Ordinary Share",N
4110,LVHI,Franklin International Low Volatility High Dividend Index ETF,Y
4111,LVLN,State Street SPDR S&P Leveraged Loan ETF,Y
4112,LVS,Las Vegas Sands Corp. Common Stock,N
4113,LVWR,"LiveWire Group, Inc. Common Stock",N
4114,LVWR.W,"LiveWire Group, Inc. Warrants, each exercisable for one share of Common Stock at an exercise price of $11.50 per share",N
4115,LW,"Lamb Weston Holdings, Inc. Common Stock ",N
4116,LWLX,Tradr 2X Long LWLG Daily ETF,Y
4117,LXFR,Luxfer Holdings PLC Ordinary Shares,N
4118,LXP,LXP Industrial Trust Common Stock (Maryland REIT),N
4119,LXP$C,LXP Industrial Trust 6.5% Series C Cumulative Convertible Preferred Stock,N
4120,LXU,"LSB Industries, Inc. Common Stock",N
4121,LYB,LyondellBasell Industries NV Ordinary Shares Class A (Netherlands),N
4122,LYG,Lloyds Banking Group Plc American Depositary Shares,N
4123,LYLD,Cambria Large Cap Shareholder Yield ETF,Y
4124,LYNX,Lyntris Inc. Common Stock,N
4125,LYTE,Roundhill Photonics & Optics ETF,Y
4126,LYV,"Live Nation Entertainment, Inc. Common Stock",N
4127,LZB,La-Z-Boy Incorporated Common Stock,N
4128,LZM,Lifezone Metals Limited Ordinary Shares,N
4129,LZM.W,Lifezone Metals Limited Warrants,N
4130,M,Macy's Inc Common Stock,N
4131,MA,Mastercard Incorporated Common Stock,N
4132,MAA,"Mid-America Apartment Communities, Inc. Common Stock",N
4133,MAA$I,"Mid-America Apartment Communities, Inc. 8.50% Series I Cumulative Redeemable Preferred Stock",N
4134,MAC,Macerich Company (The) Common Stock,N
4135,MADE,iShares U.S. Manufacturing ETF,Y
4136,MAGA,Truth Social America First ETF,Y
4137,MAGC,Roundhill China Magnificent Seven ETF,Y
4138,MAGG,Madison Aggregate Bond ETF,Y
4139,MAGN,Magnera Corporation Common Stock,N
4140,MAGS,Roundhill Magnificent Seven ETF,Y
4141,MAGX,Roundhill Daily 2X Long Magnificent Seven ETF,Y
4142,MAGY,Roundhill Magnificent Seven Covered Call ETF,Y
4143,MAIA,"MAIA Biotechnology, Inc. Common Stock",N
4144,MAIN,Main Street Capital Corporation Common Stock,N
4145,MAIR,Madison Air Solutions Corporation Class A Common Stock,N
4146,MAKX,ProShares S&P Kensho Smart Factories ETF,Y
4147,MAMB,Monarch Ambassador Income Index ETF,Y
4148,MAN,ManpowerGroup Common Stock,N
4149,MANE,"Veradermics, Incorporated Common Stock",N
4150,MANI,Man Active Income ETF,Y
4151,MANU,Manchester United Ltd. Class A Ordinary Shares,N
4152,MAPP,Harbor Multi-Asset Explorer ETF,Y
4153,MARM,FT Vest U.S. Equity Max Buffer ETF - March,Y
4154,MARO,YieldMax MARA Option Income Strategy ETF,Y
4155,MARS,Roundhill Space & Technology ETF,Y
4156,MART,AllianzIM U.S. Large Cap Buffer10 Mar ETF,Y
4157,MARU,AllianzIM U.S. Equity Buffer15 Uncapped Mar ETF,Y
4158,MARW,AllianzIM U.S. Large Cap Buffer20 Mar ETF,Y
4159,MARZ,TrueShares Structured Outcome (March) ETF,Y
4160,MAS,Masco Corporation Common Stock,N
4161,MATV,"Mativ Holdings, Inc. Common Stock",N
4162,MATX,"Matson, Inc. Common Stock",N
4163,MAUG,Pacer Swan SOS Moderate (August) ETF,Y
4164,MAVF,Matrix Advisors Value ETF,Y
4165,MAX,"MediaAlpha, Inc. Class A Common Stock",N
4166,MAXJ,iShares Large Cap Max Buffer Jun ETF,Y
4167,MAYC,Corgi U.S. Equities 10% Structured Buffer ETF - May Series,Y
4168,MAYM,FT Vest U.S. Equity Max Buffer ETF - May,Y
4169,MAYP,PGIM S&P 500 Buffer 12 ETF - May,Y
4170,MAYT,AllianzIM U.S. Large Cap Buffer10 May ETF,Y
4171,MAYU,AllianzIM U.S. Equity Buffer15 Uncapped May ETF,Y
4172,MAYW,AllianzIM U.S. Large Cap Buffer20 May ETF,Y
4173,MAYZ,TrueShares Structured Outcome (May) ETF,Y
4174,MBBA,iShares Mortgage-Backed Securities Active ETF,Y
4175,MBBB,VanEck Moody's Analytics BBB Corporate Bond ETF,Y
4176,MBC,"MasterBrand, Inc. Common Stock",N
4177,MBCE,Monarch Blue Chips Elite Index ETF,Y
4178,MBGL,Mobility Global Inc. Common Stock,N
4179,MBI,MBIA Inc. Common Stock,N
4180,MBND,State Street Nuveen Municipal Bond ETF,Y
4181,MBOX,Freedom Day Dividend ETF,Y
4182,MBSD,Northern Trust Disciplined Duration MBS ETF,Y
4183,MBSF,Regan Floating Rate MBS ETF,Y
4184,MBSX,Regan Fixed Rate MBS ETF,Y
4185,MC,Moelis & Company Class A Common Stock,N
4186,MCB,Metropolitan Bank Holding Corp. Common Stock,N
4187,MCD,McDonald's Corporation Common Stock,N
4188,MCH,Matthews China Active ETF,Y
4189,MCHG,Leverage Shares 2X Long MCHP Daily ETF,Y
4190,MCHU,Tradr 2X Long MCHP Daily ETF,Y
4191,MCI,Barings Corporate Investors Common Stock,N
4192,MCK,McKesson Corporation Common Stock,N
4193,MCN,XAI Madison Equity Premium Income Fund Common Shares,N
4194,MCO,Moody's Corporation Common Stock,N
4195,MCOW,Pacer S&P MidCap 400 Quality FCF Aristocrats ETF,Y
4196,MCRP,Micropolis AI Robotics Ordinary Shares,N
4197,MCS,Marcus Corporation (The) Common Stock,N
4198,MCVT,Miller Convertible Total Return ETF,Y
4199,MCY,Mercury General Corporation Common Stock,N
4200,MD,"Pediatrix Medical Group, Inc. Common Stock",N
4201,MDA,MDA Space Ltd. Common Shares,N
4202,MDAA,Myriad Dynamic Asset Allocation ETF,Y
4203,MDCR,Pacer Swan SOS Moderate December ETF,Y
4204,MDEV,First Trust Indxx Medical Devices ETF,Y
4205,MDLV,Morgan Dempsey Large Cap Value ETF,Y
4206,MDPL,Monarch Dividend Plus Index ETF,Y
4207,MDST,Westwood Salient Enhanced Midstream Income ETF,Y
4208,MDT,Medtronic plc. Ordinary Shares,N
4209,MDU,"MDU Resources Group, Inc. Common Stock (Holding Company)",N
4210,MDY,State Street SPDR S&P MIDCAP 400 ETF Trust,Y
4211,MDYG,State Street SPDR S&P 400 Mid Cap Growth ETF,Y
4212,MDYV,State Street SPDR S&P 400 Mid Cap Value ETF,Y
4213,MEAR,iShares Short Maturity Municipal Bond Active ETF,Y
4214,MEC,"Mayville Engineering Company, Inc. Common Stock",N
4215,MED,MEDIFAST INC Common Stock,N
4216,MEDI,Harbor Health Care ETF,Y
4217,MEGI,NYLI CBRE Global Infrastructure Megatrends Term Fund Common Shares,N
4218,MEI,"Methode Electronics, Inc. Common Stock",N
4219,MEIB,Direxion META Defined Income Boost ETF,Y
4220,MEM,Matthews Emerging Markets Equity Active ETF,Y
4221,MEME,Roundhill Meme Stock ETF,Y
4222,MEMX,Matthews Emerging Markets ex China Active ETF,Y
4223,MEMY,Tuttle Capital Meme Stock Income Blast ETF,Y
4224,MER$K,"Bank of America Corporation Income Capital Obligation Notes initially due December 15, 2066",N
4225,MET,"MetLife, Inc. Common Stock",N
4226,MET$A,"MetLife, Inc. Preferred Series A Floating Rate",N
4227,MET$E,"MetLife, Inc. Depositary Shares ",N
4228,MET$F,"MetLife, Inc. Depositary Shares, each representing a 1/1,000th interest in a share of 4.75% Non-Cumulative Preferred Stock, Series F",N
4229,METG,Leverage Shares 2X Long META Daily ETF,Y
4230,METQ,Tradr 2X Short META Daily ETF,Y
4231,METV,Roundhill Ball Metaverse ETF,Y
4232,METW,Roundhill META WeeklyPay ETF,Y
4233,MEXX,Direxion Daily MSCI Mexico Bull 3X ETF,Y
4234,MFA,"MFA Financial, Inc.",N
4235,MFA$B,"MFA Financial, Inc. Preferred Series B",N
4236,MFA$C,"MFA Financial, Inc. 6.50% Series C Fixed-to-Floating Rate Cumulative Redeemable Preferred Stock",N
4237,MFAN,"MFA Financial, Inc. 8.875% Senior Notes due 2029",N
4238,MFAO,"MFA Financial, Inc. 9.000% Senior Notes due 2029",N
4239,MFC,Manulife Financial Corporation Common Stock,N
4240,MFDX,PIMCO RAFI Dynamic Multi-Factor International Equity ETF,Y
4241,MFEB,Pacer Swan SOS Moderate (February) ETF,Y
4242,MFEM,PIMCO RAFI Dynamic Multi-Factor Emerging Markets Equity ETF,Y
4243,MFG,"Mizuho Financial Group, Inc. Sponosred ADR (Japan)",N
4244,MFM,Aberdeen Municipal Income Fund Common Shares of Beneficial Interest,N
4245,MFSB,MFS Active Core Plus Bond ETF,Y
4246,MFSG,MFS Active Growth ETF,Y
4247,MFSI,MFS Active International ETF,Y
4248,MFSM,MFS Active Intermediate Muni Bond ETF,Y
4249,MFSV,MFS Active Value ETF,Y
4250,MFUL,Mindful Conservative ETF,Y
4251,MFUS,PIMCO RAFI Dynamic Multi-Factor U.S. Equity ETF,Y
4252,MFUT,Cambria Chesapeake Pure Trend ETF,Y
4253,MG,Mistras Group Inc Common Stock,N
4254,MGA,"Magna International, Inc. Common Stock",N
4255,MGC,Vanguard Morningstar Mega Cap ETF,Y
4256,MGF,Aberdeen Government Markets Income Fund Common Shares of Beneficial Interest,N
4257,MGK,Vanguard Morningstar Mega Cap Growth ETF,Y
4258,MGKX,Corgi U.S. Mega-Cap Growth 2x Daily ETF,Y
4259,MGLD,"The Marygold Companies, Inc. Common Stock",N
4260,MGM,MGM Resorts International Common Stock,N
4261,MGMT,Ballast Small/Mid Cap ETF,Y
4262,MGNR,American Beacon Select Funds American Beacon GLG Natural Resources ETF,Y
4263,MGOV,First Trust Intermediate Government Opportunities ETF,Y
4264,MGR,"Affiliated Managers Group, Inc. 5.875% Junior Subordinated Notes due 2059",N
4265,MGRB,"Affiliated Managers Group, Inc. 4.750% Junior Subordinated Notes due 2060",N
4266,MGRD,"Affiliated Managers Group, Inc. 4.200% Junior Subordinated Notes due 2061",N
4267,MGRE,"Affiliated Managers Group, Inc. 6.750% Junior Subordinated Notes due 2064",N
4268,MGV,Vanguard Morningstar Mega Cap Value ETF,Y
4269,MGY,Magnolia Oil & Gas Corporation Class A Common Stock,N
4270,MH,"McGraw Hill, Inc. Common Stock",N
4271,MHD,"Blackrock MuniHoldings Fund, Inc. Common Stock",N
4272,MHF,"Western Asset Municipal High Income Fund, Inc. Common Stock",N
4273,MHH,"Mastech Digital, Inc Common Stock",N
4274,MHIG,Milliman Healthcare Inflation Guard ETF,Y
4275,MHIP,Milliman Healthcare Inflation Plus ETF,Y
4276,MHK,"Mohawk Industries, Inc. Common Stock",N
4277,MHLA,"Maiden Holdings, Ltd. 6.625% Notes due 2046",N
4278,MHNC,"Maiden Holdings North America, Ltd. 7.75% Notes due 2043",N
4279,MHO,"M/I Homes, Inc. Common Stock",N
4280,MHX,Corgi MARA 2x Daily ETF,Y
4281,MHY,Man Active High Yield ETF,Y
4282,MI,NFT Limited Class A Ordinary Share,N
4283,MIAX,"Miami International Holdings, Inc. Common Stock",N
4284,MIC,Corgi MU 2x Daily ETF,Y
4285,MICC,The Magnum Ice Cream Company N.V. Ordinary Shares,N
4286,MID,American Century Mid Cap Growth Impact ETF,Y
4287,MIDE,Xtrackers S&P MidCap 400 Scored & Screened ETF,Y
4288,MIDU,Direxion Mid Cap Bull 3X ETF,Y
4289,MIG,VanEck Moody's Analytics IG Corporate Bond ETF,Y
4290,MIGO,MIG Core ETF,Y
4291,MILK,Pacer US Cash Cows Bond ETF,Y
4292,MIN,Aberdeen Intermediate Income Fund Common Shares of Beneficial Interest,N
4293,MINE,Mayfair Gold Corp. Common Shares,N
4294,MINN,Mairs & Power Minnesota Municipal Bond ETF,Y
4295,MINO,PIMCO Municipal Income Opportunities Active Exchange-Traded Fund,Y
4296,MINT,PIMCO Enhanced Short Maturity Active Exchange-Traded Fund,Y
4297,MINV,Matthews Asia Innovators Active ETF,Y
4298,MINY,YieldMax Strategic Metals & Mining Portfolio Option Income ETF,Y
4299,MIR,"Mirion Technologies, Inc. Class A Common Stock",N
4300,MISL,First Trust Indxx Aerospace & Defense ETF,Y
4301,MITN,"TPG Mortgage Investment Trust, Inc. 9.500% Senior Notes due 2029",N
4302,MITP,"TPG Mortgage Investment Trust, Inc. 9.500% Senior Notes due 2029",N
4303,MITQ,"Moving iMage Technologies, Inc. Common Stock",N
4304,MITT,"TPG Mortgage Investment Trust, Inc. Common Stock",N
4305,MITT$A,"TPG Mortgage Investment Trust, Inc. 8.25% Series A Cumulative Redeemable Preferred Stock",N
4306,MITT$B,"TPG Mortgage Investment Trust, Inc. 8.00% Series B Cumulative Redeemable Preferred Stock",N
4307,MITT$C,"TPG Mortgage Investment Trust, Inc. 8.00% Series C Fixed-to-Floating Rate Cumulative Redeemable Preferred Stock, $0.01 par value per share",N
4308,MIVL,MFS Active International Value ETF,Y
4309,MIY,"Blackrock MuniYield Michigan Quality Fund, Inc. Common Stock",N
4310,MJ,Amplify Alternative Harvest ETF,Y
4311,MJSC,MUFG Japan Small Cap Active ETF,Y
4312,MJUN,Pacer Swan SOS Moderate June ETF,Y
4313,MKC,"McCormick & Company, Incorporated Common Stock",N
4314,MKC.V,"McCormick & Company, Incorporated Common Stock",N
4315,MKL,Markel Group Inc. Common Stock,N
4316,MKOR,Matthews Korea Active ETF,Y
4317,MKTN,Federated Hermes MDT Market Neutral ETF,Y
4318,MLDR,Global X Intermediate-Term Treasury Ladder ETF,Y
4319,MLI,"Mueller Industries, Inc. Common Stock",N
4320,MLM,"Martin Marietta Materials, Inc. Common Stock",N
4321,MLN,VanEck Long Muni ETF,Y
4322,MLP,"Maui Land & Pineapple Company, Inc. Common Stock",N
4323,MLPA,Global X MLP ETF,Y
4324,MLPB,"ETRACS Alerian MLP Infrastructure Index ETN Series B due April 2, 2040",N
4325,MLPD,Global X MLP & Energy Infrastructure Covered Call ETF,Y
4326,MLPI,NEOS MLP & Energy Infrastructure High Income ETF,Y
4327,MLPR,ETRACS Quarterly Pay 1.5X Leveraged Alerian MLP Index ETN,Y
4328,MLPX,Global X MLP & Energy Infrastructure ETF,Y
4329,MLR,"Miller Industries, Inc. Common Stock",N
4330,MLSS,"Milestone Scientific, Inc. Common Stock",N
4331,MMA,Mixed Martial Arts Group Limited Ordinary Shares,N
4332,MMAR,Pacer Swan SOS Moderate March ETF,Y
4333,MMAX,iShares Large Cap Max Buffer Mar ETF,Y
4334,MMAY,Pacer Swan SOS Moderate (May) ETF,Y
4335,MMCA,NYLI MacKay California Muni Intermediate ETF,Y
4336,MMD,NYLI MacKay DefinedTerm Muni Opportunities Fund Common Shares,N
4337,MMI,"Marcus & Millichap, Inc. Common Stock",N
4338,MMID,MFS Active Mid Cap ETF,Y
4339,MMIN,NYLI MacKay Muni Insured ETF,Y
4340,MMIT,NYLI MacKay Muni Intermediate ETF,Y
4341,MMK,State Street Prime Money Market ETF,Y
4342,MMKT,Texas Capital Government Money Market ETF,Y
4343,MMM,3M Company Common Stock,N
4344,MMMA,NYLI MacKay Muni Allocation ETF,Y
4345,MMS,"Maximus, Inc. Common Stock",N
4346,MMSC,First Trust Multi-Manager Small Cap Opportunities ETF,Y
4347,MMSD,NYLI MacKay Muni Short Duration ETF,Y
4348,MMT,Aberdeen Multi-Market Income Fund Common Shares of Beneficial Interest,N
4349,MMTM,State Street SPDR S&P 1500 Momentum Tilt ETF,Y
4350,MMU,"Western Asset Managed Municipals Fund, Inc. Common Stock",N
4351,MNA,NYLI Merger Arbitrage ETF,Y
4352,MNBD,ALPS BBH Intermediate Municipal Bond ETF,Y
4353,MNR,Mach Natural Resources LP Common Units representing Limited Partner Interests,N
4354,MNRS,Grayscale Bitcoin Miners ETF,Y
4355,MNSO,"MINISO Group Holding Limited American Depositary Shares, each representing four Ordinary Shares",N
4356,MNSX,Corgi MNST 2x Daily ETF,Y
4357,MNTN,"MNTN, Inc. Class A Common Stock",N
4358,MNVR,Pacer Swan SOS Moderate (November) ETF,Y
4359,MO,"Altria Group, Inc.",N
4360,MOAT,VanEck Morningstar Wide Moat ETF,Y
4361,MOD,Modine Manufacturing Company Common Stock,N
4362,MOG.A,Moog Inc. Class A Common Stock,N
4363,MOG.B,Moog Inc. Class B Common Stock,N
4364,MOGU,MOGU Inc. American Depositary Shares (each  representing 25 Class A Ordinary Shares),N
4365,MOH,Molina Healthcare Inc Common Stock,N
4366,MOO,VanEck Agribusiness ETF,Y
4367,MORT,VanEck Mortgage REIT Income ETF,Y
4368,MOS,Mosaic Company (The) Common Stock,N
4369,MOTG,VanEck Morningstar Global Wide Moat ETF,Y
4370,MOTI,VanEck Morningstar International Moat ETF,Y
4371,MOTO,Guinness Atkinson Smart Transportation & Technology ETF,Y
4372,MOV,Movado Group Inc. Common Stock,N
4373,MP,MP Materials Corp. Common Stock,N
4374,MPA,Blackrock MuniYield Pennsylvania Quality Fund Common Stock,N
4375,MPC,Marathon Petroleum Corporation Common Stock,N
4376,MPDB,m+ DynaBuffer ETF,Y
4377,MPDY,m+ DualYield Autocall ETF,Y
4378,MPIM,m+ Income Momentum Autocall ETF,Y
4379,MPL,Defiance Daily Target 2X Long MP ETF,Y
4380,MPLX,MPLX LP Common Units Representing Limited Partner Interests,N
4381,MPLY,Monopoly ETF,Y
4382,MPRO,Monarch ProCap Index ETF,Y
4383,MPT,"Medical Properties Trust, Inc. common stock",N
4384,MPTI,"M-tron Industries, Inc. Common Stock",N
4385,MPU,Mega Matrix Inc. Class A Ordinary Shares,N
4386,MPV,Barings Participation Investors Common Stock,N
4387,MPWC,Corgi MPWR 2x Daily ETF,Y
4388,MPWX,Tradr 2X Long MPWR Daily ETF,Y
4389,MQY,"Blackrock MuniYield Quality Fund, Inc. Common Stock",N
4390,MRAX,Tradr 2X Long MRAM Daily ETF,Y
4391,MRCP,PGIM S&P 500 Buffer 12 ETF - March,Y
4392,MRGR,ProShares Merger ETF,Y
4393,MRK,"Merck & Company, Inc. Common Stock (new)",N
4394,MRNX,Defiance Daily Target 2X Long MRNA ETF,Y
4395,MRNY,YieldMax MRNA Option Income Strategy ETF,Y
4396,MRP,"Millrose Properties, Inc. Class A Common Stock",N
4397,MRSH,Marsh Common Stock,N
4398,MRSK,Toews Agility Shares Managed Risk ETF,Y
4399,MRT,"Marti Technologies, Inc. Class A Ordinary Shares",N
4400,MRVX,Corgi MRVL 2x Daily ETF,Y
4401,MS,Morgan Stanley Common Stock,N
4402,MS$A,Morgan Stanley Dep Shs repstg 1/1000 Pfd Ser A,N
4403,MS$E,Morgan Stanley DEPOSITARY SHARES REP 1/1000TH SHARES FIXED/FLTG PREFERRED STOCK SERIES E,N
4404,MS$F,Morgan Stanley Dep Shs Rpstg 1/1000th Int Prd Ser F Fxd to Flag,N
4405,MS$I,Morgan Stanley Depository Shares Representing 1/1000th Preferred Series 1 Fixed to Floating Non (Cum),N
4406,MS$K,"Morgan Stanley Depositary Shares, each representing 1/1,000th of a share of Fixed-to-Floating Rate Non-Cumulative Preferred Stock,  Series K",N
4407,MS$L,"Morgan Stanley Depositary Shares, each representing 1/1,000th of a share of 4.875% Non-Cumulative Preferred Stock, Series L",N
4408,MS$O,"Morgan Stanley Depositary Shares, each representing 1/1,000th of a share of 4.250% Non-Cumulative Preferred Stock, Series O",N
4409,MS$P,"Morgan Stanley Depositary Shares, each representing 1/1,000th of a share of 6.500% Non-Cumulative Preferred Stock, Series P",N
4410,MS$Q,"Morgan Stanley Depositary Shares, each representing 1/1,000th of a share of 6.625% Non-Cumulative Preferred Stock, Series Q",N
4411,MSA,MSA Safety Incorporated Common Stock,N
4412,MSB,Mesabi Trust Common Stock,N
4413,MSBT,Common Units of Beneficial Interest of Morgan Stanley Bitcoin Trust,Y
4414,MSC,"Studio City International Holdings Limited American depositary shares, each representing four  Class A ordinary shares",N
4415,MSCI,MSCI Inc. Common Stock,N
4416,MSD,"Morgan Stanley Emerging Markets Debt Fund, Inc. Common Stock",N
4417,MSDL,Morgan Stanley Direct Lending Fund Common Stock,N
4418,MSEP,Pacer Swan SOS Moderate September ETF,Y
4419,MSFC,Corgi MSFT 2x Daily ETF,Y
4420,MSFO,YieldMax MSFT Option Income Strategy ETF,Y
4421,MSFW,Roundhill MSFT WeeklyPay ETF,Y
4422,MSFX,T-Rex 2X Long Microsoft Daily Target ETF,Y
4423,MSFY,Kurv Yield Premium Strategy Microsoft (MSFT) ETF,Y
4424,MSGE,Madison Square Garden Entertainment Corp. Class A Common Stock,N
4425,MSGS,Madison Square Garden Sports Corp. Class A Common Stock (New),N
4426,MSI,"Motorola Solutions, Inc. Common Stock",N
4427,MSIF,"MSC Income Fund, Inc. Common Stock",N
4428,MSIX,Corgi MSI 2x Daily ETF,Y
4429,MSLC,Morgan Stanley Pathway Large Cap Equity ETF,Y
4430,MSM,"MSC Industrial Direct Company, Inc. Common Stock",N
4431,MSMR,McElhenny Sheffield Managed Risk ETF,Y
4432,MSN,Emerson Radio Corporation Common Stock,N
4433,MSOL,Morgan Stanley Solana Trust,Y
4434,MSOS,AdvisorShares Pure US Cannabis ETF,Y
4435,MSOX,AdvisorShares MSOS Daily Leveraged ETF,Y
4436,MSSE,Morgan Stanley Ethereum Trust,Y
4437,MSSM,Morgan Stanley Pathway Small-Mid Cap Equity ETF,Y
4438,MSSS,Monarch Select Subsector Index ETF,Y
4439,MSST,YieldMax MSTR Performance & Distribution Target 25 ETF,Y
4440,MSTB,LHA Market State Tactical Beta ETF,Y
4441,MSTC,Corgi MSTR 2x Daily ETF,Y
4442,MSTI,Madison Short Term Strategic Income ETF,Y
4443,MSTQ,LHA Market State Tactical Q ETF,Y
4444,MSTU,T-Rex 2X Long MSTR Daily Target ETF,Y
4445,MSTW,Roundhill MSTR WeeklyPay ETF,Y
4446,MSTY,YieldMax MSTR Option Income Strategy ETF,Y
4447,MSTZ,T-Rex 2X Inverse MSTR Daily Target ETF,Y
4448,MT,Arcelor Mittal NY Registry Shares NEW,N
4449,MTA,Metalla Royalty & Streaming Ltd. Common Shares,N
4450,MTAL,Metals Acquisition Corp. II Class A Ordinary Shares,N
4451,MTAL.U,"Metals Acquisition Corp. II Units, each consisting of one Class A ordinary share and one-third of one redeemable warrant",N
4452,MTAL.W,"Metals Acquisition Corp. II Warrants, each whole warrant exercisable for one Class A ordinary share at an exercise price of $11.50 per share",N
4453,MTAW,Meta AI Lab Ecosystem ETF,Y
4454,MTB,M&T Bank Corporation Common Stock,N
4455,MTB$H,"M&T Bank Corporation Perpetual Fixed-to-Floating Rate Non-Cumulative Preferred Stock, Series H",N
4456,MTB$J,"M&T Bank Corporation Depositary Shares each representing a 1/400th ownership interest in a share of Perpetual 7.500% Non-Cumulative Preferred Stock, Series J",N
4457,MTB$K,"M&T Bank Corporation Depositary Shares each representing a 1/400th interest in a share of Perpetual 6.350% Non-Cumulative Preferred Stock, Series K",N
4458,MTB$L,"M&T Bank Corporation Depositary Shares each representing a 1/400th ownership interest in a share of Perpetual 6.625% Non-Cumulative Preferred Stock, Series L",N
4459,MTBA,Simplify MBS ETF,Y
4460,MTD,"Mettler-Toledo International, Inc. Common Stock",N
4461,MTDR,Matador Resources Company Common Stock,N
4463,MTG,MGIC Investment Corporation Common Stock,N
4464,MTGP,WisdomTree Mortgage Plus Bond Fund,Y
4465,MTH,Meritage Homes Corporation Common Stock,N
4466,MTN,"Vail Resorts, Inc. Common Stock",N
4467,MTNB,"Matinas Biopharma Holdings, Inc. Common Stock",N
4468,MTNE,CH4 Natural Solutions Corporation Class A Ordinary Shares,N
4469,MTNE.U,"CH4 Natural Solutions Corporation Units, each consisting of one Class A ordinary share and one-half of one Warrant",N
4470,MTNE.W,"CH4 Natural Solutions Corporation Warrants, each whole warrant exercisable for one Class A Ordinary Share at an exercise price of $11.50 per share",N
4471,MTR,Mesa Royalty Trust Common Stock,N
4472,MTRA,Invesco International Growth Focus ETF,Y
4473,MTRN,Materion Corporation,N
4474,MTSG,Leverage Shares 2X Long MTSI Daily ETF,Y
4475,MTUM,iShares MSCI USA Momentum Factor ETF,Y
4476,MTUS,Metallus Inc. Common Shares,N
4477,MTW,"Manitowoc Company, Inc. (The) Common Stock",N
4478,MTX,Minerals Technologies Inc. Common Stock,N
4479,MTZ,"MasTec, Inc. Common Stock",N
4480,MUA,"Blackrock MuniAssets Fund, Inc Common Stock",N
4481,MUB,iShares National Muni Bond ETF,Y
4482,MUC,"Blackrock MuniHoldings California Quality Fund, Inc.  Common Stock",N
4483,MUFG,"Mitsubishi UFJ Financial Group, Inc. Common Stock",N
4484,MUG,Leverage Shares 2X Long MU Daily ETF,Y
4485,MUIB,Direxion MU Defined Income Boost ETF,Y
4486,MUJ,"Blackrock MuniHoldings New Jersey Quality Fund, Inc. Common Stock",N
4487,MUNA,Northern Trust 2030 Tax-Exempt Distributing Ladder ETF,Y
4488,MUNB,Northern Trust 2035 Tax-Exempt Distributing Ladder ETF,Y
4489,MUNC,Northern Trust 2045 Tax-Exempt Distributing Ladder ETF,Y
4490,MUND,Northern Trust 2055 Tax-Exempt Distributing Ladder ETF,Y
4491,MUNI,PIMCO Intermediate Municipal Bond Active Exchange-Traded Fund,Y
4492,MUNX,AMG GW&K Muni Income ETF,Y
4493,MUNY,Vanguard New York Tax-Exempt Bond ETF,Y
4494,MUR,Murphy Oil Corporation Common Stock,N
4495,MUSA,Murphy USA Inc. Common Stock,N
4496,MUSE,TCW Multisector Credit Income ETF,Y
4497,MUSI,American Century Multisector Income ETF,Y
4498,MUSQ,MUSQ Global Music Industry Index ETF,Y
4499,MUST,Columbia Multi-Sector Municipal Income ETF,Y
4500,MUX,McEwen Inc. Common Stock,N
4501,MUZ,Defiance Daily Target 2X Short MU ETF,Y
4502,MVAL,VanEck Morningstar Wide Moat Value ETF,Y
4503,MVFD,Monarch Volume Factor Dividend Tree Index ETF,Y
4504,MVFG,Monarch Volume Factor Global Unconstrained Index ETF,Y
4505,MVPA,Miller Value Partners Appreciation ETF,Y
4506,MVPL,Miller Value Partners Leverage ETF,Y
4507,MVRL,ETRACS Monthly Pay 1.5X Leveraged Mortgage REIT ETN,Y
4508,MVV,ProShares Ultra MidCap400,Y
4509,MWA,MUELLER WATER PRODUCTS Common Stock,N
4510,MWG,Multi Ways Holdings Limited Class A Ordinary Shares,N
4511,MWHS,Skylar Electricity Futures ETF,Y
4512,MX,Magnachip Semiconductor Corporation Common Stock,N
4513,MXC,Mexco Energy Corporation Common Stock,N
4514,MXE,"Mexico Equity and Income Fund, Inc. (The) Common Stock",N
4515,MXF,"Mexico Fund, Inc. (The) Common Stock",N
4516,MXI,iShares Global Materials ETF,Y
4517,MXLL,Leverage Shares 2X Long MXL Daily ETF,Y
4518,MYE,"Myers Industries, Inc. Common Stock",N
4519,MYI,"Blackrock MuniYield Quality Fund III, Inc Common Stock",N
4520,MYLD,Cambria Micro and SmallCap Shareholder Yield ETF,Y
4521,MYN,"Blackrock MuniYield New York Quality Fund, Inc.Common Stock",N
4522,MYND,"Mynd.ai, Inc. American Depositary Shares",N
4523,MYO,Myomo Inc. Common Stock,N
4524,MYY,ProShares Short MidCap400,Y
4525,MZYX,MOZAYYX Acquisition Corp. Class A Ordinary Shares,N
4526,MZYX.U,"MOZAYYX Acquisition Corp. Units, each consisting of one Class A ordinary share and one-quarter of one redeemable warrant",N
4527,MZYX.W,"MOZAYYX Acquisition Corp. Redeemable warrants, each whole warrant exercisable for one Class A ordinary share at an exercise price of $11.50",N
4528,MZZ,ProShares UltraShort MidCap400,Y
4529,NABL,"N-able, Inc. Common Stock",N
4530,NAC,Nuveen California Quality Municipal Income Fund,N
4531,NACP,Impact Shares NAACP Minority Empowerment ETF,Y
4532,NAD,Nuveen Quality Municipal Income Fund Common Stock,N
4533,NAIL,Direxion Daily Homebuilders & Supplies Bull 3X ETF,Y
4534,NAK,"Northern Dynasty Minerals, Ltd. Common Stock",N
4535,NAN,Nuveen New York Quality Municipal Income Fund Common Stock,N
4536,NANC,Subversive Congressional Democrats Trading ETF,Y
4537,NANR,State Street SPDR S&P North American Natural Resources ETF,Y
4538,NAPR,Innovator Growth-100 Power Buffer ETF - April,Y
4539,NASA,Tema Space Innovators ETF,Y
4540,NAT,Nordic American Tankers Limited Common Stock,N
4541,NATL,NCR Atleos Corporation Common Stock,N
4542,NAUG,Innovator Growth-100 Power Buffer ETF - August,Y
4543,NAZ,Nuveen Arizona Quality Municipal Income Fund Common Stock,N
4544,NBB,Nuveen Taxable Municipal Income Fund Common Shares of Beneficial Interest,N
4545,NBCE,Neuberger China Equity ETF,Y
4546,NBCM,Neuberger Commodity Strategy ETF,Y
4547,NBCR,Neuberger Core Equity ETF,Y
4548,NBDS,Neuberger Disrupters ETF,Y
4549,NBET,Neuberger Energy Transition & Infrastructure ETF,Y
4550,NBFC,Neuberger Flexible Credit Income ETF,Y
4551,NBFR,Innovator Nasdaq-100 Managed 10 Buffer ETF,Y
4552,NBGX,Neuberger Growth ETF,Y
4553,NBH,Neuberger Municipal Fund Inc. Common Stock,N
4554,NBHC,National Bank Holdings Corporation Common Stock,N
4555,NBIC,Corgi NBIS 2x Daily ETF,Y
4556,NBIE,Neuberger International Core Equity ETF,Y
4557,NBIZ,Tradr 2X Short NBIS Daily ETF,Y
4558,NBJP,Neuberger Japan Equity ETF,Y
4559,NBOS,Neuberger Option Strategy ETF,Y
4560,NBR,Nabors Industries Ltd.,N
4561,NBSD,Neuberger Short Duration Income ETF,Y
4562,NBSM,Neuberger Small-Mid Cap ETF,Y
4563,NBTR,Neuberger Total Return Bond ETF,Y
4564,NBXG,Neuberger Next Generation Connectivity Fund Inc. Common Stock,N
4565,NC,"NACCO Industries, Inc. Common Stock",N
4566,NCA,Nuveen California Municipal Value Fund,N
4567,NCDL,Nuveen Churchill Direct Lending Corp. Common Stock,N
4568,NCL,Northann Corp. Common Stock,N
4569,NCLH,Norwegian Cruise Line Holdings Ltd. Ordinary Shares,N
4570,NCLO,Nuveen AA-BBB CLO ETF,Y
4571,NCV,Virtus Convertible & Income Fund Common Shares of Beneficial Interest,N
4572,NCV$A,Virtus Convertible & Income Fund 5.625% Series A Cumulative Preferred Shares,N
4573,NCZ,Virtus Convertible & Income Fund II Common Shares of Beneficial Interest,N
4574,NCZ$A,Virtus Convertible & Income Fund II 5.50% Series A Cumulative Preferred Shares,N
4575,NDEC,Innovator Growth-100 Power Buffer ETF - December,Y
4576,NDIA,Global X India Active ETF,Y
4577,NDIV,Amplify Energy & Natural Resources Covered Call ETF,Y
4578,NDMO,Nuveen Dynamic Municipal Opportunities Fund Common Shares of Beneficial Interest,N
4579,NDOW,Anydrus Advantage ETF,Y
4580,NE,Noble Corporation plc A Ordinary Shares,N
4581,NE.A,Noble Corporation plc Tranche 2 Warrants,N
4582,NE.W,Noble Corporation plc Tranche 1 Warrants,N
4583,NEA,Nuveen AMT-Free Quality Municipal Income Fund Common Shares of Beneficial Interest Par Value $.01,N
4584,NEAR,iShares Short Duration Bond Active ETF,Y
4585,NEBX,Tradr 2X Long NBIS Daily ETF,Y
4586,NEE,"NextEra Energy, Inc. Common Stock",N
4587,NEE$N,"NextEra Energy Capital Holdings Inc. Series N Junior Subordinated Debentures due March 1, 2079",N
4588,NEE$S,"NextEra Energy, Inc. 7.299% Corporate Units",N
4589,NEE$T,"NextEra Energy, Inc. 7.234% Corporate Units",N
4590,NEE$U,"NextEra Energy, Inc. Series U Junior Subordinated Debentures due June 1, 2085",N
4591,NEE$V,"NextEra Energy, Inc. 7.375% Corporate Units",N
4592,NEE$W,"NextEra Energy Capital Holdings Inc. Series Z Junior Subordinated Debentures due April 15, 2086",N
4593,NEHI,NEOS Ethereum High Income ETF,Y
4594,NELS,Nelson Select ETF,Y
4595,NEM,Newmont Corporation,N
4596,NEMD,Neuberger Emerging Markets Debt Hard Currency ETF,Y
4597,NEN,New England Realty Associates Limited Partnership Class A Depositary Receipts Evidencing Units of Limited Partnership,N
4598,NERD,Roundhill Video Games ETF,Y
4599,NET,"Cloudflare, Inc. Class A Common Stock",N
4600,NETL,Colterpoint Net Lease Real Estate ETF,Y
4601,NEU,NewMarket Corp Common Stock,N
4602,NEWP,New Pacific Metals Corp. Common Shares,N
4603,NEXA,Nexa Resources S.A. Common Shares,N
4604,NFEB,Innovator Growth-100 Power Buffer ETF - February,Y
4605,NFG,National Fuel Gas Company Common Stock,N
4606,NFGC,New Found Gold Corp Common Shares,N
4607,NFJ,"Virtus Dividend, Interest & Premium Strategy Fund Common Shares of Beneficial Interest",N
4608,NFLP,Kurv Yield Premium Strategy Netflix (NFLX) ETF,Y
4609,NFLT,Virtus Newfleet Multi-Sector Bond ETF,Y
4610,NFLU,T-Rex 2X Long NFLX Daily Target ETF,Y
4611,NFLW,Roundhill NFLX WeeklyPay ETF,Y
4612,NFLY,YieldMax NFLX Option Income Strategy ETF,Y
4613,NFRA,Northern Trust STOXX Global Broad Infrastructure ETF,Y
4614,NFX,Corgi NFLX 2x Daily ETF,Y
4615,NG,Novagold Resources Inc.,N
4616,NGG,"National Grid Transco, PLC National Grid PLC (NEW) American Depositary Shares",N
4617,NGIF,Nuveen Global Infrastructure Fund: ETF Class Shares,Y
4618,NGL,NGL ENERGY PARTNERS LP Common Units representing Limited Partner Interests,N
4619,NGL$B,NGL ENERGY PARTNERS LP 9.00% Class B Fixed-to-Floating Rate Cumulative Redeemable Perpetual Preferred Units representing limited partnership interests,N
4620,NGL$C,NGL ENERGY PARTNERS LP 9.625% Class C Fixed-to-Floating Rate Cumulative  Redeemable Perpetual Preferred Units representing  limited partner interests,N
4621,NGS,"Natural Gas Services Group, Inc. Common Stock",N
4622,NGVC,"Natural Grocers by Vitamin Cottage, Inc. Common Stock",N
4623,NGVT,Ingevity Corporation Common Stock ,N
4624,NHC,National HealthCare Corporation Common Stock,N
4625,NHI,"National Health Investors, Inc. Common Stock",N
4626,NHS,Neuberger High Yield Strategies Fund Inc. Common Stock,N
4627,NHYB,Nuveen High Yield Corporate Bond ETF,Y
4628,NHYM,Nuveen High Yield Municipal Income ETF,Y
4629,NI,NiSource Inc Common Stock,N
4630,NIC,Nicolet Bankshares Inc. Common Stock,N
4631,NICO,Hexis Active Nicotine Engagement ETF,Y
4632,NIE,Virtus Equity & Convertible Income Fund Common Shares of Beneficial Interest,N
4633,NIHI,NEOS MSCI EAFE High Income ETF,Y
4634,NIM,Nuveen Select Maturities Municipal Fund Common Stock,N
4635,NINE,"Nine Energy Service, Inc. Common Stock",N
4636,NIO,"NIO Inc. American depositary shares, each  representing one Class A ordinary share",N
4637,NIQ,NIQ Global Intelligence plc Ordinary Shares,N
4638,NISM,NYLI International Small-Mid Cap Equity ETF,Y
4639,NITE,The Nightview Fund NITE,Y
4640,NJAN,Innovator Growth-100 Power Buffer ETF - January,Y
4641,NJNK,Columbia U.S. High Yield ETF,Y
4642,NJR,NewJersey Resources Corporation Common Stock,N
4643,NJUL,Innovator Growth-100 Power Buffer ETF - July,Y
4644,NJUN,Innovator Growth-100 Power Buffer ETF - June,Y
4645,NKE,"Nike, Inc. Common Stock",N
4646,NKX,Nuveen California AMT-Free Quality Municipal Income Fund,N
4647,NL,"NLI Holdings, Inc. Common Stock",N
4648,NLOP,Net Lease Office Properties Common Shares of Beneficial Interest,N
4649,NLR,VanEck Uranium and Nuclear ETF,Y
4650,NLSI,NEOS Long/Short Equity Income ETF,Y
4651,NLY,Annaly Capital Management Inc. Common Stock,N
4652,NLY$F,Annaly Capital Management Inc 6.95% Series F,N
4653,NLY$G,Annaly Capital Management Inc 6.50% Series G Fixed-to-Floating Rate Cumulative Redeemable Preferred Stock,N
4654,NLY$I,Annaly Capital Management Inc 6.750% Series I Fixed-to-Floating Rate Cumulative Redeemable Preferred Stock,N
4655,NLY$J,Annaly Capital Management Inc. 8.875% Series J Fixed-Rate Cumulative Redeemable Preferred Stock,N
4656,NMAI,Nuveen Multi-Asset Income Fund Common Shares of Beneficial Interest,N
4657,NMAR,Innovator Growth-100 Power Buffer ETF - March,Y
4658,NMAX,"Newsmax, Inc. Class B Common Stock",N
4659,NMAY,Innovator Growth-100 Power Buffer ETF - May,Y
4660,NMB,Simplify National Muni Bond ETF,Y
4661,NMBL,NovaTide Flexible Allocation ETF,Y
4662,NMCO,Nuveen Municipal Credit Opportunities Fund Common Shares,N
4663,NMG,Nouveau Monde Graphite Inc. Common Shares,N
4664,NMI,"Nuveen Municipal Income Fund, Inc. Common Stock",N
4665,NML,Neuberger Energy Infrastructure and Income Fund Inc. Common Stock,N
4666,NMM,Navios Maritime Partners LP Common Units Representing Limited Partner Interests,N
4667,NMR,Nomura Holdings Inc ADR American Depositary Shares,N
4668,NMS,Nuveen Minnesota Quality Municipal Income Fund ,N
4669,NMT,Nuveen Massachusetts Quality Municipal Income Fund Common Stock,N
4670,NMZ,"Nuveen Municipal High Income Opportunity Fund Common Stock, $0.01 par value, per share",N
4671,NNI,"Nelnet, Inc. Common Stock",N
4672,NNN,"NNN REIT, Inc. Common Stock",N
4673,NNOV,Innovator Growth-100 Power Buffer ETF - November,Y
4674,NNVC,"NanoViricides, Inc. Common Stock",N
4675,NNY,Nuveen New York Municipal Value Fund Common Stock,N
4676,NOA,North American Construction Group Ltd. Common Shares (no par),N
4677,NOAH,Noah Holdings Limited American Depositary Shares,N
4678,NOBL,ProShares S&P 500 Dividend Aristocrats ETF,Y
4679,NOC,Northrop Grumman Corporation Common Stock,N
4680,NOCT,Innovator Growth-100 Power Buffer ETF- October,Y
4681,NODE,VanEck Onchain Economy ETF,Y
4682,NOEQ,Northern Trust US Equity ETF,Y
4683,NOG,"Northern Oil and Gas, Inc. Common Stock",N
4684,NOK,Nokia Corporation Sponsored American Depositary Shares,N
4685,NOMD,Nomad Foods Limited Ordinary Shares,N
4686,NORW,Global X MSCI Norway ETF,Y
4687,NOV,NOV Inc. Common Stock,N
4688,NOVM,FT Vest U.S. Equity Max Buffer ETF - November,Y
4689,NOVP,PGIM S&P 500 Buffer 12 ETF - November,Y
4690,NOVZ,TrueShares Structured Outcome (November) ETF,Y
4691,NOW,"ServiceNow, Inc. Common Stock",N
4692,NOWX,Corgi NOW 2x Daily ETF,Y
4693,NP,Neptune Insurance Holdings Inc. Class A Common Stock,N
4694,NPB,"Northpointe Bancshares, Inc. Common Stock",N
4695,NPCT,Nuveen Core Plus Impact Fund Common Shares of Beneficial Interest,N
4696,NPFD,Nuveen Variable Rate Preferred & Income Fund Common Shares,N
4697,NPFE,NPF Core Equity ETF,Y
4698,NPK,"National Presto Industries, Inc. Common Stock",N
4699,NPKI,NPK International Inc. Common Stock,N
4700,NPO,Enpro Inc. Common Stock,N
4701,NPV,Nuveen Virginia Quality Municipal Income Fund Common Stock,N
4702,NPWR,NET Power Inc. Class A Common Stock,N
4703,NPWR.W,"NET Power Inc. Redeemable warrants, each whole warrant exercisable for one share of Class A Common Stock at an exercise price of $11.50",N
4704,NQLT,Neuberger Quality Select ETF,Y
4705,NRDY,Nerdy Inc. Class A Common Stock,N
4706,NREF,"NexPoint Real Estate Finance, Inc. Common Stock",N
4707,NREF$A,"NexPoint Real Estate Finance, Inc. 8.50% Series A Cumulative Redeemable Preferred Stock",N
4708,NRG,"NRG Energy, Inc. Common Stock",N
4709,NRGD,"MicroSectors U.S. Big Oil -3 Inverse Leveraged ETNs due February 17, 2045",Y
4710,NRGU,"MicroSectors U.S. Big Oil 3 Leveraged ETNs due February 17, 2045",Y
4711,NRGV,"Energy Vault Holdings, Inc. Common Stock",N
4712,NRK,Nuveen New York AMT-Free Quality Municipal Income Fund ,N
4713,NRO,Neuberger Real Estate Securities Income Fund Inc. Common Stock,N
4714,NRP,Natural Resource Partners LP Limited Partnership,N
4715,NRSH,Aztlan North America Nearshoring Stock Selection ETF,Y
4716,NRT,North European Oil Royality Trust Common Stock,N
4717,NRUC,National Rural Utilities Cooperative Finance Corporation 5.500% Subordinated Notes due 2064 (Subordinated Deferrable Interest Notes),N
4718,NRXS,"Neuraxis, Inc. Common Stock",N
4719,NSC,Norfolk Southern Corporation Common Stock,N
4720,NSCI,Nuveen Securitized Income ETF,Y
4721,NSEP,Innovator Growth-100 Power Buffer ETF - September,Y
4722,NSIG,North Square Growth Opportunities ETF,Y
4723,NSIV,North Square Disciplined Value ETF,Y
4724,NSP,"Insperity, Inc. Common Stock",N
4725,NSRX,Nasus Pharma Ltd. Ordinary Shares,N
4726,NTB,Bank of N.T. Butterfield & Son Limited (The) Voting Ordinary Shares,N
4731,NTIP,"Network-1 Technologies, Inc. Common Stock",N
4732,NTR,Nutrien Ltd. Common Shares,N
4733,NTRL,First Trust Equity Market Neutral ETF,Y
4734,NTSD,WisdomTree Efficient U.S. Plus International Equity Fund,Y
4735,NTSE,WisdomTree Emerging Markets Efficient Core Fund,Y
4736,NTSI,WisdomTree International Efficient Core Fund,Y
4737,NTST,NetSTREIT Corp. Common Stock,N
4738,NTSX,WisdomTree U.S. Efficient Core Fund,Y
4739,NTZ,"Natuzzi, S.p.A.",N
4740,NU,Nu Holdings Ltd. Class A Ordinary Shares,N
4741,NUAG,Nuveen Enhanced Yield U.S. Aggregate Bond ETF,Y
4742,NUBD,Nuveen ESG U.S. Aggregate Bond ETF,Y
4743,NUDG,Nuveen Dividend Growth Fund: ETF Class Shares,Y
4744,NUDM,Nuveen ESG International Developed Markets Equity ETF,Y
4745,NUDV,Nuveen ESG Dividend ETF,Y
4746,NUE,Nucor Corporation Common Stock,N
4747,NUEM,Nuveen ESG Emerging Markets Equity ETF,Y
4748,NUGO,Nuveen Growth Opportunities ETF,Y
4749,NUGT,Direxion Daily Gold Miners Index Bull 2X ETF,Y
4750,NUHY,Nuveen ESG High Yield Corporate Bond ETF,Y
4751,NUKX,Nicholas Nuclear Income ETF,Y
4752,NUKZ,Range Nuclear Renaissance Index ETF,Y
4753,NULC,Nuveen ESG Large-Cap ETF,Y
4754,NULG,Nuveen ESG Large-Cap Growth ETF,Y
4755,NULV,Nuveen ESG Large-Cap Value ETF,Y
4756,NUMG,Nuveen ESG Mid-Cap Growth ETF,Y
4757,NUMI,Nuveen Municipal Income ETF,Y
4758,NUMV,Nuveen ESG Mid-Cap Value ETF,Y
4759,NURE,Nuveen Short-Term REIT ETF,Y
4760,NUS,"Nu Skin Enterprises, Inc. Common Stock",N
4761,NUSA,Nuveen ESG 1-5 Year U.S. Aggregate Bond ETF,Y
4762,NUSC,Nuveen ESG Small-Cap ETF,Y
4763,NUV,"Nuveen Municipal Value Fund, Inc. Common Stock",N
4764,NUVB,Nuvation Bio Inc. Class A Common Stock,N
4765,NUW,Nuveen AMT-Free Municipal Value Fund,N
4766,NVA,Nova Minerals Corp Common Stock,N
4767,NVA.W,Nova Minerals Corp Warrants to Purchase Common Stock,N
4768,NVBT,AllianzIM U.S. Large Cap Buffer10 Nov ETF,Y
4769,NVBU,AllianzIM U.S. Equity Buffer15 Uncapped Nov ETF,Y
4770,NVBW,AllianzIM U.S. Large Cap Buffer20 Nov ETF,Y
4771,NVC,Corgi NVDA 2x Daily ETF,Y
4772,NVDB,ProShares Ultra NVDA,Y
4773,NVDQ,T-Rex 2X Inverse NVIDIA Daily Target ETF,Y
4774,NVDW,Roundhill NVDA WeeklyPay ETF,Y
4775,NVDX,T-Rex 2X Long NVIDIA Daily Target ETF,Y
4776,NVDY,YieldMax NVDA Option Income Strategy ETF,Y
4777,NVG,Nuveen AMT-Free Municipal Credit Income Fund ,N
4778,NVGS,Navigator Holdings Ltd. Ordinary Shares (Marshall Islands),N
4779,NVIB,Direxion NVDA Defined Income Boost ETF,Y
4780,NVII,REX NVDA Growth & Income ETF,Y
4781,NVIR,Horizon Kinetics Energy and Remediation ETF,Y
4782,NVIT,YieldMax NVDA Performance & Distribution Target 25 ETF,Y
4783,NVO,Novo Nordisk A/S Common Stock,N
4784,NVOC,Corgi NVO 2x Daily ETF,Y
4785,NVOH,Novo Nordisk A/S B Shares ADRhedged,Y
4786,NVOX,Defiance Daily Target 2X Long NVO ETF,Y
4787,NVR,"NVR, Inc. Common Stock",N
4788,NVRI,Enviri Corporation Common Stock,N
4789,NVS,Novartis AG Common Stock,N
4790,NVST,Envista Holdings Corporation Common Stock,N
4791,NVT,nVent Electric plc Ordinary Shares ,N
4792,NVTC,Corgi NVTS 2x Daily ETF,Y
4793,NVTX,Tradr 2X Long NVTS Daily ETF,Y
4794,NWAX,New America Acquisition I Corp. Class A Common Stock,N
4795,NWAX.U,"New America Acquisition I Corp. Units, each consisting of one share of Class A Common Stock and one-half of one redeemable warrant",N
4796,NWAX.W,"New America Acquisition I Corp. Warrants, each whole warrant is exercisable to purchase one share of Class A common stock",N
4797,NWG,"NatWest Group plc American Depositary Shares, (each representing two (2) Ordinary Shares)",N
4798,NWN,Northwest Natural Holding Company Common Stock,N
4799,NX,Quanex Building Products Corporation Common Stock,N
4800,NXB,NextBoat Inc. Common Stcok,N
4801,NXDR,"Nextdoor Holdings, Inc. Class A Common Stock",N
4802,NXDT,NexPoint Diversified Real Estate Trust Common Stock,N
4803,NXDT$A,NexPoint Diversified Real Estate Trust 5.50% Series A Cumulative Preferred Shares ($25.00 liquidation preference per share),N
4804,NXE,Nexgen Energy Ltd. Common Shares,N
4805,NXG,NXG NextGen Infrastructure Income Fund Common Shares of Beneficial Interest,N
4806,NXP,Nuveen Select Tax Free Income Portfolio Common Stock,N
4807,NXPG,Leverage Shares 2X Long NXPI Daily ETF,Y
4808,NXPX,Tradr 2X Long NXPI Daily ETF,Y
4809,NXRT,"NexPoint Residential Trust, Inc. Common Stock",N
4810,NXTE,AXS Green Alpha ETF,Y
4811,NXTI,Simplify Next Intangible Core Index ETF,Y
4812,NXUS,Nuveen International Aggregate Bond ETF,Y
4813,NYC,American Strategic Investment Co. Class A Common Stock,N
4814,NYF,iShares New York Muni Bond ETF,Y
4815,NYM,AB New York Intermediate Municipal ETF,Y
4816,NYNY,Corgi NYC Based ETF,Y
4817,NYSX,Global X NYSE 100 ETF,Y
4818,NYT,New York Times Company (The) Common Stock,N
4819,NYYY,xETFs NVDA Daily Income ETF,Y
4820,NZF,Nuveen Municipal Credit Income Fund ,N
4821,O,Realty Income Corporation Common Stock,N
4822,OACP,OneAscent Core Plus Bond ETF,Y
4823,OAEM,OneAscent Emerging Markets ETF,Y
4824,OAIM,OneAscent International Equity ETF,Y
4825,OAIW,OpenAI Lab Ecosystem ETF,Y
4826,OAK$A,"Brookfield Oaktree Holdings, LLC 6.625% Series A Preferred Units",N
4827,OAK$B,"Brookfield Oaktree Holdings, LLC 6.550% Series B Preferred Units",N
4828,OAKG,Oakmark Global Large Cap ETF,Y
4829,OAKI,Oakmark International Large Cap ETF,Y
4830,OAKM,Oakmark U.S. Large Cap ETF,Y
4831,OALC,OneAscent Large Cap Core ETF,Y
4832,OARK,YieldMax Innovation Option Income Strategy ETF,Y
4833,OASC,OneAscent Enhanced Small and Mid Cap ETF,Y
4834,OBDC,Blue Owl Capital Corporation Common Stock,N
4835,OBE,Obsidian Energy Ltd. Common Shares,N
4836,OBK,"Origin Bancorp, Inc. Common Stock",N
4837,OBND,State Street Loomis Sayles Opportunistic Bond ETF,Y
4838,OBOR,KraneShares MSCI One Belt One Road Index ETF,Y
4839,OC,Owens Corning Inc Common Stock New,N
4840,OCAC,Ocean Capital Acquisition Corporation Ordinary Shares,N
4841,OCAC.R,"Ocean Capital Acquisition Corporation Rights, each entitling the holder to receive one ordinary share",N
4842,OCAC.U,"Ocean Capital Acquisition Corporation Units, each consisting of one Class A Ordinary Share, one redeemable Warrant and one Right",N
4843,OCAC.W,"Ocean Capital Acquisition Corporation Warrants, each exercisable for one ordinary share",N
4844,OCDB,Aptus October Deep Buffer ETF,Y
4845,OCIO,ClearShares OCIO ETF,Y
4846,OCNL,T-REX 2X Long DOCN Daily Target ETF,Y
4847,OCTB,Aptus October Buffer ETF,Y
4848,OCTH,Innovator Premium Income 20 Barrier ETF - October,Y
4849,OCTJ,Innovator Premium Income 30 Barrier ETF - October,Y
4850,OCTM,FT Vest U.S. Equity Max Buffer ETF - October,Y
4851,OCTP,PGIM S&P 500 Buffer 12 ETF - October,Y
4852,OCTT,AllianzIM U.S. Large Cap Buffer10 Oct ETF,Y
4853,OCTU,AllianzIM U.S. Equity Buffer15 Uncapped Oct ETF,Y
4854,OCTW,AllianzIM U.S. Large Cap Buffer20 Oct ETF,Y
4855,OCTZ,TrueShares Structured Outcome (October) ETF,Y
4856,ODC,Oil-Dri Corporation Of America Common Stock,N
4857,ODDZ,Corgi Sports Betting & Gambling ETF,Y
4858,ODHY,Obra Defensive High Yield ETF,Y
4859,OEC,Orion S.A. Common Shares,N
4860,OEF,iShares S&P 100 Fund,Y
4861,OEFA,ALPS O'Shares International Developed Quality Dividend ETF,Y
4862,OEI,Optimized Equity Income ETF,Y
4863,OFG,OFG Bancorp Common Stock,N
4864,OFRM,"Once Upon a Farm, PBC Common Stock",N
4865,OGC,OceanaGold Corporation Common Shares,N
4866,OGCP,"Empire State Realty OP, L.P. Series 60 Operating Partnership Units Representing Limited Partnership Interests",N
4867,OGE,OGE Energy Corp Common Stock,N
4868,OGEN,Oragenics Inc. Common Stock,N
4869,OGG,Osisko Gold Group Inc. Common Shares,N
4870,OGIG,ALPS O'Shares Global Internet Giants ETF,Y
4871,OGN,Organon & Co. Common Stock ,N
4872,OGS,"ONE Gas, Inc. Common Stock",N
4873,OGSP,Obra High Grade Structured Products ETF,Y
4874,OHI,"Omega Healthcare Investors, Inc. Common Stock",N
4875,OI,"O-I Glass, Inc. Common Stock",N
4876,OIA,Invesco Municipal Income Opportunities Trust Common Stock,N
4877,OIH,VanEck Oil Services ETF,Y
4878,OII,"Oceaneering International, Inc. Common Stock",N
4879,OILD,MicroSectors Oil & Gas Exp. & Prod. -3x Inverse Leveraged ETN,Y
4880,OILK,ProShares K-1 Free Crude Oil ETF,Y
4881,OILT,Texas Capital Texas Oil Index ETF,Y
4882,OILU,MicroSectors Oil & Gas Exp. & Prod. 3x Leveraged ETN,Y
4883,OIS,"Oil States International, Inc. Common Stock",N
4884,OKE,"ONEOK, Inc. Common Stock",N
4885,OKLC,Corgi OKLO 2x Daily ETF,Y
4886,OKLO,Oklo Inc. Class A common stock,N
4887,OKLS,Defiance Daily Target 2X Short OKLO ETF,Y
4888,OLN,Olin Corporation Common Stock,N
4889,OLP,"One Liberty Properties, Inc. Common Stock",N
4890,OMAH,VistaShares Target 15 Berkshire Select Income ETF,Y
4891,OMC,Omnicom Group Inc. Common Stock,N
4892,OMF,"OneMain Holdings, Inc. Common Stock",N
4893,OMFL,Invesco Russell 1000 Dynamic Multifactor ETF,Y
4894,OMFS,Invesco Russell 2000 Dynamic Multifactor ETF,Y
4895,OND,ProShares On-Demand ETF,Y
4896,ONDC,Corgi ONDS 2x Daily ETF,Y
4897,ONDL,Defiance Daily Target 2X Long ONDS ETF,Y
4898,ONDU,Tradr 2X Long ONDS Daily ETF,Y
4899,ONEH,TrueShares Equity Hedge ETF,Y
4900,ONEO,State Street SPDR Russell 1000 Momentum Focus ETF,Y
4901,ONEV,State Street SPDR Russell 1000 Low Volatility Focus ETF,Y
4902,ONEY,State Street SPDR Russell 1000 Yield Focus ETF,Y
4903,ONEZ,TrueShares Seasonality Laddered Buffered ETF,Y
4904,ONG,Leverage Shares 2X Long ON Daily ETF,Y
4905,ONIT,Onity Group Inc. Common Stock,N
4906,ONL,Orion Properties Inc. Common Stock,N
4907,ONLN,ProShares Online Retail ETF,Y
4908,ONOF,Global X Adaptive U.S. Risk Management ETF,Y
4909,ONON,On Holding AG Class A Ordinary Shares,N
4910,ONT,"Onterris, Inc. Common Stock",N
4911,ONTO,Onto Innovation Inc. Common Stock,N
4912,ONTX,Corgi ONTO 2x Daily ETF,Y
4913,ONX,Tradr 2X Long ON Daily ETF,Y
4914,OOMA,"Ooma, Inc. Common Stock",N
4915,OOSP,Obra Opportunistic Structured Products ETF,Y
4916,OPAD,Offerpad Solutions Inc. Class A Common Stock,N
4917,OPER,ETF ClearShares Ultra-Short Maturity ETF,Y
4918,OPEX,Tradr 2X Long OPEN Daily ETF,Y
4919,OPFI,OppFi Inc. Class A Common Stock,N
4920,OPHC,"OptimumBank Holdings, Inc. Common Stock",N
4921,OPLN,"OPENLANE, Inc. Common Stock",N
4922,OPP,"RiverNorth/DoubleLine Strategic Opportunity Fund, Inc. Common Stock",N
4923,OPP$A,"RiverNorth/DoubleLine Strategic Opportunity Fund, Inc. 4.375% Series A Cumulative Preferred Stock",N
4924,OPP$B,"RiverNorth/DoubleLine Strategic Opportunity Fund, Inc. 4.75% Series B Cumulative Preferred Stock",N
4925,OPP$C,"RiverNorth/DoubleLine Strategic Opportunity Fund, Inc. 6.00% Series C Term Preferred Stock (Liquidation Preference $10.00 per share)",N
4926,OPPE,WisdomTree European Opportunities Fund,Y
4927,OPPG,WisdomTree GeoAlpha Opportunities Fund,Y
4928,OPTT,"Ocean Power Technologies, Inc. Common Stock",N
4929,OPTU,"Optimum Communications, Inc. Class A common stock",N
4930,OPY,"Oppenheimer Holdings, Inc. Class A Common Stock (DE)",N
4931,OR,OR Royalties Inc. Common Shares,N
4932,ORA,"Ormat Technologies, Inc. Common Stock",N
4933,ORAC,Corgi ORCL 2x Daily ETF,Y
4934,ORC,"Orchid Island Capital, Inc. Common Stock",N
4935,ORCL,Oracle Corporation Common Stock,N
4936,ORCL$D,"Oracle Corporation Depositary Shares, each representing a 1/2,000th interest in a sh of 6.50% Series D Mandatory Convertible Preferred Stock",N
4937,ORCZ,Tradr 2X Short ORCL Daily ETF,Y
4938,ORI,Old Republic International Corporation Common Stock,N
4939,ORN,"Orion Group Holdings, Inc. Common",N
4940,ORO,Arrow Valtoro ETF,Y
4941,OSCR,"Oscar Health, Inc. Class A Common Stock",N
4942,OSCV,Opus Small Cap Value ETF,Y
4943,OSEA,Harbor International Compounders ETF,Y
4944,OSG,"Octave Specialty Group, Inc. Common Stock",N
4945,OSK,Oshkosh Corporation (Holding Company)Common Stock,N
4946,OSSL,Defiance Daily Target 2X Long OSS ETF,Y
4947,OSTX,OS Therapies Incorporated Common Stock,N
4948,OTAI,Starlink AI Acquisition Corporation Ordinary Shares,N
4949,OTAI.R,"Starlink AI Acquisition Corporation Rights, each entitling the holder to receive one-fourth (1/4) of one ordinary share",N
4950,OTAI.U,"Starlink AI Acquisition Corporation Units, each consisting of one Ordinary Share, and one Right to receive one-fourth (1/4) of one ordinary share",N
4951,OTF,Blue Owl Technology Finance Corp. Common Stock,N
4952,OTIS,Otis Worldwide Corporation Common Stock ,N
4953,OUNZ,VanEck Merk Gold ETF,Y
4954,OUSA,ALPS O'Shares U.S. Quality Dividend ETF,Y
4955,OUSL,Defiance Daily Target 2X Long OUST ETF,Y
4956,OUSM,ALPS O'Shares U.S. Small-Cap Quality Dividend ETF,Y
4957,OUT,OUTFRONT Media Inc. Common Stock,N
4958,OVB,Overlay Shares Core Bond ETF,Y
4959,OVF,Overlay Shares Foreign Equity ETF,Y
4960,OVL,Overlay Shares Large Cap Equity ETF,Y
4961,OVLH,Overlay Shares Hedged Large Cap Equity ETF,Y
4962,OVM,Overlay Shares Municipal Bond ETF,Y
4963,OVS,Overlay Shares Small Cap Equity ETF,Y
4964,OVT,Overlay Shares Short Term Bond ETF,Y
4965,OVV,Ovintiv Inc. (DE),N
4966,OWL,Blue Owl Capital Inc. Class A Common Stock,N
4967,OWLT,"Owlet, Inc. Class A Common Stock",N
4968,OWN,Inside Ownership 100 ETF,Y
4969,OWNB,Bitwise Bitcoin Standard Corporations ETF,Y
4970,OWNS,Quaker Investment Trust CCM Affordable Housing MBS ETF,Y
4971,OXM,"Oxford Industries, Inc. Common Stock",N
4972,OXY,Occidental Petroleum Corporation Common Stock,N
4973,OXY.W,Occidental Petroleum Corporation Warrants ,N
4974,OZ,"Belpointe PREP, LLC Class A Units",N
4975,P,"Everpure, Inc. Class A common stock",N
4976,PAAA,PGIM AAA CLO ETF,Y
4977,PAAS,Pan American Silver Corp. Common Stock,N
4978,PAB,PGIM Active Aggregate Bond ETF,Y
4979,PAC,"Grupo Aeroportuario Del Pacifico, S.A. B. de C.V. Grupo Aeroportuario Del Pacifico, S.A. de C.V. (each representing 10 Series B shares)",N
4980,PACK,Ranpak Holdings Corp Class A Common Stock,N
4981,PACS,"PACS Group, Inc. Common Stock",N
4982,PAG,"Penske Automotive Group, Inc. Common Stock",N
4983,PAGS,PagSeguro Digital Ltd. Class A Common Shares,N
4984,PAI,Western Asset Investment Grade Income Fund Inc.,N
4985,PAII,Pyrophyte Acquisition Corp. II Class A Ordinary Shares,N
4986,PAII.U,"Pyrophyte Acquisition Corp. II Units, each consisting of one Class A ordinary share and one-half of one redeemable warrant",N
4987,PAII.W,"Pyrophyte Acquisition Corp. II Warrants, each whole warrant exercisable for one Class A Ordinary Share at an exercise price of $11.50 per share",N
4988,PALC,Pacer Lunt Large Cap Multi-Factor Alternator ETF,Y
4989,PALL,abrdn Physical Palladium Shares ETF,Y
4990,PAM,Pampa Energia S.A.,N
4991,PAMC,Pacer Lunt MidCap Multi-Factor Alternator ETF,Y
4992,PAPI,Parametric Equity Premium Income ETF,Y
4993,PAPL,Pineapple Financial Inc. Common Stock,N
4994,PAPR,Innovator U.S. Equity Power Buffer ETF - April,Y
4995,PAR,PAR Technology Corporation Common Stock,N
4996,PARR,"Par Pacific Holdings, Inc.  Common Stock",N
4997,PATH,"UiPath, Inc. Class A Common Stock",N
4998,PATX,Tradr 2X Long PATH Daily ETF,Y
4999,PAUG,Innovator U.S. Equity Power Buffer ETF - August,Y
5000,PAVE,Global X U.S. Infrastructure Development ETF,Y
5001,PAWZ,ProShares Pet Care ETF,Y
5002,PAXS,PIMCO Access Income Fund Common Shares of Beneficial Interest,N
5003,PAY,"Paymentus Holdings, Inc. Class A Common Stock",N
5004,PAYC,"Paycom Software, Inc. Common Stock",N
5005,PAYH,TrueShares S&P Autocallable High Income ETF,Y
5006,PAYM,TrueShares S&P Autocallable Defensive Income ETF,Y
5007,PAYR,Federated Hermes Enhanced Income ETF,Y
5008,PB,"Prosperity Bancshares, Inc. Common Stock",N
5009,PBA,Pembina Pipeline Corp. Ordinary Shares (Canada),N
5010,PBAP,PGIM S&P 500 Buffer 20 ETF - April,Y
5011,PBAU,PGIM S&P 500 Buffer 20 ETF - August,Y
5012,PBD,Invesco Global Clean Energy ETF,Y
5013,PBDC,Putnam BDC Income ETF,Y
5014,PBDE,PGIM S&P 500 Buffer 20 ETF - December,Y
5015,PBE,Invesco Biotechnology & Genome ETF,Y
5016,PBF,PBF Energy Inc. Class A Common Stock,N
5017,PBFB,PGIM S&P 500 Buffer 20 ETF - February,Y
5018,PBFR,PGIM Laddered S&P 500 Buffer 20 ETF,Y
5019,PBH,Prestige Consumer Healthcare Inc. Common Stock,N
5020,PBI,Pitney Bowes Inc. Common Stock,N
5021,PBI$B,Pitney Bowes Inc 6.70% Notes Due 2043,N
5022,PBJ,Invesco Food & Beverage ETF,Y
5023,PBJA,PGIM S&P 500 Buffer 20 ETF - January,Y
5024,PBJL,PGIM S&P 500 Buffer 20 ETF - July,Y
5025,PBJN,PGIM S&P 500 Buffer 20 ETF - June,Y
5026,PBL,PGIM Portfolio Ballast ETF,Y
5027,PBMR,PGIM S&P 500 Buffer 20 ETF - March,Y
5028,PBMY,PGIM S&P 500 Buffer 20 ETF - May,Y
5029,PBNV,PGIM S&P 500 Buffer 20 ETF - November,Y
5030,PBOC,PGIM S&P 500 Buffer 20 ETF - October,Y
5031,PBOT,Pictet AI & Automation ETF,Y
5032,PBP,Invesco S&P 500 BuyWrite ETF,Y
5033,PBR,Petroleo Brasileiro S.A. Petrobras ADS,N
5034,PBR.A,Petroleo Brasileiro S.A. Petrobras American Depositary Shares representing Preferred Shares,N
5035,PBSE,PGIM S&P 500 Buffer 20 ETF - September,Y
5036,PBT,Permian Basin Royalty Trust Common Stock,N
5037,PBTP,Invesco 0-5 Yr US TIPS ETF,Y
5038,PBUS,Invesco MSCI USA ETF,Y
5039,PBW,Invesco WilderHill Clean Energy ETF,Y
5040,PCEB,Polen Euro High Yield Bond ETF,Y
5041,PCEF,Invesco CEF Income Composite ETF,Y
5042,PCF,High Income Securities Fund Common Stock,N
5043,PCFI,Polen Floating Rate Income ETF,Y
5044,PCG,Pacific Gas & Electric Co. Common Stock,N
5045,PCG$A,Pacific Gas & Electric Co. 6% Preferred Stock,N
5046,PCG$B,Pacific Gas & Electric Co. 5 1/2% Preferred Stock,N
5047,PCG$C,Pacific Gas & Electric Co. 5% 1st Preferred Stock,N
5048,PCG$D,Pacific Gas & Electric Co. 5% 1st  Red. Preferred Stock,N
5049,PCG$E,Pacific Gas & Electric Co. 5% 1st A Preferred Stock,N
5050,PCG$G,Pacific Gas & Electric Co. 4.80% 1st Preferred Stock,N
5051,PCG$H,Pacific Gas & Electric Co. 4.50% 1st Preferred Stock,N
5052,PCG$I,Pacific Gas & Electric Co. 4.36% 1st Preferred Stock,N
5053,PCG$X,PG&E Corp 6.000% Series A Mandatory Convertible Preferred Stock,N
5054,PCHI,Polen High Income ETF,Y
5055,PCI,PGIM Corporate Bond 5-10 Year ETF,Y
5056,PCL,PGIM Corporate Bond 10+ Year ETF,Y
5057,PCLC,Polen 5Perspectives Large Growth ETF,Y
5058,PCLG,Polen Focus Growth ETF,Y
5059,PCLN,Pictet Cleaner Planet ETF,Y
5060,PCLO,VIRTUS SEIX AAA Private Credit CLO ETF,Y
5061,PCM,"PCM Fund, Inc. Common Stock",N
5062,PCN,Pimco Corporate & Income Strategy Fund Common Stock,N
5063,PCOR,"Procore Technologies, Inc. Common Stock",N
5064,PCOV,Principal Equity Premium Income ETF,Y
5065,PCPP,Porter & Company Porter Portfolio Index ETF,Y
5066,PCQ,PIMCO California Municipal Income Fund Common Stock,N
5067,PCR,Simplify VettaFi Private Credit Strategy ETF,Y
5068,PCS,PGIM Corporate Bond 0-5 Year ETF,Y
5069,PCSG,Polen 5Perspectives Small-Mid Growth ETF,Y
5070,PCY,Invesco Emerging Markets Sovereign Debt ETF,Y
5071,PD,"PagerDuty, Inc. Common Stock",N
5072,PDCC,Pearl Diver Credit Company Inc. Common Stock,N
5073,PDEC,Innovator U.S. Equity Power Buffer ETF - December,Y
5074,PDI,PIMCO Dynamic Income Fund Common Stock,N
5075,PDM,"Piedmont Realty Trust, Inc. Class A Common Stock",N
5076,PDN,Invesco RAFI Developed Markets ex-U.S. Small-Mid ETF,Y
5077,PDO,PIMCO Dynamic Income Opportunities Fund Common Shares of Beneficial Interest,N
5078,PDPA,Pearl Diver Credit Company Inc. 8.00% Series A Preferred Stock Due 2029,N
5079,PDS,Precision Drilling Corporation Common Stock,N
5080,PDT,John Hancock Premium Dividend Fund,N
5081,PDX,PIMCO Dynamic Income Strategy Fund Common Shares of Beneficial Interest,N
5082,PEB,Pebblebrook Hotel Trust Common Shares of Beneficial Interest,N
5083,PEB$E,Pebblebrook Hotel Trust 6.375% Series E Cumulative Redeemable Preferred Shares of Beneficial Interest,N
5084,PEB$F,Pebblebrook Hotel Trust 6.3% Series F Cumulative Redeemable Preferred Shares of Beneficial Interest,N
5085,PEB$G,Pebblebrook Hotel Trust 6.375% Series G Cumulative Redeemable Preferred Shares of Beneficial Interest,N
5086,PEB$H,Pebblebrook Hotel Trust 5.700% Series H Cumulative Redeemable Preferred Shares of Beneficial Interest,N
5087,PED,Pedevco Corp. Common Stock,N
5088,PEG,Public Service Enterprise Group Incorporated Common Stock,N
5089,PEJ,Invesco Leisure and Entertainment ETF,Y
5090,PEMX,Putnam Emerging Markets ex-China ETF,Y
5091,PEN,"Penumbra, Inc. Common Stock",N
5092,PENU,T-REX 2X Long PENG Daily Target ETF,Y
5093,PEO,"Adams Natural Resources Fund, Inc. Common Stock",N
5094,PERF,Perfect Corp. Class A Ordinary Share,N
5095,PEVC,Pacer PE/VC ETF,Y
5096,PEW,GrabAGun Digital Holdings Inc. Common Stock,N
5097,PEW.W,"GrabAGun Digital Holdings Inc. Warrants, each whole warrant exercisable to purchase one share of Common Stock at an exercise price of $11.50 per share",N
5098,PEX,ProShares Global Listed Private Equity ETF,Y
5099,PEXL,Pacer US Export Leaders ETF,Y
5100,PFD,Flaherty & Crumrine Preferred and Income Fund Incorporated,N
5101,PFE,"Pfizer, Inc. Common Stock",N
5102,PFEB,Innovator U.S. Equity Power Buffer ETF - February,Y
5103,PFFA,Virtus InfraCap U.S. Preferred Stock ETF,Y
5104,PFFD,Global X U.S. Preferred ETF,Y
5105,PFFL,"ETRACS 2xMonthly Pay Leveraged Preferred Stock Index ETN due September 25, 2048",N
5106,PFFR,InfraCap REIT Preferred ETF,Y
5107,PFFV,Global X Variable Rate Preferred ETF,Y
5108,PFGC,Performance Food Group Company Common Stock,N
5109,PFH,"Prudential Financial, Inc. 4.125% Junior Subordinated Notes due 2060",N
5110,PFIG,Invesco Fundamental Investment Grade Corporate Bond  ETF,Y
5111,PFIX,Simplify Interest Rate Hedge ETF,Y
5112,PFL,PIMCO Income Strategy Fund Shares of Beneficial Interest,N
5113,PFLA,PennantPark Floating Rate Capital Ltd. 7.375% Notes Due 2031,N
5114,PFLD,AAM Low Duration Preferred and Income Securities ETF,Y
5115,PFLT,PennantPark Floating Rate Capital Ltd. Common Stock,N
5116,PFN,PIMCO Income Strategy Fund II,N
5117,PFO,Flaherty & Crumrine Preferred and Income Opportunity Fund Incorporated,N
5118,PFRL,PGIM Floating Rate Income ETF,Y
5119,PFS,"Provident Financial Services, Inc Common Stock",N
5120,PFSI,"PennyMac Financial Services, Inc. Common Stock",N
5121,PFXF,VanEck Preferred Securities ex Financials ETF,Y
5122,PG,Procter & Gamble Company (The) Common Stock,N
5123,PGF,Invesco Financial Preferred ETF,Y
5124,PGHY,Invesco Global ex-US High Yield Corporate Bond ETF,Y
5125,PGP,Pimco Global StocksPlus & Income Fund Common Shares of Beneficial Interest,N
5126,PGR,Progressive Corporation (The) Common Stock,N
5127,PGRI,Putnam International Stock ETF,Y
5128,PGRO,Putnam Focused Large Cap Growth ETF,Y
5129,PGX,Invesco Preferred ETF,Y
5130,PGZ,Principal Real Estate Income Fund Common Shares of Beneficial Interest,N
5131,PH,Parker-Hannifin Corporation Common Stock,N
5132,PHDG,Invesco S&P 500 Downside Hedged ETF,Y
5133,PHEQ,Parametric Hedged Equity ETF,Y
5134,PHG,Koninklijke Philips N.V. NY Registry Shares,N
5135,PHGE,BiomX Inc. COmmon Stock,N
5136,PHI,PLDT Inc. Sponsored ADR,N
5137,PHIN,PHINIA Inc. Common Stock,N
5138,PHK,Pimco High Income Fund,N
5139,PHM,"PulteGroup, Inc. Common Stock",N
5140,PHOX,Aura AI Photonics ETF,Y
5141,PHR,"Phreesia, Inc. Common Stock",N
5142,PHXE$,"Phoenix Energy One, LLC Series A Cumulative Redeemable Preferred Shares",N
5143,PHYL,PGIM Active High Yield Bond ETF,Y
5144,PHYS,Sprott Physical Gold Trust ETV,Y
5145,PICB,Invesco International Corporate Bond ETF,Y
5146,PICK,iShares MSCI Global Select Metals & Mining Producers Fund,Y
5147,PIEL,Pacer International Export Leaders ETF,Y
5148,PIEQ,Principal International Equity ETF,Y
5149,PIFI,ClearShares Piton Intermediate Fixed Income ETF,Y
5150,PII,Polaris Inc. Common Stock,N
5151,PILL,Direxion Daily Pharmaceutical & Medical Bull 3X ETF,Y
5152,PIM,Franklin Master Intermediate Income Trust Shares of Beneficial Interest,N
5153,PINC,PGIM Securitized Income ETF,Y
5154,PINE,"Alpine Income Property Trust, Inc. Common Stock",N
5155,PINE$A,"Alpine Income Property Trust, Inc. 8.00% Series A Cumulative Redeemable Preferred Stock",N
5156,PINK,Simplify Health Care ETF,Y
5157,PINS,"Pinterest, Inc. Class A Common Stock",N
5158,PIPE,Invesco SteelPath MLP & Energy Infrastructure ETF,Y
5159,PIPR,Piper Sandler Companies Common Stock,N
5160,PIT,VanEck Commodity Strategy ETF,Y
5161,PJAN,Innovator U.S. Equity Power Buffer ETF - January,Y
5162,PJFG,PGIM Jennison Focused Growth ETF,Y
5163,PJFM,PGIM Jennison Focused Mid-Cap ETF,Y
5164,PJFV,PGIM Jennison Focused Value ETF,Y
5165,PJIO,PGIM Jennison Focused International Equity ETF,Y
5166,PJP,Invesco Pharmaceuticals ETF,Y
5167,PJT,PJT Partners Inc. Class A Common Stock,N
5168,PJUL,Innovator U.S. Equity Power Buffer ETF - July,Y
5169,PJUN,Innovator U.S. Equity Power Buffer ETF - June,Y
5170,PJUS,PGIM Jennison U.S. Core Equity ETF,Y
5171,PK,Park Hotels & Resorts Inc. Common Stock ,N
5172,PKB,Invesco Building & Construction ETF,Y
5173,PKE,Park Aerospace Corp. Common Stock,N
5174,PKG,Packaging Corporation of America Common Stock,N
5175,PKX,POSCO HOLDINGS INC. American Depositary Shares (Each representing 1/4th of a share of Common Stock),N
5176,PL,Planet Labs PBC Class A Common Stock,N
5177,PLAG,Planet Green Holdings Corp. Common Stock,N
5178,PLD,"Prologis, Inc. Common Stock",N
5179,PLG,Platinum Group Metals Ltd. Ordinary Shares (Canada),N
5180,PLGI,PL Growth and Income ETF,Y
5181,PLGO,Pelagos Insurance Capital Limited Common Shares,N
5182,PLIB,Direxion PLTR Defined Income Boost ETF,Y
5183,PLNT,"Planet Fitness, Inc. Common Stock",N
5184,PLOW,"Douglas Dynamics, Inc. Common Stock",N
5185,PLTA,ProShares Ultra PLTR,Y
5186,PLTL,Corgi PLTR 2x Daily ETF,Y
5187,PLTM,GraniteShares Platinum Shares ETF,Y
5188,PLTW,Roundhill PLTR WeeklyPay ETF,Y
5189,PLTY,YieldMax PLTR Option Income Strategy ETF,Y
5190,PLU,Defiance Daily Target 2x Long PL ETF,Y
5191,PLUN,Plutonian Acquisition Corp II Class A Ordinary Shares,N
5192,PLUN.R,"Plutonian Acquisition Corp II Rights, each entitling the holder to receive one-fourth of one Class A Ordinary Share",N
5193,PLUN.U,"Plutonian Acquisition Corp II Units, each consisting of one Class A Ordinary Share and one right entitling the holder to one-fourth of one Class A Ordinary Share",N
5194,PLX,"Protalix BioTherapeutics, Inc. (DE) Common Stock",N
5195,PM,Philip Morris International Inc Common Stock,N
5196,PMAP,PGIM S&P 500 Max Buffer ETF - April,Y
5197,PMAR,Innovator U.S. Equity Power Buffer ETF - March,Y
5198,PMAU,PGIM S&P 500 Max Buffer ETF - August,Y
5199,PMAY,Innovator U.S. Equity Power Buffer ETF - May,Y
5200,PMDE,PGIM S&P 500 Max Buffer ETF - December,Y
5201,PMFB,PGIM S&P 500 Max Buffer ETF - February,Y
5202,PMI,"Picard Medical, Inc. Common Stock",N
5203,PMIO,PGIM Municipal Income Opportunities ETF,Y
5204,PMJA,PGIM S&P 500 Max Buffer ETF - January,Y
5205,PMJL,PGIM S&P 500 Max Buffer ETF - July,Y
5206,PMJN,PGIM S&P 500 Max Buffer ETF - June,Y
5207,PML,Pimco Municipal Income Fund II Common Shares of Beneficial Interest,N
5208,PMM,Franklin Managed Municipal Income Trust Shares of Beneficial Interest,N
5209,PMMF,iShares Prime Money Market ETF,Y
5210,PMMR,PGIM S&P 500 Max Buffer ETF - March,Y
5211,PMMY,PGIM S&P 500 Max Buffer ETF - May,Y
5212,PMNV,PGIM S&P 500 Max Buffer ETF - November,Y
5213,PMO,Franklin Municipal Opportunities Trust Shares of Beneficial Interest,N
5214,PMOC,PGIM S&P 500 Max Buffer ETF - October,Y
5215,PMSE,PGIM S&P 500 Max Buffer ETF - September,Y
5216,PMT,PennyMac Mortgage Investment Trust Common Shares of Beneficial Interest,N
5217,PMT$A,PennyMac Mortgage Investment Trust 8.125% Series A Fixed-to-Floating Rate Cumulative Redeemable Preferred Shares of Beneficial Interest,N
5218,PMT$B,PennyMac Mortgage Investment Trust 8.00% Series B Fixed-to-Floating Rate Cumulative Redeemable Preferred Shares of Beneficial Interest,N
5219,PMT$C,PennyMac Mortgage Investment Trust 6.75% Series C Cumulative Redeemable Preferred Shares of Beneficial Interest,N
5220,PMTL,First Trust Indxx Quality Precious Metals Miners ETF,Y
5221,PMTU,PennyMac Mortgage Investment Trust 8.50% Senior Notes due 2028,N
5222,PMTV,PennyMac Mortgage Investment Trust 9.00% Senior Notes due 2030,N
5223,PMTW,PennyMac Mortgage Investment Trust 9.00% Senior Notes due 2030,N
5224,PNAQ.U,"Pinnacle Acquisition Corporation Units, each consisting of one Class A ordinary share and one right",N
5225,PNC,"PNC Financial Services Group, Inc. (The) Common Stock",N
5226,PNFP,"Pinnacle Financial Partners, Inc. Common stock",N
5227,PNFP$A,"Pinnacle Financial Partners, Inc. Fixed-to-Floating Rate Non-Cumulative Perpetual Preferred Stock, Series A",N
5228,PNFP$B,"Pinnacle Financial Partners, Inc. Fixed-to-Floating Rate Non-Cumulative Perpetual Preferred Stock, Series B",N
5229,PNFP$C,"Pinnacle Financial Partners, Inc. Fixed-to-Floating Rate Non-Cumulative Perpetual Preferred Stock, Series C",N
5230,PNI,Pimco New York Municipal Income Fund II Common Shares of Beneficial Interest,N
5231,PNNT,PennantPark Investment Corporation Common Stock,N
5232,PNOV,Innovator U.S. Equity Power Buffer ETF - November,Y
5233,PNR,Pentair plc. Ordinary Share,N
5234,PNW,Pinnacle West Capital Corporation Common Stock,N
5235,POAS,Phaos Technology Holdings (Cayman) Limited Class A Ordinary Shares,N
5236,POCT,Innovator U.S. Equity Power Buffer ETF - October,Y
5237,POEL,Defiance Daily Target 2X Long POET ETF,Y
5238,PONX,Tradr 2X Long PONY Daily ETF,Y
5239,POR,Portland General Electric Co Common Stock,N
5240,POST,"Post Holdings, Inc. Common Stock",N
5241,POW,VistaShares Electrification Supercycle ETF,Y
5242,POWA,Invesco Bloomberg Pricing Power ETF,Y
5243,POWR,iShares U.S. Power Infrastructure ETF,Y
5244,PPA,Invesco Aerospace & Defense ETF,Y
5245,PPG,"PPG Industries, Inc. Common Stock",N
5246,PPL,PPL Corporation Common Stock,N
5247,PPLC,PPL Corporation Corporate Units,N
5248,PPLT,abrdn Physical Platinum Shares ETF,Y
5249,PPT,Franklin Premier Income Trust Shares of Beneficial Interest,N
5250,PPTY,U.S. Diversified Real Estate ETF,Y
5251,PQDI,Principal Spectrum Preferred and Income ETF,Y
5252,PQNT,Pictet AI Enhanced International Equity ETF,Y
5253,PQUS,Pictet AI Enhanced US Equity ETF,Y
5254,PQV,PGIM S&P 500 Quarterly Buffer 5 ETF,Y
5255,PQX,PGIM S&P 500 Quarterly Buffer 10 ETF,Y
5256,PQXV,PGIM S&P 500 Quarterly Buffer 15 ETF,Y
5257,PQXX,PGIM S&P 500 Quarterly Buffer 20 ETF,Y
5258,PR,Permian Resources Corporation Class A Common Stock,N
5259,PRAB,State Street IG Public & Private ABS ETF,Y
5260,PRAE,PlanRock Alternative Growth ETF,Y
5261,PRAY,FIS Christian Stock Fund,Y
5262,PRCS,Parnassus Core Select ETF,Y
5263,PREF,Principal Spectrum Preferred Securities Active ETF,Y
5264,PRF,Invesco RAFI US 1000 ETF,Y
5265,PRFD,PIMCO Preferred and Capital Securities Active Exchange-Traded Fund,Y
5266,PRG,"PROG Holdings, Inc. Common Stock",N
5267,PRGO,Perrigo Company plc Ordinary Shares,N
5268,PRH,"Prudential Financial, Inc. 5.950% Junior Subordinated Notes due 2062",N
5269,PRI,"Primerica, Inc. Common Stock",N
5270,PRIF$D,"Priority Income Fund, Inc. 7.00% Series D Term Preferred Stock due 2029",N
5271,PRIF$K,"Priority Income Fund, Inc. 7.000% Series K Cumulative Preferred Stock",N
5272,PRIF$L,"Priority Income Fund, Inc. 6.375% Series L Term Preferred Stock Due 2029",N
5273,PRIM,Primoris Services Corporation Common Stock,N
5274,PRIV,State Street IG Public & Private Credit ETF,Y
5275,PRIZ,Zacks Preferred Income ETF,Y
5276,PRK,Park National Corporation Common Stock,N
5277,PRKS,United Parks & Resorts Inc. Common Stock,N
5278,PRLB,"Proto Labs, Inc. Common stock",N
5279,PRM,"Perimeter Solutions, SA Common Stock",N
5280,PRMB,Primo Brands Corporation Class A Common Stock,N
5281,PRNT,3D Printing (The) ETF,Y
5282,PRS,"Prudential Financial, Inc. 5.625% Junior Subordinated Notes due 2058",N
5283,PRSD,State Street Short Duration IG Public & Private Credit ETF,Y
5284,PRSU,"Pursuit Attractions and Hospitality, Inc. Common Stock",N
5285,PRT,PermRock Royalty Trust Units of Beneficial Interest,N
5286,PRTO,RCN Pareto Strategic Allocation ETF,Y
5287,PRU,"Prudential Financial, Inc. Common Stock",N
5288,PRVS,Parnassus Value Select ETF,Y
5289,PRVT,Tema Alternative Asset Managers ETF,Y
5290,PRXG,Praxis Impact Large Cap Growth ETF,Y
5291,PRXI,Praxis Impact International ETF,Y
5292,PRXV,Praxis Impact Large Cap Value ETF,Y
5293,PS,Pershing Square Inc. Common Stock,N
5294,PSA,Public Storage Common Stock,N
5295,PSA$F,"Public Storage Depositary Shares Each Representing 1/1,000 of a 5.15% Cumulative Preferred Share of Beneficial Interest, Series F, par value $0.01 per share",N
5296,PSA$G,"Public Storage Depositary Shares, Each Representing 1/1,000 of a 5.05% Cumulative Preferred Share of Beneficial Interest, Series G",N
5297,PSA$H,"Public Storage Depositary Shares Each Representing 1/1,000 of a  5.60% Cumulative Preferred  Share of Beneficial Interest, Series H",N
5298,PSA$I,"Public Storage Depositary Shares Each Representing 1/1,000 of a 4.875% Cumulative Preferred Share of Beneficial Interest, Series I, par value $0.01 per share",N
5299,PSA$J,"Public Storage Depositary Shares Each Representing 1/1,000 of a 4.700% Cumulative Preferred Share of Beneficial Interest, Series J, par value $0.01 per share",N
5300,PSA$K,"Public Storage Depositary Shares Each Representing 1/1,000 of a 4.75% Cumulative Preferred Share of Beneficial Interest, Series K",N
5301,PSA$L,"Public Storage Depositary Shares Each Representing 1/1,000 of a 4.625% Cumulative Preferred Share of Beneficial Interest, Series L, par value $0.01 per share",N
5302,PSA$M,"Public Storage Depositary Shares Each Representing 1/1,000 of a 4.125% Cumulative Preferred Share of Beneficial Interest, Series M",N
5303,PSA$N,"Public Storage Depositary Shares Each Representing 1/1,000 of a 3.875% Cumulative Preferred Share of Beneficial Interest, Series N",N
5304,PSA$O,"Public Storage Depositary Shares Each Representing 1/1,000 of a 3.900% Cumulative Preferred Share of Beneficial Interest, Series O",N
5305,PSA$P,"Public Storage Depositary Shares Each Representing 1/1,000 of a 4.000% Cumulative Preferred Share of Bene cial Interest, Series P",N
5306,PSA$Q,"Public Storage Depositary Shares Each Representing 1/1,000 of a 3.950% Cumulative Preferred Share of Beneficial Interest, Series Q, par value $0.01 per share",N
5307,PSA$R,"Public Storage Depositary Shares Each Representing 1/1,000 of a 4.00% Cumulative Preferred Share of Bene cial Interest, Series R",N
5308,PSA$S,"Public Storage Depositary Shares Each Representing 1/1,000 of a 4.100% Cumulative Preferred Share of Beneficial Interest, Series S",N
5309,PSA$T,"Public Storage 6.000% Cumulative Preferred Shares of beneficial interest, Series T",N
5310,PSA$U,"Public Storage 6.000% Cumulative Preferred Shares of Beneficial Interest, Series U",N
5311,PSAI,Pacer S&P 500 3AI Top 100 ETF,Y
5312,PSBD,Palmer Square Capital BDC Inc. Common Stock,N
5313,PSCJ,Pacer Swan SOS Conservative (July) ETF,Y
5314,PSCQ,Pacer Swan SOS Conservative (October) ETF,Y
5315,PSCW,Pacer Swan SOS Conservative (April) ETF,Y
5316,PSCX,Pacer Swan SOS Conservative (January) ETF,Y
5317,PSDM,PGIM Short Duration Multi-Sector Bond ETF,Y
5318,PSEC$A,Prospect Capital Corporation 5.35% Series A Fixed Rate Cumulative Perpetual Preferred Stock,N
5319,PSEP,Innovator U.S. Equity Power Buffer ETF - September,Y
5320,PSF,"Cohen & Steers Select Preferred and Income Fund, Inc. Common Stock",N
5321,PSFD,Pacer Swan SOS Flex (January) ETF,Y
5322,PSFE,Paysafe Limited Common Shares,N
5323,PSFF,Pacer Swan SOS Fund of Funds ETF,Y
5324,PSFJ,Pacer Swan SOS Flex (July) ETF,Y
5325,PSFM,Pacer Swan SOS Flex (April) ETF,Y
5326,PSFO,Pacer Swan SOS Flex (October) ETF,Y
5327,PSH,PGIM Short Duration High Yield ETF,Y
5328,PSI,Invesco Semiconductors ETF,Y
5329,PSIL,AdvisorShares Psychedelics ETF,Y
5330,PSK,State Street SPDR ICE Preferred Securities ETF,Y
5331,PSLV,Sprott Physical Silver Trust ETV,Y
5332,PSMD,Pacer Swan SOS Moderate (January) ETF,Y
5333,PSMJ,Pacer Swan SOS Moderate (July) ETF,Y
5334,PSMO,Pacer Swan SOS Moderate (October) ETF,Y
5335,PSMR,Pacer Swan SOS Moderate (April) ETF,Y
5336,PSN,Parsons Corporation Common Stock,N
5337,PSO,"Pearson, Plc Common Stock",N
5338,PSP,Invesco Global Listed Private Equity ETF,Y
5339,PSQ,ProShares Short QQQ,Y
5340,PSQA,Palmer Square CLO Senior Debt ETF,Y
5341,PSQH,"PSQ Holdings, Inc. Class A Common Stock",N
5342,PSQH.W,"PSQ Holdings, Inc. Warrants, each exercisable for one share of Class A common stock at an exercise price of $11.50 per share",N
5343,PSQO,Palmer Square Credit Opportunities ETF,Y
5344,PSR,Invesco Active U.S. Real Estate Fund,Y
5345,PST,ProShares UltraShort Lehman 7-10 Year Treasury,Y
5346,PSTL,"Postal Realty Trust, Inc. Class A Common Stock",N
5347,PSTP,Innovator Power Buffer Step-Up Strategy ETF,Y
5348,PSUS,"Pershing Square USA, Ltd. Common Shares",N
5349,PSX,Phillips 66 Common Stock,N
5350,PTA,Cohen & Steers Tax-Advantaged Preferred Securities and Income Fund Common Shares of Beneficial Interest,N
5351,PTBD,Pacer Trendpilot US Bond ETF,Y
5352,PTEU,Pacer TrendpilotTM European Index ETF,Y
5353,PTHS,Pelthos Therapeutics Inc. Common Stock,N
5354,PTIN,Pacer Trendpilot International ETF,Y
5355,PTL,Inspire 500 ETF,Y
5356,PTLC,Pacer Trendpilot US Large Cap ETF,Y
5357,PTMC,Pacer Trendpilot US Mid Cap ETF,Y
5358,PTNT,Corgi IP Licensing & Royalties ETF,Y
5359,PTRB,PGIM Total Return Bond ETF,Y
5360,PTY,Pimco Corporate & Income Opportunity Fund,N
5361,PUK,Prudential Public Limited Company Common Stock,N
5362,PULS,PGIM Ultra Short Bond ETF,Y
5363,PUMP,ProPetro Holding Corp. Common Stock,N
5364,PUSH,PGIM Ultra Short Municipal Bond ETF,Y
5365,PVAL,Putnam Focused Large Cap Value ETF,Y
5366,PVEX,TrueShares ConVex Protect ETF,Y
5367,PVH,PVH Corp. Common Stock,N
5368,PVI,Invesco Floating Rate Municipal Income ETF,Y
5369,PVL,Permianville Royalty Trust Units of Beneficial Interest,N
5370,PW,Power REIT (MD) Common Stock,N
5371,PW$A,Power REIT 7.75% Series A Cumulative Perpetual Preferred Stock,N
5372,PWB,Invesco Large Cap Growth ETF,Y
5373,PWER,Nomura Energy Transition ETF,Y
5374,PWR,"Quanta Services, Inc. Common Stock",N
5375,PWRZ,TrueShares Eagle Global Renewable Energy Income ETF,Y
5376,PWS,Pacer WealthShield ETF,Y
5377,PWV,Invesco Large Cap Value ETF,Y
5378,PWZ,Invesco California AMT-Free Municipal Bond Portfolio,Y
5379,PXE,Invesco Energy Exploration & Production ETF,Y
5380,PXED,"Phoenix Education Partners, Inc. Common Stock",N
5381,PXF,Invesco RAFI Developed Markets ex-U.S. ETF,Y
5382,PXH,Invesco RAFI Emerging Markets ETF,Y
5383,PXJ,Invesco Oil & Gas Services ETF,Y
5384,PYLD,PIMCO Multisector Bond Active Exchange-Traded Fund,Y
5385,PYPU,Direxion Daily PYPL Bull 2X ETF,Y
5386,PYPY,YieldMax PYPL Option Income Strategy ETF,Y
5387,PYT,PPlus Tr GSC-2 Tr Ctf Fltg Rate,N
5388,PZA,Invesco National AMT-Free Municipal Bond ETFo,Y
5389,PZG,Paramount Gold Nevada Corp. Common Stock,N
5390,PZIV,Pzena International Value ETF,Y
5391,PZLV,Pzena U.S. Large Cap Value ETF,Y
5392,PZT,Invesco New York AMT-Free Municipal Bond ETF,Y
5393,Q,"Qnity Electronics, Inc. Common Stock",N
5394,QAI,NYLI Hedge Multi-Strategy Tracker ETF,Y
5395,QARP,Xtrackers Russell 1000 US Quality at a Reasonable Price ETF ETF,Y
5396,QAU,Corgi Growth & Technology 10% Structured Buffer ETF - August Series,Y
5397,QBER,TrueShares Quarterly Bear Hedge ETF,Y
5398,QBF,Innovator Uncapped Bitcoin 20 Floor ETF - Quarterly,Y
5399,QBIF,AllianzIM International Equity Buffer15 ETF,Y
5400,QBIV,AllianzIM International Equity Buffer5 ETF,Y
5401,QBKF,AllianzIM U.S. Small Cap Buffer15 ETF,Y
5402,QBKV,AllianzIM U.S. Small Cap Buffer5 ETF,Y
5403,QBQF,AllianzIM Growth-100 Buffer15 ETF,Y
5404,QBQV,AllianzIM Growth-100 Buffer5 ETF,Y
5405,QBSF,AllianzIM U.S. Equity Buffer15 ETF,Y
5406,QBSV,AllianzIM U.S Equity Buffer5 ETF,Y
5407,QBTX,Tradr 2X Long QBTS Daily ETF,Y
5408,QBUL,TrueShares Quarterly Bull Hedge ETF,Y
5409,QCAP,FT Vest Nasdaq-100 Conservative Buffer ETF - April,Y
5410,QCJA,FT Vest Nasdaq-100 Conservative Buffer ETF - January,Y
5411,QCJL,FT Vest Nasdaq-100 Conservative Buffer ETF - July,Y
5412,QCOC,FT Vest Nasdaq-100 Conservative Buffer ETF - October,Y
5413,QDEC,FT Vest Nasdaq-100 Buffer ETF - December,Y
5414,QDEF,Northern Trust Quality Dividend Defensive ETF,Y
5415,QDF,Northern Trust Quality Dividend ETF,Y
5416,QDIV,Global X S&P 500 Quality Dividend ETF,Y
5417,QDPL,Pacer Metaurus US Large Cap Dividend Multiplier 400 ETF,Y
5418,QDTE,Roundhill Innovation-100 0DTE Covered Call Strategy ETF,Y
5419,QDVO,Amplify CWP Growth & Income ETF,Y
5420,QEFA,State Street SPDR MSCI EAFE StrategicFactors ETF,Y
5421,QEMM,State Street SPDR MSCI Emerging Markets StrategicFactors ETF,Y
5422,QETH,Invesco Galaxy Ethereum ETF,Y
5423,QFHD,Pacer S&P 500 Quality FCF High Dividend ETF,Y
5424,QFLR,Innovator Nasdaq-100 Managed Floor ETF,Y
5425,QFRD,Pacer S&P 500 Quality FCF R&D Leaders,Y
5426,QGEN,Qiagen N.V. Common Shares,N
5427,QGRO,American Century U.S. Quality Growth ETF,Y
5428,QGRW,WisdomTree U.S. Quality Growth Fund,Y
5429,QHY,WisdomTree U.S. High Yield Corporate Bond Fund,Y
5430,QID,ProShares UltraShort QQQ,Y
5431,QIDX,Indexperts Quality Earnings Focused ETF,Y
5432,QIG,WisdomTree U.S. Corporate Bond Fund,Y
5433,QINT,American Century Quality Diversified International ETF,Y
5434,QIS,Simplify Multi-QIS Alternative ETF,Y
5435,QJL,Corgi Growth & Technology 10% Structured Buffer ETF - July Series,Y
5436,QJN,Corgi Growth & Technology 10% Structured Buffer ETF - June Series,Y
5437,QJUN,FT Vest Nasdaq-100 Buffer ETF - June,Y
5438,QLC,Northern Trust US Quality Large Cap ETF,Y
5439,QLD,ProShares Ultra QQQ,Y
5440,QLEP,Quantum Leap Acquisition Corp Class A Ordinary Shares,N
5441,QLEP.W,"Quantum Leap Acquisition Corp Warrants, each whole warrant exercisable for one Class A Ordinary Share at an exercise price of $11.50 per share",N
5442,QLTA,iShares Aaa A Rated Corporate Bond ETF,Y
5443,QLTI,GMO International Quality ETF,Y
5444,QLTY,GMO U.S. Quality ETF,Y
5445,QLV,Northern Trust US Quality Low Volatility ETF,Y
5446,QLVD,Northern Trust Developed Markets ex-US Quality Low Volatility ETF,Y
5447,QLVE,Northern Trust Emerging Markets Quality Low Volatility ETF,Y
5448,QMAG,FT Vest Nasdaq-100 Moderate Buffer ETF - August,Y
5449,QMAR,FT Vest Nasdaq-100 Buffer ETF - March,Y
5450,QMFE,FT Vest Nasdaq-100 Moderate Buffer ETF - February,Y
5451,QMMY,FT Vest Nasdaq-100 Moderate Buffer ETF - May,Y
5452,QMNV,FT Vest Nasdaq-100 Moderate Buffer ETF - November,Y
5453,QMY,Corgi Growth & Technology 10% Structured Buffer ETF - May Series,Y
5454,QNC,Quantum eMotion Corp. Common Shares,N
5455,QNTU,Tradr 2X Long QNT Daily ETF,Y
5456,QPX,AdvisorShares Q Dynamic Growth ETF,Y
5457,QQAU,Corgi Growth & Technology 15% Structured Buffer ETF - August Series,Y
5458,QQH,HCM Defender 100 Index ETF,Y
5459,QQJL,Corgi Growth & Technology 15% Structured Buffer ETF - July Series,Y
5460,QQJN,Corgi Growth & Technology 15% Structured Buffer ETF - June Series,Y
5461,QQMY,Corgi Growth & Technology 15% Structured Buffer ETF - May Series,Y
5462,QQQD,Direxion Daily Magnificent 7 Bear 1X ETF,Y
5463,QQQU,Direxion Daily Magnificent 7 Bull 2X ETF,Y
5464,QRED,QuasarEdge Acquisition Corporation Ordinary Shares,N
5465,QRED.R,QuasarEdge Acquisition Corporation Rights to receive one-fourth (1/4) of one Ordinary Share,N
5466,QRED.U,"QuasarEdge Acquisition Corporation Units, each consisting of one Ordinary Share and one right entitling the holder to receive one-fourth (1/4) of one Ordinary Share",N
5467,QSIG,WisdomTree U.S. Short Term Corporate Bond Fund,Y
5468,QSOL,Invesco Galaxy Solana ETF,Y
5469,QSPT,FT Vest Nasdaq-100 Buffer ETF - September,Y
5470,QSR,Restaurant Brands International Inc. Common Shares,N
5471,QSU,Defiance Daily Target 2X Long QS ETF,Y
5472,QTAC,Q3 All-Season Tactical Advantage ETF,Y
5473,QTAP,Innovator Growth Accelerated Plus ETF - April,Y
5474,QTJA,Innovator Growth Accelerated Plus ETF - January,Y
5475,QTJL,Innovator Growth Accelerated Plus ETF - July,Y
5476,QTOC,Innovator Growth Accelerated Plus ETF - October,Y
5477,QTPI,North Square RCIM Tax-Advantaged Preferred and Income Securities ETF,Y
5478,QTUP,Defiance Long Pure Quantum ETF,Y
5479,QTWO,"Q2 Holdings, Inc. Common Stock",N
5480,QUA,Corgi QBTS 2x Daily ETF,Y
5481,QUAD,"Quad Graphics, Inc Class A Common Stock",N
5482,QUAL,iShares MSCI USA Quality Factor ETF,Y
5483,QUBX,Tradr 2X Long QUBT Daily ETF,Y
5484,QUIZ,Zacks Quality International ETF,Y
5485,QUS,State Street SPDR MSCI USA StrategicFactors ETF,Y
5486,QUSA,VistaShares Target 15 USA Quality Income ETF,Y
5487,QVML,Invesco S&P 500 QVM Multi-factor ETF,Y
5488,QVMM,Invesco S&P MidCap 400 QVM Multi-factor ETF,Y
5489,QVMS,Invesco S&P SmallCap 600 QVM Multi-factor ETF,Y
5490,QVMT,Invesco S&P 500 Concentrated QVM ETF,Y
5491,QVOY,Q3 Active Rotation ETF,Y
5492,QWLD,State Street SPDR MSCI World StrategicFactors ETF,Y
5493,QXO,"QXO, Inc. Common Stock",N
5494,QXO$B,"QXO, Inc.  Depositary Shares, each representing a 1/20th interest in a share of 5.50% Series B Mandatory Convertible Preferred Stock",N
5495,R,"Ryder System, Inc. Common Stock",N
5496,RA,Brookfield Real Assets Income Fund Inc. Common Stock,N
5497,RAAA,Reckoner Yield Enhanced AAA CLO ETF,Y
5498,RAAR,Reckoner Yield Enhanced AAA CLO Reinvesting ETF,Y
5499,RAAX,VanEck Real Assets ETF,Y
5500,RAAY,Reckoner Yield Enhanced AAA CLO Annual ETF,Y
5501,RAC,Rithm Acquisition Corp. Class A Ordinary Shares,N
5502,RAC.U,Rithm Acquisition Corp. Units (each consists of one Class A Ordinary Share and one-third of one redeemable Warrant),N
5503,RAC.W,"Rithm Acquisition Corp. Redeemable warrants, each whole warrant exercisable for one Class A ordinary share at an exercise price of $11.50",N
5504,RACE,Ferrari N.V. Common Shares,N
5505,RACK,VanEck Data Center Supply Chain ETF,Y
5506,RAFE,PIMCO RAFI ESG U.S. ETF,Y
5507,RAL,Ralliant Corporation Common Stock,N
5508,RAM,Roundhill T-REX 2X Long DRAM Daily Target ETF,Y
5509,RAML,Leverage Shares 2X Long Memory Daily ETF,Y
5510,RAMP,"LiveRamp Holdings, Inc. Common Stock",N
5511,RAMZ,T-REX 2X Inverse DRAM Daily Target ETF,Y
5512,RANK,Defiance KSM TipRanks Analyst ETF,Y
5513,RAVI,Northern Trust Ultra-Short Fixed Income ETF,Y
5514,RB,ProShares Russell 2000 Dynamic Buffer ETF,Y
5515,RBA,"RB Global, Inc. Common Stock",N
5516,RBC,RBC Bearings Incorporated Common Stock,N
5517,RBLD,First Trust Alerian US NextGen Infrastructure ETF,Y
5518,RBLU,T-REX 2X Long RBLX Daily Target ETF,Y
5519,RBLX,Roblox Corporation Class A Common Stock,N
5520,RBLY,YieldMax RBLX Option Income Strategy ETF,Y
5521,RBRK,"Rubrik, Inc. Class A Common Stock",N
5522,RBUF,Innovator U.S. Small Cap 10 Buffer ETF - Quarterly,Y
5523,RC,Ready Capital Corporation Common Stock,N
5524,RC$C,Ready Capital Corporation 6.25% Series C Cumulative Convertible Preferred Stock,N
5525,RC$E,Ready Capital Corporation 6.50% Series E Cumulative Redeemable Preferred Stock,N
5526,RCD,Ready Capital Corporation 9.00% Senior Notes due 2029,N
5527,RCG,"RENN Fund, Inc Common Stock",N
5528,RCI,"Rogers Communication, Inc. Common Stock",N
5529,RCL,Royal Caribbean Cruises Ltd. Common Stock,N
5530,RCLO,Reckoner BBB-B CLO ETF,Y
5531,RCLR,Reckoner BBB-B CLO Reinvesting ETF,Y
5532,RCLY,Reckoner BBB-B CLO Annual ETF,Y
5533,RCS,"PIMCO Strategic Income Fund, Inc.",N
5534,RCTR,First Trust Bloomberg Nuclear Power ETF,Y
5535,RCUS,"Arcus Biosciences, Inc. Common Stock",N
5536,RDDC,Corgi RDDT 2x Daily ETF,Y
5537,RDDT,"Reddit, Inc. Class A Common Stock",N
5538,RDFI,Rareview Dynamic Fixed Income ETF,Y
5539,RDIV,Invesco S&P Ultra Dividend Revenue ETF,Y
5540,RDN,Radian Group Inc. Common Stock,N
5541,RDOG,ALPS REIT Dividend Dogs ETF,Y
5542,RDTE,Roundhill Russell 2000 0DTE Covered Call Strategy ETF,Y
5543,RDVI,FT Vest Rising Dividend Achievers Target Income ETF,Y
5544,RDW,Redwire Corporation Common Stock,N
5545,RDWU,T-REX 2X Long RDW Daily Target ETF,Y
5546,RDY,Dr. Reddy's Laboratories Ltd Common Stock,N
5547,RDYY,YieldMax RDDT Option Income Strategy ETF,Y
5548,REA,"Rare Earths Americas, Inc. Common Stock",N
5549,RECI,Columbia Research Enhanced Core Premium Income ETF,Y
5550,RECS,Columbia Research Enhanced Core ETF,Y
5551,REED,"Reed's, Inc. Common Stock",N
5552,REET,iShares Global REIT ETF,Y
5553,REF,Reformation Inc. Common Stock,N
5554,REFA,Columbia Research Enhanced International Equity ETF,Y
5555,REGL,ProShares S&P MidCap 400 Dividend Aristocrats ETF,Y
5556,REGS,Columbia Large Cap Growth ETF,Y
5557,REI,"Ring Energy, Inc. Common Stock",N
5558,REK,ProShares Short Real Estate,Y
5559,RELX,RELX PLC PLC American Depositary Shares (Each representing One Ordinary Share),N
5560,REM,iShares Mortgage Real Estate ETF,Y
5561,REMC,Columbia Research Enhanced Mid Cap ETF,Y
5562,REMX,VanEck Rare Earth and Strategic Metals ETF,Y
5563,REPX,"Riley Exploration Permian, Inc. Common Stock",N
5564,RERE,ATRenew Inc. American Depositary Shares (every three of which representing two Class A ordinary shares),N
5565,RES,"RPC, Inc. Common Stock",N
5566,RESM,Columbia Research Enhanced Small Cap ETF,Y
5567,RETL,Direxion Daily Retail Bull 3X ETF,Y
5568,REVS,Columbia Research Enhanced Value ETF,Y
5569,REW,ProShares UltraShort Technology,Y
5570,REX,REX American Resources Corporation,N
5571,REXR,"Rexford Industrial Realty, Inc. Common Stock",N
5572,REXR$B,"Rexford Industrial Realty, Inc. 5.875% Series B Cumulative Redeemable Preferred Stock",N
5573,REXR$C,"Rexford Industrial Realty, Inc. 5.625% Series C Cumulative Redeemable Preferred Stock, par value $0.01 per share",N
5574,REZ,iShares Residential and Multisector Real Estate ETF,Y
5575,REZI,"Resideo Technologies, Inc. Common Stock ",N
5576,RF,Regions Financial Corporation Common Stock,N
5577,RF$C,"Regions Financial Corporation Depositary Shares, each Representing a 1/40th Interest in a  Share of 5.700% Fixed-to-Floating Rate Non-Cumulative  Perpetual Preferred Stock, Series C",N
5578,RF$E,"Regions Financial Corporation Depositary Shares, Each Representing a 1/40th Interest in a Share of 4.45% Non-Cumulative Perpetual Preferred Stock, Series E",N
5579,RF$F,"Regions Financial Corporation Depositary Shares Each Representing a 1/40th Interest in a Share of Non-Cumulative Perpetual Preferred Stock, Series F",N
5580,RFCI,ALPS Dynamic Core Income ETF,Y
5581,RFDA,ALPS Dynamic US Dividend Advantage ETF,Y
5582,RFFC,ALPS Active Equity Opportunity ETF,Y
5583,RFG,Invesco S&P MidCap 400 Pure Growth ETF,Y
5584,RFI,"Cohen & Steers Total Return Realty Fund, Inc. Common Stock",N
5585,RFIX,Simplify Bond Bull ETF,Y
5586,RFL,"Rafael Holdings, Inc. Class B Common Stock",N
5587,RFLR,Innovator U.S. Small Cap Managed Floor ETF,Y
5588,RFM,"RiverNorth Flexible Municipal Income Fund, Inc. Common Stock",N
5589,RFMZ,"RiverNorth Flexible Municipal Income Fund II, Inc. Common Stock",N
5590,RFV,Invesco S&P MidCap 400 Pure Value ETF,Y
5591,RGA,"Reinsurance Group of America, Incorporated Common Stock",N
5592,RGEF,Rockefeller Global Equity ETF,Y
5593,RGNT,Regentis Biomaterials Ltd. Ordinary Shares,N
5594,RGR,"Sturm, Ruger & Company, Inc. Common Stock",N
5595,RGT,"Royce Global Trust, Inc. Common Stock",N
5596,RGTC,Corgi RGTI 2x Daily ETF,Y
5597,RGTU,Tradr 2X Long RGTI Daily ETF,Y
5598,RH,RH Common Stock,N
5599,RHI,Robert Half Inc. Common Stock,N
5600,RHLD,Resolute Holdings Management Common Stock ,N
5601,RHP,"Ryman Hospitality Properties, Inc. (REIT)",N
5602,RHRX,RH Tactical Rotation ETF,Y
5603,RHTX,RH Tactical Outlook ETF,Y
5604,RIET,Hoya Capital High Dividend Yield ETF,Y
5605,RIG,Transocean Ltd (Switzerland) Common Stock,N
5606,RIGS,ALPS Strategic Income Fund,Y
5607,RILA,Indexperts Gorilla Aggressive Growth ETF,Y
5608,RINF,ProShares Inflation Expectations ETF,Y
5609,RIO,Rio Tinto Plc Common Stock,N
5610,RIOX,Defiance Daily Target 2X Long RIOT ETF,Y
5611,RISE,Pictet Emerging Markets Rising Economies ETF,Y
5612,RISN,Inspire Capital Appreciation ETF,Y
5613,RISR,FolioBeyond Alternative Income and Interest Rate Hedge ETF,Y
5614,RITA,ETFB Green SRI REITs ETF,Y
5615,RITM,Rithm Capital Corp. Common Stock,N
5616,RITM$A,Rithm Capital Corp. 7.50% Series A Fixed-to-Floating Rate Cumulative Redeemable Preferred Stock,N
5617,RITM$B,Rithm Capital Corp. 7.125% Series B Fixed-to-Floating Rate Cumulative Redeemable Preferred Stock,N
5618,RITM$C,Rithm Capital Corp. 6.375% Series C Fixed-to-Floating Rate Cumulative Redeemable Preferred Stock,N
5619,RITM$D,Rithm Capital Corp. 7.00% Fixed-Rate Reset Series D Cumulative Redeemable Preferred Stock,N
5620,RITM$E,Rithm Capital Corp. 8.75% Series E Fixed-Rate Cumulative Redeemable Preferred Stock,N
5621,RITM$F,Rithm Capital Corp. 8.750% Series F Fixed-Rate Reset Cumulative Redeemable Preferred Stock,N
5622,RIV,"RiverNorth Opportunities Fund, Inc. Common Stock",N
5623,RIV$A,"RiverNorth Opportunities Fund, Inc. 6.00% Series A Perpetual Preferred Stock",N
5624,RIVC,Corgi RIVN 2x Daily ETF,Y
5625,RIZE,Principal Inflation Protection ETF,Y
5626,RJCA,RJ ClariVest Capital Appreciation ETF,Y
5627,RJDI,RJ Eagle GCM Dividend Select Income ETF,Y
5628,RJF,"Raymond James Financial, Inc. Common Stock",N
5629,RJMI,RJ Eagle Municipal Income ETF,Y
5630,RJVI,RJ Eagle Vertical Income ETF,Y
5631,RKSG,Ruk Strategic Growth ETF,Y
5632,RKT,"Rocket Companies, Inc. Class A Common Stock",N
5633,RKTL,Defiance Daily Target 2X Long RKT ETF,Y
5634,RKX,Corgi RKLB 2x Daily ETF,Y
5635,RL,Ralph Lauren Corporation Common Stock,N
5636,RLGT,"Radiant Logistics, Inc. Common Stock",N
5637,RLI,RLI Corp. Common Stock (DE),N
5638,RLJ,RLJ Lodging Trust Common Shares of Beneficial Interest $0.01 par value,N
5639,RLJ$A,RLJ Lodging Trust $1.95 Series A Cumulative Convertible  Preferred Shares,N
5640,RLTY,Cohen & Steers Real Estate Opportunities and Income Fund Common Shares of Beneficial Interest,N
5641,RLX,"RLX Technology Inc. American Depositary Shares, each representing the right to receive one (1) Class A ordinary share",N
5642,RLY,State Street Multi-Asset Real Return ETF,Y
5643,RM,Regional Management Corp. Common Stock,N
5644,RMAX,"RE/MAX Holdings, Inc. Class A Common Stock",N
5645,RMBC,Corgi RMBS 2x Daily ETF,Y
5646,RMBX,Tradr 2X Long RMBS Daily ETF,Y
5647,RMCA,Rockefeller California Municipal Bond ETF,Y
5648,RMD,ResMed Inc. Common Stock,N
5649,RMHY,Global X Adaptive Risk Managed Yield ETF,Y
5650,RMI,"RiverNorth Opportunistic Municipal Income Fund, Inc. Common Stock",N
5651,RMM,"RiverNorth Managed Duration Municipal Income Fund, Inc. Common Stock",N
5652,RMME,Rareview Government Money Market ETF,Y
5653,RMMZ,"RiverNorth Managed Duration Municipal Income Fund II, Inc. Common Stock",N
5654,RMNY,Rockefeller New York Municipal Bond ETF,Y
5655,RMOP,Rockefeller Opportunistic Municipal Bond ETF,Y
5656,RMRC,ARMOR Core Risk-Managed ETF,Y
5657,RMT,"Royce Micro-Cap Trust, Inc. Common Stock",N
5658,RND,First Trust Bloomberg R&D Leaders ETF,Y
5659,RNG,"RingCentral, Inc. Class A Common Stock",N
5660,RNGR,"Ranger Energy Services, Inc. Class A Common Stock",N
5661,RNMN,RiverNorth Market Neutral ETF,Y
5662,RNP,"Cohen & Steers REIT and Preferred and Income Fund, Inc. Common Shares",N
5663,RNR,RenaissanceRe Holdings Ltd. Common Stock,N
5664,RNR$F,"RenaissanceRe Holdings Ltd. Depositary Shares, each Representing a 1/1,000th Interest in a 5.750% Series F Preference Share",N
5665,RNR$G,"RenaissanceRe Holdings Ltd. Depositary Shares, each representing a 1/1,000th interest in a share of 4.20% Series G Preference Shares",N
5666,RNST,Renasant Corporation Common Stock,N
5667,RNTY,YieldMax Target 12 Real Estate Option Income ETF,Y
5668,ROAM,Hartford Multifactor Emerging Markets ETF,Y
5669,ROBN,T-Rex 2X Long HOOD Daily Target ETF,Y
5670,ROBO,ROBO Global Robotics and Automation Index ETF,Y
5671,ROBX,Amplify Top 10 Robotics ETF,Y
5672,RODM,Hartford Multifactor Developed Markets (ex-US) ETF,Y
5673,ROG,Rogers Corporation Common Stock,N
5674,ROK,"Rockwell Automation, Inc. Common Stock",N
5675,ROKT,State Street SPDR S&P Kensho Final Frontiers ETF,Y
5676,ROL,"Rollins, Inc. Common Stock",N
5677,ROLR,"High Roller Technologies, Inc. Common Stock",N
5678,ROM,ProShares Ultra Technology,Y
5679,ROMO,Strategy Shares Newfound/ReSolve Robust Momentum ETF,Y
5680,RONB,Baron First Principles ETF,Y
5681,ROPE,Coastal Compass 100 ETF,Y
5682,ROSC,Hartford Multifactor Small Cap ETF,Y
5683,ROUS,Hartford Multifactor U.S. Equity ETF,Y
5684,RPAR,RPAR Risk Parity ETF,Y
5685,RPC,"Ridgepost Capital, Inc. Class A Common Stock",N
5686,RPG,Invesco S&P 500 Pure Growth ETF,Y
5687,RPM,RPM International Inc. Common Stock,N
5688,RPT,Rithm Property Trust Inc. Common stock,N
5689,RPT$C,Rithm Property Trust Inc. 9.875% Series C Fixed-to-Floating Rate Cumulative Redeemable Preferred Stock,N
5690,RPV,Invesco S&P 500 Pure Value ETF,Y
5691,RQI,Cohen & Steers Quality Income Realty Fund Inc Common Shares,N
5692,RRC,Range Resources Corporation Common Stock,N
5693,RRX,Regal Rexnord Corporation Common Stock,N
5694,RS,"Reliance, Inc. Common Stock",N
5695,RSBA,Return Stacked Bonds & Merger Arbitrage ETF,Y
5696,RSBT,Return Stacked Bonds & Managed Futures ETF,Y
5697,RSBY,Return Stacked Bonds & Futures Yield ETF,Y
5698,RSDE,FT Vest U.S. Equity Equal Weight Buffer ETF - December,Y
5699,RSEE,Rareview Systematic Equity ETF,Y
5700,RSF,RiverNorth Capital and Income Fund Common Stock,N
5701,RSG,"Republic Services, Inc. Common Stock",N
5702,RSI,"Rush Street Interactive, Inc. Class A Common Stock",N
5703,RSIT,Return Stacked International Stocks & Managed Futures ETF,Y
5704,RSJN,FT Vest U.S. Equity Equal Weight Buffer ETF - June,Y
5705,RSKD,Riskified Ltd. Class A Ordinary Shares,N
5706,RSMC,Rockefeller U.S. Small-Mid Cap ETF,Y
5707,RSMR,FT Vest U.S. Equity Equal Weight Buffer ETF - March,Y
5708,RSMV,Relative Strength Managed Volatility Strategy ETF,Y
5709,RSP,Invesco S&P 500 Equal Weight ETF,Y
5710,RSPA,Invesco S&P 500 Equal Weight Income Advantage ETF,Y
5711,RSPC,Invesco S&P 500 Equal Weight Communication Services ETF,Y
5712,RSPD,Invesco S&P 500 Equal Weight Consumer Discretionary ETF,Y
5713,RSPE,Invesco ESG S&P 500 Equal Weight ETF,Y
5714,RSPF,Invesco S&P 500 Equal Weight Financial ETF,Y
5715,RSPG,Invesco S&P 500 Equal Weight Energy ETF,Y
5716,RSPH,Invesco S&P 500 Equal Weight Health Care ETF,Y
5717,RSPM,Invesco S&P 500 Equal Weight Materials ETF,Y
5718,RSPN,Invesco S&P 500 Equal Weight Industrials Portfolio,Y
5719,RSPR,Invesco S&P 500 Equal Weight Real Estate ETF,Y
5720,RSPS,Invesco S&P 500 Equal Weight Consumer Staples ETF,Y
5721,RSPT,Invesco S&P 500 Equal Weight Technology ETF,Y
5722,RSPU,Invesco S&P 500 Equal Weight Utilities ETF,Y
5723,RSSB,Return Stacked Global Stocks & Bonds ETF,Y
5724,RSSE,FT Vest U.S. Equity Equal Weight Buffer ETF  September,Y
5725,RSSL,Global X Russell 2000 ETF,Y
5726,RSST,Return Stacked U.S. Stocks & Managed Futures ETF,Y
5727,RSSX,Return Stacked U.S. Stocks & Gold/Bitcoin ETF,Y
5728,RSSY,Return Stacked U.S. Stocks & Futures Yield ETF,Y
5729,RTAI,Rareview Tax Advantaged Income ETF,Y
5730,RTO,Rentokil Initial plc American Depositary Shares (each representing five (5) Ordinary Shares),N
5731,RTOO,VistaShares Robotics Supercycle ETF,Y
5732,RTRE,Rareview Total Return Bond ETF,Y
5733,RTX,RTX Corporation Common Stock,N
5734,RULE,Adaptive Core ETF,Y
5735,RVER,Trenchless Fund ETF,Y
5736,RVI,Robinhood Ventures Fund I Common Shares of Beneficial Interest,N
5737,RVII,Robinhood Ventures Fund II Common Shares of Beneficial Interest,N
5738,RVLV,"Revolve Group, Inc. Class A Common Stock",N
5739,RVNU,Xtrackers Municipal Infrastructure Revenue Bond Active ETF,Y
5740,RVP,"Retractable Technologies, Inc. Common Stock",N
5741,RVT,"Royce Small-Cap Trust, Inc. Common Stock",N
5742,RVTY,"Revvity, Inc. Common Stock",N
5743,RW,Rainwater Equity ETF,Y
5744,RWEM,Rayliant Wilshire NxtGen Emerging Markets Equity ETF,Y
5745,RWJ,Invesco S&P SmallCap 600 Revenue ETF,Y
5746,RWK,Invesco S&P MidCap 400 Revenue ETF,Y
5747,RWL,Invesco S&P 500 Revenue ETF,Y
5748,RWLC,Rayliant Wilshire NxtGen US Large Cap Equity ETF,Y
5749,RWM,ProShares Short Russell2000,Y
5750,RWO,State Street SPDR Dow Jones Global Real Estate ETF,Y
5751,RWR,State Street SPDR Dow Jones REIT ETF,Y
5752,RWT,"Redwood Trust, Inc. Common Stock",N
5753,RWT$A,"Redwood Trust, Inc. 10.00% Series A Fixed-Rate Reset Cumulative Redeemable Preferred Stock",N
5754,RWTN,"Redwood Trust, Inc. 9.125% Senior Notes Due 2029",N
5755,RWTO,"Redwood Trust, Inc. 9.00% Senior Notes Due 2029",N
5756,RWTP,"Redwood Trust, Inc. 9.125% Senior Notes Due 2030",N
5757,RWTQ,"Redwood Trust, Inc. 9.500% Senior Notes Due 2030",N
5758,RWTS,"Redwood Trust, Inc. 9.75% Senior Notes Due 2031",N
5759,RWX,State Street SPDR Dow Jones International Real Estate ETF,Y
5760,RXD,ProShares UltraShort Health Care,Y
5761,RXI,iShares Global Consumer Discretionary ETF,Y
5762,RXL,ProShares Ultra Health Care,Y
5763,RXO,"RXO, Inc. Common Stock",N
5764,RY,Royal Bank Of Canada Common Stock,N
5765,RYAM,Rayonier Advanced Materials Inc. Common Stock,N
5766,RYAN,"Ryan Specialty Holdings, Inc. Class A Common Stock",N
5767,RYDE,Ryde Group Ltd. Class A Ordinary Shares,N
5768,RYLD,Global X Russell 2000 Covered Call ETF,Y
5769,RYLG,Global X Russell 2000 Covered Call & Growth ETF,Y
5770,RYN,Rayonier Inc. REIT Common Stock,N
5771,RYZ,Ryerson Holding Corporation Common Stock,N
5772,RZC,"Reinsurance Group of America, Incorporated 7.125% Fixed-Rate Reset Subordinated Debentures due 2052",N
5773,RZG,Invesco S&P SmallCap 600 Pure Growth ETF,Y
5774,RZV,Invesco S&P SmallCap 600 Pure Value ETF,Y
5775,S,"SentinelOne, Inc. Class A Common Stock",N
5776,SA,"Seabridge Gold, Inc. Common Shares New",N
5777,SAA,ProShares Ultra SmallCap600,Y
5778,SABA,Saba Capital Income & Opportunities Fund II Shares of Beneficial Interest,N
5779,SAC,Safeguard Acquisition Corp. Class A Ordinary Shares,N
5780,SAC.U,"Safeguard Acquisition Corp. Units, each consisting of one Class A ordinary share and one-half of one redeemable warrant",N
5781,SAC.W,"Safeguard Acquisition Corp. Warrants, each whole warrant exercisable for one Class A ordinary share at an exercise price of $11.50 per share",N
5782,SACH,Sachem Capital Corp. Common Shares,N
5783,SACH$A,Sachem Capital Corp. 7.75% Series A Cumulative Redeemable Preferred Stock,N
5784,SAFE,Safehold Inc. New Common Stock ,N
5785,SAGP,Strategas Global Policy Opportunities ETF,Y
5786,SAGU,Shreya Acquisition Group Class A Ordinary Shares,N
5787,SAGU.R,"Shreya Acquisition Group Rights, each entitling the holder to receive one-fourth of one Class A Ordinary Share",N
5788,SAGU.U,"Shreya Acquisition Group Units, each consisting of one Class A Ordinary Share, one redeemable warrant and one right entitling the holder to one-fourth of one Class A Ordinary Share",N
5789,SAGU.W,"Shreya Acquisition Group Redeemable warrants, entitling the holder to purchase one Class A Ordinary Share at $11.50 per share",N
5790,SAH,"Sonic Automotive, Inc. Common Stock",N
5791,SAJ,Saratoga Investment Corp 8.00% Notes due 2027,N
5792,SAM,"Boston Beer Company, Inc. (The) Common Stock",N
5793,SAMM,Strategas Macro Momentum ETF,Y
5794,SAMO.U,"Samos Energy Acquisition Corporation Units, each consisting of one Class A Ordinary Share and one-half of one Warrant",N
5795,SAMT,Strategas Macro Thematic Opportunities ETF,Y
5796,SAN,"Banco Santander, S.A. Sponsored ADR (Spain)",N
5797,SAP,SAP  SE ADS,N
5798,SAPH,SAP SE ADRhedged,Y
5799,SAR,Saratoga Investment Corp New,N
5800,SARO,"StandardAero, Inc. Common Stock",N
5801,SASS,M.D. Sass Concentrated Value ETF,Y
5802,SAT,Saratoga Investment Corp 6.00% Notes due 2027,N
5803,SATO,Invesco Alerian Galaxy Crypto Economy ETF,Y
5804,SAUG,FT Vest U.S. Small Cap Moderate Buffer ETF - August,Y
5805,SAV,Saratoga Investment Corp 7.50% Notes due 2031,N
5806,SAWG,AAM Sawgrass US Large Cap Quality Growth ETF,Y
5807,SAWS,AAM Sawgrass US Small Cap Quality Growth ETF,Y
5808,SAY,Saratoga Investment Corp 8.125% Notes due 2027,N
5809,SAZ,Saratoga Investment Corp 8.50% Notes due 2028,N
5810,SB,"Safe Bulkers, Inc Common Stock ($0.001 par value)",N
5811,SB$C,"Safe Bulkers, Inc Cumulative Redeemable Perpetual Preferred Series C (Marshall Islands)",N
5812,SB$D,"Safe Bulkers, Inc Perpetual Preferred Series D (Marshall Islands)",N
5813,SBAR,Simplify Barrier Income ETF,Y
5814,SBB,ProShares Short SmallCap600,Y
5815,SBEV,"Splash Beverage Group, Inc. (NV) Common Stock",N
5816,SBH,"Sally Beauty Holdings, Inc. (Name to be changed from Sally Holdings, Inc.) Common Stock",N
5817,SBI,Western Asset Intermediate Muni Fund Inc Common Stock,N
5818,SBIL,Simplify Government Money Market ETF,Y
5819,SBIO,ALPS Medical Breakthroughs ETF,Y
5820,SBIT,ProShares UltraShort Bitcoin ETF,Y
5821,SBMT,Silver Bow Mining Corp. Common Shares,N
5822,SBND,Columbia Short Duration Bond ETF,Y
5823,SBR,Sabine Royalty Trust Common Stock,N
5824,SBS,Companhia de saneamento Basico Do Estado De Sao Paulo - Sabesp American Depositary Shares (Each repstg 250 Common Shares),N
5825,SBSI,"Southside Bancshares, Inc. Common Stock",N
5826,SBSW,D/B/A Sibanye-Stillwater Limited ADS,N
5827,SBTU,T-REX 2X Long SBET Daily Target ETF,Y
5828,SBXD,SilverBox Corp IV Class A Ordinary Shares,N
5829,SBXD.U,"SilverBox Corp IV Units, each consisting of one Class A ordinary share and one-third of one redeemable warrant",N
5830,SBXD.W,"SilverBox Corp IV Redeemable warrants, each whole warrant exercisable for one Class A Ordinary Share at an exercise price of $11.50",N
5831,SBXE,SilverBox Corp V Class A Ordinary Shares,N
5832,SBXE.U,"SilverBox Corp V Units, each consisting of one Class A Ordinary Share and one-third of one redeemable warrant",N
5833,SBXE.W,"SilverBox Corp V Redeemable warrants, each whole warrant exercisable for one Class A Ordinary Share at an exercise price of $11.50",N
5834,SCAP,Infrastructure Capital Small Cap Income ETF,Y
5835,SCAU,Corgi U.S. Small-Cap 15% Structured Buffer ETF - August Series,Y
5836,SCC,ProShares UltraShort Consumer Discretionary,Y
5837,SCCD,Sachem Capital Corp. 6.00% Notes due 2026,N
5838,SCCE,Sachem Capital Corp. 6.00% Notes due 2027,N
5839,SCCF,Sachem Capital Corp. 7.125% Notes due 2027,N
5840,SCCG,Sachem Capital Corp. 8.00% Notes due 2027,N
5841,SCCO,Southern Copper Corporation Common Stock,N
5842,SCCR,Schwab Core Bond ETF,Y
5843,SCD,LMP Capital and Income Fund Inc. Common Stock,N
5844,SCDV,Bahl & Gaynor Small Cap Dividend ETF,Y
5845,SCE$G,SCE Trust II Trust Preferred Securities,N
5846,SCE$L,SCE TRUST VI,N
5847,SCE$M,SCE Trust VII 7.50% Trust Preference Securities,N
5848,SCE$N,SCE Trust VIII 6.95% Trust Preference Securities,N
5849,SCEC,Sterling Capital Enhanced Core Bond ETF,Y
5850,SCEP,Sterling Capital Hedged Equity Premium Income ETF,Y
5851,SCHA,Schwab U.S. Small-Cap ETF,Y
5852,SCHB,Schwab U.S. Broad Market ETF,Y
5853,SCHC,Schwab International Small-Cap Equity ETF,Y
5854,SCHD,Schwab US Dividend Equity ETF,Y
5855,SCHE,Schwab Emerging Markets Equity ETF,Y
5856,SCHF,Schwab International Equity ETF,Y
5857,SCHG,Schwab U.S. Large-Cap Growth ETF,Y
5858,SCHH,Schwab U.S. REIT ETF,Y
5859,SCHI,Schwab 5-10 Year Corporate Bond ETF,Y
5860,SCHJ,Schwab 1-5 Year Corporate Bond ETF,Y
5861,SCHK,Schwab 1000 Index ETF,Y
5862,SCHM,Schwab U.S. Mid Cap ETF,Y
5863,SCHO,Schwab Short-Term U.S. Treasury ETF,Y
5864,SCHP,Schwab U.S. TIPS ETF,Y
5865,SCHQ,Schwab Long-Term U.S. Treasury ETF,Y
5866,SCHR,Schwab Intermediate-Term U.S. Treasury ETF,Y
5867,SCHV,Schwab U.S. Large-Cap Value ETF,Y
5868,SCHW,Charles Schwab Corporation (The) Common Stock,N
5869,SCHW$D,"The Charles Schwab Corporation Depositary Shares each representing 1/40th interest in a share of 5.95% Non-Cumulative Perpetual Preferred Stock, Series D",N
5870,SCHW$J,"The Charles Schwab Corporation Depositary Shares, Each Representing a 1/40th Interest in a Share of 4.450% Non-Cumulative Perpetual Preferred Stock, Series J",N
5871,SCHX,Schwab U.S. Large-Cap ETF,Y
5872,SCHY,Schwab International Dividend Equity ETF,Y
5873,SCHZ,Schwab US Aggregate Bond ETF,Y
5874,SCI,Service Corporation International Common Stock,N
5875,SCIO,First Trust Structured Credit Income Opportunities ETF,Y
5876,SCJ,iShares MSCI Japan Sm Cap,Y
5877,SCJL,Corgi U.S. Small-Cap 15% Structured Buffer ETF - July Series,Y
5878,SCJN,Corgi U.S. Small-Cap 15% Structured Buffer ETF - June Series,Y
5879,SCL,Stepan Company Common Stock,N
5880,SCLZ,Swan Enhanced Dividend Income ETF,Y
5881,SCM,Stellus Capital Investment Corporation Common Stock,N
5882,SCMB,Schwab Municipal Bond ETF,Y
5883,SCMC,Sterling Capital Multi-Strategy Income ETF,Y
5884,SCMY,Corgi U.S. Small-Cap 15% Structured Buffer ETF - May Series,Y
5885,SCNM,Sterling Capital National Municipal Bond ETF,Y
5886,SCO,ProShares UltraShort Bloomberg Crude Oil,Y
5887,SCOP,Sprott Physical Copper Trust Units,Y
5888,SCOW,Pacer S&P SmallCap 600 Quality FCF Aristocrats ETF,Y
5889,SCSB,Sterling Capital Short Duration Bond ETF,Y
5890,SCUB,Sterling Capital Ultra Short Bond ETF,Y
5891,SCUS,Schwab Ultra-Short Income ETF,Y
5892,SCYB,Schwab High Yield Bond ETF,Y
5893,SD,"SandRidge Energy, Inc. Common Stock",N
5894,SDCI,USCF SummerHaven Dynamic Commodity Strategy No K-1 Fund,Y
5895,SDCP,Virtus Newfleet Short Duration Core Plus Bond ETF,Y
5896,SDD,ProShares UltraShort SmallCap600,Y
5897,SDEM,Global X MSCI SuperDividend Emerging Markets ETF,Y
5898,SDEV,Stablecoin Development Corporation Common Stock,N
5899,SDFI,AB Short Duration Income ETF,Y
5900,SDHC,Smith Douglas Homes Corp. Class A Common Stock,N
5901,SDHY,PGIM Short Duration High Yield Opportunities Fund Common Shares,N
5902,SDIV,Global X SuperDividend ETF,Y
5903,SDMF,Simplify DBi CTA Managed Futures Index ETF,Y
5904,SDOG,ALPS Sector Dividend Dogs ETF,Y
5905,SDOW,UltraPro Short Dow30,Y
5906,SDP,ProShares UltraShort Utilities,Y
5907,SDRL,Seadrill Limited Common Shares,N
5908,SDS,ProShares UltraShort S&P500,Y
5909,SDUR,Aristotle Short Term Income ETF,Y
5910,SDVD,FT Vest SMID Rising Dividend Achievers Target Income ETF,Y
5911,SDY,State Street SPDR S&P Dividend ETF,Y
5912,SE,"Sea Limited American Depositary Shares, each representing one Class A Ordinary Share",N
5913,SEA,U.S. Global Sea to Sky Cargo ETF,Y
5914,SEAL$A,Seapeak LLC 9.00% Series A Cumulative Redeemable Perpetual Preferred Units,N
5915,SEAL$B,Seapeak LLC 8.50% Series B Fixed-to-Floating Rate Cumulative Redeemable Perpetual Preferred Units,N
5916,SEB,Seaboard Corporation Common Stock,N
5917,SECR,NYLI MacKay Securitized Income ETF,Y
5918,SECT,Main Sector Rotation ETF,Y
5919,SECU,iShares Securitized Income Active ETF,Y
5920,SECZ,Securitize Corp. Common Stock,N
5921,SEF,ProShares Short Financials,Y
5922,SEG,Seaport Entertainment Group Inc. Common Stock,N
5923,SEI,"Solaris Energy Infrastructure, Inc. Class A Common Stock",N
5924,SEIM,SEI Enhanced U.S. Large Cap Momentum Factor ETF,Y
5925,SEIQ,SEI Enhanced U.S. Large Cap Quality Factor ETF,Y
5926,SEIV,SEI Enhanced U.S. Large Cap Value Factor ETF,Y
5927,SEIX,Virtus Seix Senior Loan ETF,Y
5928,SELV,SEI Enhanced Low Volatility U.S. Large Cap ETF,Y
5929,SEMG,Suncoast Select Growth ETF,Y
5930,SEMI,Columbia Select Technology ETF,Y
5931,SEPI,Shelton Equity Premium Income ETF,Y
5932,SEPM,FT Vest U.S. Equity Max Buffer ETF - September,Y
5933,SEPP,PGIM S&P 500 Buffer 12 ETF - September,Y
5934,SEPT,AllianzIM U.S. Large Cap Buffer10 Sep ETF,Y
5935,SEPU,AllianzIM U.S. Equity Buffer15 Uncapped Sep ETF,Y
5936,SEPW,AllianzIM U.S. Large Cap Buffer20 Sep ETF,Y
5937,SEPZ,TrueShares Structured Outcome (September) ETF,Y
5938,SER,"Serina Therapeutics, Inc. Common Stock",N
5939,SES,SES AI Corporation Class A Common Stock,N
5940,SETH,ProShares Short Ether ETF,Y
5941,SF,Stifel Financial Corporation Common Stock,N
5942,SF$B,"Stifel Financial Corporation Depositary Shares, Each Representing 1/1,000th  Interest in a Share of 6.25% Non-Cumulative  Preferred Stock, Series B",N
5943,SF$C,"Stifel Financial Corporation Depositary Shares, Each Representing 1/1,000th Interest in a Share of 6.125% Non Cumulative Preferred Stock, Series C",N
5944,SF$D,"Stifel Financial Corporation Depositary Shares, Each Representing 1/1,000th Interest in a Share of 4.50% Non-Cumulative Preferred Stock, Series D",N
5945,SFB,Stifel Financial Corporation 5.20% Senior Notes due 2047,N
5946,SFBS,"ServisFirst Bancshares, Inc. Common Stock",N
5947,SFEB,FT Vest U.S. Small Cap Moderate Buffer ETF - February,Y
5948,SFGV,Sequoia Global Value ETF,Y
5949,SFL,SFL Corporation Ltd,N
5950,SFLR,Innovator Equity Managed Floor ETF,Y
5951,SFTX,Horizon International Managed Risk ETF,Y
5952,SFTY,Horizon Managed Risk ETF,Y
5953,SFY,SoFi Select 500 ETF,Y
5954,SFYF,SoFi Social 50 ETF,Y
5955,SFYI,SoFi Social 50 Income ETF,Y
5956,SG,"Sweetgreen, Inc. Class A Common Stock",N
5957,SGDJ,Sprott Junior Gold Miners ETF,Y
5958,SGDM,Sprott Gold Miners ETF,Y
5959,SGHC,Super Group (SGHC) Limited Ordinary Shares,N
5960,SGI,Somnigroup International Inc. Common Stock,N
5961,SGLC,SGI U.S. Large Cap Core ETF,Y
5962,SGOL,abrdn Physical Gold Shares ETF,Y
5963,SGOV,iShares 0-3 Month Treasury Bond ETF,Y
5964,SGRT,SMART Earnings Growth 30 ETF,Y
5965,SGRW,Harbor Active Small Cap Growth ETF,Y
5966,SGU,Star Group L.P. Common Stock,N
5967,SGVT,Schwab Government Money Market ETF,Y
5968,SH,ProShares Short S&P500,Y
5969,SHAG,WisdomTree Yield Enhanced U.S. Short-Term Aggregate Bond Fund,Y
5970,SHAK,"Shake Shack, Inc. Class A Common Stock",N
5971,SHDG,Soundwatch Hedged Equity ETF,Y
5972,SHE,State Street SPDR MSCI USA Gender Diversity ETF,Y
5973,SHEH,Shell plc ADRhedged,Y
5974,SHEL,Shell PLC American Depositary Shares (each representing two (2) Ordinary Shares) ,N
5975,SHG,Shinhan Financial Group Co Ltd American Depositary Shares,N
5976,SHLD,Global X Defense Tech ETF,Y
5977,SHM,State Street SPDR Nuveen ICE Short Term Municipal Bond ETF,Y
5978,SHNY,"MicroSectors Gold 3X Leveraged ETNs due January 29, 2043",Y
5979,SHO,"Sunstone Hotel Investors, Inc. Sunstone Hotel Investors, Inc. Common Shares",N
5980,SHO$H,"Sunstone Hotel Investors, Inc. 6.125% Series H Cumulative Redeemable Preferred Stock",N
5981,SHO$I,"Sunstone Hotel Investors, Inc. 5.70% Series I Cumulative Redeemable Preferred Stock",N
5982,SHOC,Strive U.S. Semiconductor ETF,Y
5983,SHPP,Pacer Industrials and Logistics ETF,Y
5984,SHRD,Arimathea Catholic Core Bond ETF,Y
5985,SHRT,Gotham Short Strategies ETF,Y
5986,SHUS,Stratified LargeCap Hedged ETF,Y
5987,SHV,iShares 0-1 Year Treasury Bond ETF,Y
5988,SHW,Sherwin-Williams Company (The) Common Stock,N
5989,SHYD,VanEck Short High Yield Muni ETF,Y
5990,SHYG,iShares 0-5 Year High Yield Corporate Bond ETF,Y
5991,SHYL,Xtrackers Short Duration High Yield Bond ETF,Y
5992,SHYM,iShares Short Duration High Yield Muni Active ETF,Y
5993,SI,"Shoulder Innovations, Inc. Common Stock",N
5994,SIC,Tema Power Semiconductor ETF,Y
5995,SID,Companhia Siderurgica Nacional S.A. Common Stock,N
5996,SIF,"SIFCO Industries, Inc. Common Stock",N
5997,SIFI,Harbor Ares Systematic Multi-Sector Income ETF,Y
5998,SIG,Signet Jewelers Limited Common Shares,N
5999,SIHY,Harbor Ares Systematic High Yield ETF,Y
6000,SII,Sprott Inc. Common Shares,N
6001,SIJ,ProShares UltraShort Industrials,Y
6002,SIL,Global X Silver Miners ETF,Y
6003,SILJ,Amplify Junior Silver Miners ETF,Y
6004,SIM,"Grupo Simec, S.A.B. de C.V. American Depositary Shares",N
6005,SIMS,State Street SPDR S&P Kensho Intelligent Structures ETF,Y
6006,SIMX,Corgi SIMO 2x Daily ETF,Y
6007,SIND,Sinda Ltd. Common Stock,N
6008,SIO,Touchstone Strategic Income ETF,Y
6009,SIOO,VistaShares Target 15 S&P 100 Distribution ETF,Y
6010,SITC,SITE Centers Corp. Common Stock,N
6011,SITE,"SiteOne Landscape Supply, Inc. Common Stock",N
6012,SITX,Tradr 2X Long SITM Daily ETF,Y
6013,SIVR,abrdn Physical Silver Shares ETF,Y
6014,SIXA,ETC 6 Meridian Mega Cap Equity ETF,Y
6015,SIXD,AllianzIM U.S. Large Cap 6 Month Buffer10 Jun/Dec ETF,Y
6016,SIXF,AllianzIM U.S. Large Cap 6 Month Buffer10 Feb/Aug ETF,Y
6017,SIXH,ETC 6 Meridian Hedged Equity Index Option ETF,Y
6018,SIXJ,AllianzIM U.S. Large Cap 6 Month Buffer10 Jan/Jul ETF,Y
6019,SIXL,ETC 6 Meridian Low Beta Equity ETF,Y
6020,SIXO,AllianzIM U.S. Large Cap 6 Month Buffer10 Apr/Oct ETF,Y
6021,SIXP,AllianzIM U.S. Large Cap 6 Month Buffer10 Mar/Sep ETF,Y
6022,SIXS,ETC 6 Meridian Small Cap Equity ETF,Y
6023,SIXZ,AllianzIM U.S. Large Cap 6 Month Buffer10 May/Nov ETF,Y
6024,SIZE,iShares MSCI USA Size Factor ETF,Y
6025,SJB,ProShares Short High Yield,Y
6026,SJM,The J.M. Smucker Company Common Stock,N
6027,SJNK,State Street SPDR Bloomberg Short Term High Yield Bond ETF,Y
6028,SJT,San Juan Basin Royalty Trust Common Stock,N
6029,SK,Corgi SK hynix 2x Daily ETF,Y
6030,SKE,Skeena Resources Limited Common Shares,N
6031,SKF,ProShares UltraShort Financials,Y
6032,SKHA,Tradr 2X Long SK hynix Daily ETF,Y
6033,SKHL,Direxion Daily SK Hynix Bull 2X ETF,Y
6034,SKHN,Tradr 2X Short SK hynix Daily ETF,Y
6035,SKHU,ProShares Ultra SK hynix,Y
6036,SKHX,Leverage Shares 2X Long SK Hynix Daily ETF,Y
6037,SKHZ,Leverage Shares 1X Short SK Hynix Daily ETF,Y
6038,SKIL,Skillsoft Corp. Class A Common Stock,N
6039,SKM,"SK Telecom Co., Ltd. Common Stock",N
6040,SKT,Tanger Inc. Common Stock,N
6041,SKY,"Champion Homes, Inc. Common Stock",N
6042,SKYH,Sky Harbour Group Corporation Class A Common Stock,N
6043,SKYH.W,"Sky Harbour Group Corporation Warrants, each whole warrant exercisable for one share of Class A common stock at an exercise price of $11.50 per share",N
6044,SLB,SLB Limited Common Shares,N
6045,SLDR,Global X Short-Term Treasury Ladder ETF,Y
6046,SLF,Sun Life Financial Inc. Common Stock,N
6047,SLG,SL Green Realty Corp Common Stock,N
6048,SLG$I,SL Green Realty Corporation Preferred Series I,N
6049,SLGN,Silgan Holdings Inc. Common Stock,N
6050,SLI,Standard Lithium Ltd. Common Shares,N
6051,SLJY,Amplify SILJ Junior Silver Miners Covered Call ETF,Y
6052,SLND,"Southland Holdings, Inc. Common Stock",N
6053,SLND.W,"Southland Holdings, Inc. Warrants",N
6054,SLNZ,TCW Senior Loan ETF,Y
6055,SLON,ProShares Ultra Solana ETF,Y
6056,SLQT,"SelectQuote, Inc. Common Stock",N
6057,SLSR,Solaris Resources Inc. Common Shares,N
6058,SLTY,YieldMax Ultra Short Option Income Strategy ETF,Y
6059,SLV,iShares Silver Trust,Y
6060,SLVM,Sylvamo Corporation Common Stock,N
6061,SLVP,iShares MSCI Global Silver and Metals Miners ETF,Y
6062,SLVX,Nicholas Silver Income ETF,Y
6063,SLVY,FT Vest Silver Strategy & Target Income ETF,Y
6064,SLWS,Wisdom Short Duration Income ETF,Y
6065,SLX,VanEck Steel ETF,Y
6066,SLYG,State Street SPDR S&P 600 Small Cap Growth ETF,Y
6067,SLYV,State Street SPDR S&P 600 Small Cap Value ETF,Y
6068,SM,SM Energy Company Common Stock,N
6069,SMA,"SmartStop Self Storage REIT, Inc. Common Stock",N
6070,SMAX,iShares Large Cap Max Buffer Sep ETF,Y
6071,SMAY,FT Vest U.S. Small Cap Moderate Buffer ETF - May,Y
6072,SMB,VanEck Short Muni ETF,Y
6073,SMBK,"SmartFinancial, Inc. Common Stock",N
6074,SMBS,Schwab Mortgage-Backed Securities ETF,Y
6075,SMC,Summit Midstream Corporation Common Stock,N
6076,SMCC,Corgi SMCI 2x Daily ETF,Y
6077,SMCP,SMART Mid Cap ETF,Y
6078,SMCY,YieldMax SMCI Option Income Strategy ETF,Y
6079,SMDD,UltraPro Short MidCap400,Y
6080,SMDV,ProShares Russell 2000 Dividend Growers ETF,Y
6081,SMDX,Intech S&P Small-Mid Cap Diversified Alpha ETF,Y
6082,SMFG,Sumitomo Mitsui Financial Group Inc Unsponsored American Depositary Shares (Japan),N
6083,SMG,Scotts Miracle-Gro Company (The) Common Stock,N
6084,SMHB,ETRACS Monthly Pay 2x Leveraged Small Cap High Dividend ETN Series B,N
6085,SMHD,MicroSectors -3x Short Semiconductor ETNs,Y
6086,SMHI,SEACOR Marine Holdings Inc. Common Stock ,N
6087,SMHU,MicroSectors 3x Long Semiconductor ETNs,Y
6088,SMIG,Bahl & Gaynor Small/Mid Cap Income Growth ETF,Y
6089,SMIN,Ishares MSCI India Small Cap ETF,Y
6090,SMIZ,Zacks Small/Mid Cap ETF,Y
6091,SMJF,SMJ International Holdings Inc. Class A Ordinary Shares,N
6092,SMLF,iShares U.S. Small-Cap Equity Factor ETF,Y
6093,SMLL,Harbor Active Small Cap ETF,Y
6094,SMLV,State Street SPDR US Small Cap Low Volatility Index ETF,Y
6095,SMMD,iShares Russell 2500 ETF,Y
6096,SMMU,Short Term Municipal Bond Active Exchange-Traded Fund,Y
6097,SMMV,iShares MSCI USA Small-Cap Min Vol Factor ETF,Y
6098,SMN,ProShares UltraShort Materials,Y
6099,SMOG,VanEck Low Carbon Energy ETF,Y
6100,SMOT,VanEck Morningstar SMID Moat ETF,Y
6101,SMOX,Horizon Small/Mid Cap Core Equity ETF,Y
6102,SMP,"Standard Motor Products, Inc. Common Stock",N
6103,SMR,NuScale Power Corporation Class A Common Stock,N
6104,SMRF,"ALPS Nautilus SMR, Nuclear & Technology ETF",Y
6105,SMRT,"SmartRent, Inc. Class A Common Stock",N
6106,SMRX,Corgi SMR 2x Daily ETF,Y
6107,SMTG,Leverage Shares 2X Long SMTC Daily ETF,Y
6108,SMTH,ALPS Smith Core Plus Bond ETF,Y
6109,SMU,Tradr 2X Long SMR Daily ETF,Y
6110,SMUP,T-REX 2X Long SMR Daily Target ETF,Y
6111,SMWB,Similarweb Ltd. Ordinary Shares,N
6112,SMZ,Tradr 2X Short SMR Daily ETF,Y
6113,SN,"SharkNinja, Inc. Ordinary Shares",N
6114,SNA,Snap-On Incorporated Common Stock,N
6115,SNAP,Snap Inc. Class A Common Stock,N
6116,SNAV,Mohr Sector Nav ETF,Y
6117,SNDA,"Sonida Senior Living, Inc. Common Stock",N
6118,SNDC,Corgi SNDK 2x Daily ETF,Y
6119,SNDG,Leverage Shares 2X Long SNDK Daily ETF,Y
6120,SNDQ,Tradr 2X Short SNDK Daily ETF,Y
6121,SNDR,"Schneider National, Inc. Common Stock",N
6122,SNDU,T-REX 2X Long SNDK Daily Target ETF,Y
6123,SNK,GraniteShares 2x Short SpaceX Daily ETF,Y
6124,SNN,"Smith & Nephew SNATS, Inc. Common Stock",N
6125,SNOU,T-REX 2X Long SNOW Daily Target ETF,Y
6126,SNOV,FT Vest U.S. Small Cap Moderate Buffer ETF - November,Y
6127,SNOW,Snowflake Inc. Common Stock,N
6128,SNOY,YieldMax SNOW Option Income Strategy ETF,Y
6129,SNPD,Xtrackers S&P Dividend Aristocrats Screened ETF,Y
6130,SNPE,Xtrackers S&P 500 Scored & Screened ETF,Y
6131,SNPG,Xtrackers S&P 500 Growth Scored & Screened ETF,Y
6132,SNSC,SunScout Holding Limited Class A Ordinary Shares,N
6133,SNTH,MRP SynthEquity ETF,Y
6134,SNTQ,MRP SynthEquity Nasdaq 100 ETF,Y
6135,SNUS$H,"Santander Holdings USA, Inc. Depositary Shares, Each Representing a 1/1,000th Interest in a Share of Fixed-Rate Reset Non-Cumulative Perpetual Preferred Stock, Series H",N
6136,SNUS$I,"Santander Holdings USA, Inc. Depositary Shares, Each Representing a 1/40th Interest in a Share of Fixed-Rate Reset Non-Cumulative Perpetual Preferred Stock, Series I",N
6137,SNX,TD SYNNEX Corporation Common Stock,N
6138,SNXX,Tradr 2X Long SNDK Daily ETF,Y
6139,SO,Southern Company (The) Common Stock,N
6140,SOAR,"Volato Group, Inc. Class A Common Stock",N
6141,SOBO,South Bow Corporation Common Shares,N
6142,SOC,Sable Offshore Corp. Common Stock,N
6143,SOEZ,Franklin Solana ETF,Y
6144,SOFC,Corgi SOFI 2x Daily ETF,Y
6145,SOFR,Amplify Samsung SOFR ETF,Y
6146,SOJC,"Southern Company (The) Series 2017B 5.25% Junior Subordinated Notes due December 1, 2077",N
6147,SOJD,"Southern Company (The) Series 2020A 4.95% Junior Subordinated Notes due January 30, 2080",N
6148,SOJE,"Southern Company (The) Series 2020C 4.20% Junior Subordinated Notes due October 15, 2060",N
6149,SOJF,"Southern Company (The) Series 2025A 6.50% Junior Subordinated Notes due March 15, 2085",N
6150,SOLM,Amplify Solana 3% Monthly Option Income ETF,Y
6151,SOLV,Solventum Corporation Common Stock,N
6152,SOMN,Southern Company (The) 2025 Series A Corporate Units,N
6153,SON,Sonoco Products Company Common Stock,N
6154,SONY,Sony Group Corporation American Depositary Shares ,N
6155,SOR,"Source Capital, Inc. Cmn Shs of BI",N
6156,SOS,SOS Limited Class A Ordinary Shares,N
6157,SOUL,Soulpower Acquisition Corporation Class A Ordinary Shares,N
6158,SOUL.R,"Soulpower Acquisition Corporation Rights, each right entitling the holder to receive one-tenth (1/10) of one Class A Ordinary Share",N
6159,SOUL.U,"Soulpower Acquisition Corporation Units, each consisting of one Class A ordinary share and one right",N
6160,SOVF,Sovereign's Capital Flourish Fund,Y
6161,SOXL,Direxion Daily Semiconductor Bull 3X ETF,Y
6162,SOXS,Direxion Daily Semiconductor Bear 3X ETF,Y
6163,SOXY,YieldMax Target 12 Semiconductor Option Income ETF,Y
6164,SOYB,Teucrium Soybean Fund ETV,Y
6165,SPAB,State Street SPDR Portfolio Aggregate Bond ETF,Y
6166,SPAL,GraniteShares 2x Long SpaceX Daily ETF,Y
6167,SPAX,T-REX 2X Long SPCX Daily Target ETF,Y
6168,SPB,"Spectrum Brands Holdings, Inc. Common Stock",N
6169,SPBO,State Street SPDR Portfolio Corporate Bond ETF,Y
6170,SPBU,AllianzIM Buffer15 Uncapped Allocation ETF,Y
6171,SPBW,AllianzIM Buffer20 Allocation ETF,Y
6172,SPBX,AllianzIM 6 Month Buffer10 Allocation ETF,Y
6173,SPCE,"Virgin Galactic Holdings, Inc. Common Stock",N
6174,SPCF,ProShares Ultra SpaceX,Y
6175,SPCG,Tradr 2X Short SpaceX Daily ETF,Y
6176,SPCH,Leverage Shares 2X Long SPCX Daily ETF,Y
6177,SPCI,Tuttle Capital Space Industry Income Blast ETF,Y
6178,SPCL,Defiance Pure Space Daily 2X Strategy ETF,Y
6179,SPCM,Tradr 2X Long SpaceX Daily ETF,Y
6180,SPCQ,Defiance Daily Target 2X Short SPCX ETF,Y
6181,SPCU,Defiance Daily Target 2X Long SPCX ETF,Y
6182,SPD,Simplify US Equity PLUS Downside Convexity ETF,Y
6183,SPDF,Defender Risk Adaptive 500 ETF,Y
6184,SPDG,State Street SPDR Portfolio S&P Sector Neutral Dividend ETF,Y
6185,SPDN,Direxion Daily S&P 500 Bear 1X ETF,Y
6186,SPDV,AAM S&P 500 High Dividend Value ETF,Y
6187,SPDW,State Street SPDR Portfolio Developed World ex-US ETF,Y
6188,SPE,"Special Opportunities Fund, Inc Common Stock",N
6189,SPE$C,"Special Opportunities Fund Inc. 2.75% Convertible Preferred Stock, Series C",N
6190,SPEM,State Street SPDR Portfolio Emerging Markets ETF,Y
6191,SPEU,State Street SPDR Portfolio Europe ETF,Y
6192,SPFF,Global X SuperIncome Preferred ETF,Y
6193,SPG,"Simon Property Group, Inc. Common Stock",N
6194,SPG$J,"Simon Property Group, Inc. Simon Property Group 8 3/8% Series J Cumulative Redeemable Preferred Stock",N
6195,SPGI,S&P Global Inc. Common Stock,N
6196,SPGM,State Street SPDR Portfolio MSCI Global Stock Market ETF,Y
6197,SPGP,Invesco S&P 500 GARP ETF,Y
6198,SPH,"Suburban Propane Partners, L.P. Common Stock",N
6199,SPHB,Invesco S&P 500 High Beta ETF,Y
6200,SPHD,Invesco S&P 500 High Dividend Low Volatility ETF,Y
6201,SPHQ,Invesco S&P 500 Quality ETF,Y
6202,SPHR,Sphere Entertainment Co. Class A Common Stock,N
6203,SPHY,State Street SPDR Portfolio High Yield Bond ETF,Y
6204,SPIB,State Street SPDR Portfolio Intermediate Term Corporate Bond ETF,Y
6205,SPIN,State Street US Equity Premium Income ETF,Y
6206,SPIP,State Street SPDR Portfolio TIPS ETF,Y
6207,SPIR,"Spire Global, Inc. Class A Common Stock",N
6208,SPLB,State Street SPDR Portfolio Long Term Corporate Bond ETF,Y
6209,SPLS,PIMCO US Stocks PLUS Active Bond Exchange-Traded Fund,Y
6210,SPLV,Invesco S&P 500 Low Volatility ETF,Y
6211,SPMA,"Sound Point Meridian Capital, Inc. 8.00% Series A Preferred Shares Due 2029",N
6212,SPMB,State Street SPDR Portfolio Mortgage Backed Bond ETF,Y
6213,SPMC,"Sound Point Meridian Capital, Inc. Common Stock",N
6214,SPMD,State Street SPDR Portfolio S&P 400 Mid Cap ETF,Y
6215,SPME,"Sound Point Meridian Capital, Inc. 7.875% Series B Preferred Shares due 2030",N
6216,SPMO,Invesco S&P 500 Momentum ETF,Y
6217,SPNT,SiriusPoint Ltd. Common Shares,N
6218,SPOT,Spotify Technology S.A. Ordinary Shares,N
6219,SPPP,Sprott Physical Platinum and Palladium Trust,Y
6220,SPRE,SP Funds S&P Global REIT Sharia ETF,Y
6221,SPRU,Spruce Power Holding Corporation Class A Common Stock,N
6222,SPSB,State Street SPDR Portfolio Short Term Corporate Bond ETF,Y
6223,SPSK,SP Funds Dow Jones Global Sukuk ETF,Y
6224,SPSM,State Street SPDR Portfolio S&P 600 Small Cap ETF,Y
6225,SPTB,State Street SPDR Portfolio Treasury ETF,Y
6226,SPTE,SP Funds S&P Global Technology ETF,Y
6227,SPTI,State Street SPDR Portfolio Intermediate Term Treasury ETF,Y
6228,SPTL,State Street SPDR Portfolio Long Term Treasury ETF,Y
6229,SPTM,State Street SPDR Portfolio S&P 1500 Composite Stock Market ETF,Y
6230,SPTS,State Street SPDR Portfolio Short Term Treasury ETF,Y
6231,SPTU,State Street SPDR Portfolio Ultra Short T-Bill ETF,Y
6232,SPUC,Simplify US Equity Income ETF,Y
6233,SPUS,SP Funds S&P 500 Sharia Industry Exclusions ETF,Y
6234,SPUT,Innovator Equity Premium Income - Daily PutWrite ETF,Y
6235,SPUU,Direxion Daily S&P 500 Bull 2X ETF,Y
6236,SPVM,Invesco S&P 500 Value with Momentum ETF,Y
6237,SPWO,SP Funds S&P World (ex-US) ETF,Y
6238,SPXC,"SPX Technologies, Inc. Common Stock",N
6239,SPXE,ProShares S&P 500 Ex-Energy ETF,Y
6240,SPXL,Direxion Daily S&P 500 Bull 3X ETF,Y
6241,SPXN,ProShares S&P 500 Ex-Financials ETF,Y
6242,SPXS,Direxion Daily S&P 500 Bear 3X ETF,Y
6243,SPXT,ProShares S&P 500 Ex-Technology ETF,Y
6244,SPXU,ProShares UltraPro Short S&P500,Y
6245,SPXV,ProShares S&P 500 Ex-Health Care ETF,Y
6246,SPXX,Nuveen S&P 500 Dynamic Overwrite Fund,N
6247,SPY,State Street SPDR S&P 500 ETF Trust,Y
6248,SPYA,Twin Oak Endure ETF,Y
6249,SPYC,Simplify US Equity PLUS Convexity ETF,Y
6250,SPYD,State Street SPDR Portfolio S&P 500 High Dividend ETF,Y
6251,SPYG,State Street SPDR Portfolio S&P 500 Growth ETF,Y
6252,SPYH,NEOS S&P 500 Hedged Equity Income ETF,Y
6253,SPYI,NEOS S&P 500 High Income ETF,Y
6254,SPYM,State Street SPDR Portfolio S&P 500 ETF,Y
6255,SPYT,Defiance S&P 500 Target Income ETF,Y
6256,SPYU,"MAX S&P 500 4X Leveraged ETNs due October 30, 2043",Y
6257,SPYV,State Street SPDR Portfolio S&P 500 Value ETF,Y
6258,SPYX,State Street SPDR S&P 500 Fossil Fuel Reserves Free ETF,Y
6259,SQLT,iShares MSCI USA Small-Cap Quality Factor ETF,Y
6260,SQM,Sociedad Quimica y Minera S.A. Common Stock,N
6261,SQMX,FT Vest U.S. Equity Quarterly Max Buffer ETF,Y
6262,SQNS,Sequans Communications S.A. American Depositary Shares (each representing one hundred (100) Ordinary Shares),N
6263,SR,Spire Inc. Common Stock,N
6264,SRE,DBA Sempra Common Stock,N
6265,SREA,DBA Sempra 5.750% Junior Subordinated Notes due 2079,N
6266,SRFM,Surf Air Mobility Inc. Common Stock,N
6267,SRG,Seritage Growth Properties Class A Common Stock,N
6268,SRG$A,Seritage Growth Properties 7.00% Series A Cumulative Redeemable Preferred Shares of Beneficial Interest,N
6269,SRHQ,SRH U.S. Quality GARP ETF,Y
6270,SRHR,SRH REIT Covered Call ETF,Y
6271,SRI,"Stoneridge, Inc. Common Stock",N
6272,SRJN,Spire Inc. 6.375% Junior Subordinated Notes due 2086,N
6273,SRL,Scully Royalty Ltd.,N
6274,SRLN,State Street Blackstone Senior Loan ETF,Y
6275,SROI,Calamos Antetokounmpo Global Sustainable Equities ETF,Y
6276,SRS,ProShares UltraShort Real Estate,Y
6277,SRTY,ProShares UltraPro Short Russell2000,Y
6278,SRV,NXG Cushing Midstream Energy Fund Common Shares of Beneficial Interest,N
6279,SRVR,Pacer Data & Infrastructure Real Estate ETF,Y
6280,SRXH,SRX Global Inc. Common Stock,N
6281,SSB,SouthState Bank Corporation Common Stock,N
6282,SSCP,SMART Small Cap ETF,Y
6283,SSD,"Simpson Manufacturing Company, Inc. Common Stock",N
6284,SSFI,Day Hagan Smart Sector Fixed Income ETF,Y
6285,SSG,ProShares UltraShort Semiconductors,Y
6286,SSK,REX-Osprey SOL + Staking ETF,Y
6287,SSL,Sasol Ltd. American Depositary Shares,N
6288,SSMG,Virtus Silvant Small/Mid Growth ETF,Y
6289,SSMR,Sunshine Silver Mining & Refining Company Common Stock,N
6290,SSO,ProShares Ultra S&P500,Y
6291,SSPC,Leverage Shares 2X Short SPCX Daily ETF,Y
6292,SSPY,Stratified LargeCap Index ETF,Y
6293,SST,"System1, Inc. Class A Common Stock",N
6294,SSTK,"Shutterstock, Inc. Common Stock",N
6295,SSUS,Day Hagan Smart Sector ETF,Y
6296,SSXU,Day Hagan Smart Sector International ETF,Y
6297,ST,Sensata Technologies Holding plc Ordinary Shares,N
6298,STAG,"Stag Industrial, Inc. Common Stock",N
6299,STAX,Nomura Tax-Free USA Short Term ETF,Y
6300,STBF,Performance Trust Short Term Bond ETF,Y
6301,STBQ,Amplify Stablecoin Technology Leaders ETF,Y
6302,STC,Stewart Information Services Corporation Common Stock,N
6303,STCE,Schwab Crypto Thematic Natural Language Processing ETF,Y
6304,STDN,"Standard Nuclear, Inc. Class A Common Stock",N
6305,STE,STERIS plc (Ireland) Ordinary Shares,N
6306,STEM,"Stem, Inc. Class A Common Stock",N
6307,STEN,iShares Large Cap 10% Target Buffer Sep ETF,Y
6308,STEW,"SRH Total Return Fund, Inc. Common Stock",N
6309,STG,"Sunlands Technology Group American Depositary Shares, representing Class A ordinary shares",N
6310,STHH,STMicroelectronics NV ADRhedged,Y
6311,STIP,iShares 0-5 Year TIPS Bond ETF,Y
6312,STK,Columbia Seligman Premium Technology Growth Fund Inc,N
6313,STLA,Stellantis N.V. Common Shares,N
6314,STLL,Leverage Shares 2X Long STRL Daily ETF,Y
6315,STLR,Stellar ETF,Y
6316,STLU,2x Stellar ETF,Y
6317,STM,STMicroelectronics N.V. Common Stock,N
6318,STMX,Leverage Shares 2X Long STM Daily ETF,Y
6319,STN,Stantec Inc Common Stock,N
6320,STNG,Scorpio Tankers Inc. Common Shares,N
6321,STOT,State Street DoubleLine Short Duration Total Return Tactical ETF,Y
6322,STOX,Horizon Core Equity ETF,Y
6323,STPZ,PIMCO 1-5 Year U.S. TIPS Index Exchange-Traded Fund,Y
6324,STRN,SMART Trend 25 ETF,Y
6325,STRW,"Strawberry Fields REIT, Inc. Common Stock",N
6326,STSM,Defiance Daily Target 2X Short TSM ETF,Y
6327,STT,State Street Corporation Common Stock,N
6328,STT$G,"State Street Corporation Depositary shares, each representing a 1/4,000th ownership interest in a share of Fixed-to-Floating Rate Non-Cumulative",N
6329,STUB,"StubHub Holdings, Inc. Class A Common Stock",N
6330,STVN,Stevanato Group S.p.A. Ordinary Shares,N
6331,STWD,"STARWOOD PROPERTY TRUST, INC. Starwood Property Trust Inc.",N
6332,STXD,Strive 1000 Dividend Growth ETF,Y
6333,STXE,Strive Emerging Markets Ex-China ETF,Y
6334,STXF,Strive 500 ETF,Y
6335,STXG,Strive 1000 Growth ETF,Y
6336,STXK,Strive Small-Cap ETF,Y
6337,STXL,Defiance Daily Target 2x Long STX ETF,Y
6338,STXS,"Stereotaxis, Inc. Common Stock",N
6339,STXT,Strive Total Return Bond ETF,Y
6340,STXU,Leverage Shares 2X Long STX Daily ETF,Y
6341,STXV,Strive 1000 Value ETF,Y
6342,STXX,Tradr 2X Long STX Daily ETF,Y
6343,STYL,Corgi Lifestyle Brands ETF,Y
6344,STZ,"Constellation Brands, Inc. Common Stock",N
6345,SU,Suncor Energy  Inc. Common Stock,N
6346,SUB,iShares Short-Term National Muni Bond ETF,Y
6347,SUI,"Sun Communities, Inc. Common Stock",N
6348,SUIL,2x Sui ETF,Y
6349,SUN,Sunoco LP Common Units representing limited partner interests,N
6350,SUNB,"Sunbelt Rentals Holdings, Inc. Common Stock",N
6351,SUNC,"SunocoCorp LLC Common Units, representing limited liability company interests",N
6352,SUPL,ProShares Supply Chain Logistics ETF,Y
6353,SUPV,Grupo Supervielle S.A. American Depositary Shares each Representing five Class B shares,N
6354,SURE,AdvisorShares Insider Advantage ETF,Y
6355,SURI,Simplify Propel Opportunities ETF,Y
6356,SUSA,iShares ESG Optimized MSCI USA ETF,Y
6357,SUZ,Suzano S.A. American Depositary Shares (each representing One Ordinary Share),N
6358,SVAL,iShares US Small Cap Value Factor ETF,Y
6359,SVIX,-1x Short VIX Futures ETF,Y
6360,SVM,Silvercorp Metals Inc. Common Shares,N
6361,SVOL,Simplify Volatility Premium ETF,Y
6362,SVV,"Savers Value Village, Inc. Common Stock",N
6363,SVXY,ProShares Short VIX Short Term Futures ETF,Y
6364,SW,Smurfit WestRock plc Ordinary Shares,N
6365,SWAN,Amplify BlackSwan Growth & Treasury Core ETF,Y
6366,SWK,"Stanley Black & Decker, Inc. Common Stock",N
6367,SWX,"Southwest Gas Holdings, Inc. Common Stock (DE)",N
6368,SWZ,Total Return Securities Fund Common Stock,N
6369,SXC,"SunCoke Energy, Inc. Common Stock",N
6370,SXI,Standex International Corporation Common Stock,N
6371,SXQG,ETC 6 Meridian Quality Growth ETF,Y
6372,SXT,Sensient Technologies Corporation Common Stock,N
6373,SYF,Synchrony Financial Common Stock,N
6374,SYF$A,"Synchrony Financial Depositary Shares, each Representing a 1/40th Interest in a Share of 5.625% Fixed Rate Non-Cumulative Perpetual Preferred Stock, Series A",N
6375,SYF$B,"Synchrony Financial Depositary Shares Each Representing a 1/40th Interest in a Share of 8.250% Fixed Rate Reset Non-Cumulative Perpetual Preferred Stock, Series B",N
6376,SYFI,AB Short Duration High Yield ETF,Y
6377,SYK,Stryker Corporation Common Stock,N
6378,SYLD,Cambria Shareholder Yield ETF,Y
6379,SYNX,Silynxcom Ltd. Ordinary Shares,N
6380,SYSB,iShares Systematic Bond ETF,Y
6381,SYY,Sysco Corporation Common Stock,N
6382,SZK,ProShares UltraShort Consumer Staples,Y
6383,T,AT&T Inc.,N
6384,T$A,"AT&T Inc. Depositary Shares, each representing a 1/1,000th interest in a share of 5.000% Perpetual Preferred Stock, Series A",N
6385,T$C,"AT&T Inc. Depositary Shares, each representing a 1/1,000th interest in a share of 4.750% Perpetual Preferred Stock, Series C",N
6386,TABD,Transamerica Bond Active ETF,Y
6387,TAC,TransAlta Corporation Ordinary Shares,N
6388,TACK,Fairlead Tactical Sector ETF,Y
6389,TACN,T. Rowe Price Active Core International Equity ETF,Y
6390,TACU,T. Rowe Price Active Core U.S. Equity ETF,Y
6391,TAFI,AB Tax-Aware Short Duration Municipal ETF,Y
6392,TAFL,AB Tax-Aware Long Municipal ETF,Y
6393,TAFM,AB Tax-Aware Intermediate Municipal ETF,Y
6394,TAGG,T. Rowe Price QM U.S. Bond ETF,Y
6395,TAGS,Teucrium Agricultural Fund ETV,Y
6396,TAIL,Cambria Tail Risk ETF,Y
6397,TAJX,Corgi India 2x Daily ETF,Y
6398,TAK,Takeda Pharmaceutical Company Limited American Depositary Shares (each representing 1/2 of a share of Common Stock),N
6399,TAL,TAL Education Group American Depositary Shares,N
6400,TALO,"Talos Energy, Inc. Common Stock",N
6401,TALV,Transamerica Large Value Active ETF,Y
6402,TAN,Invesco Solar ETF,Y
6403,TAP,Molson Coors Beverage Company Class B Common Stock,N
6404,TAP.A,Molson Coors Beverage Company Class A Common Stock,N
6405,TAPR,Innovator Equity Defined Protection ETF - 2 Yr to April 2027,Y
6406,TAWN,MicroSectors 3x Long Taiwan ETNs,Y
6407,TAXF,American Century Diversified Municipal Bond ETF,Y
6408,TAXM,BondBloxx IR+M Tax-Aware ETF for Massachusetts Residents,Y
6409,TAXX,BondBloxx IR+M Tax-Aware Short Duration ETF,Y
6410,TBB,AT&T Inc. 5.350% Global Notes due 2066,N
6411,TBBB,BBB Foods Inc. Class A Common Shares,N
6412,TBF,ProShares Short 20+ Year Treasury,Y
6413,TBFC,The Brinsmere Fund  Conservative ETF,Y
6414,TBFG,The Brinsmere Fund Growth ETF,Y
6415,TBG,TBG Dividend Focus ETF,Y
6416,TBI,"TrueBlue, Inc. Common Stock",N
6417,TBJL,Innovator 20  Year Treasury Bond 9 Buffer ETF - July,Y
6418,TBLL,Invesco Short Term Treasury ETF,Y
6419,TBLU,Tortoise Global Water ETF,Y
6420,TBN,Tamboran Resources Corporation Common stock,N
6421,TBT,ProShares UltraShort Lehman 20  Year Treasury,Y
6422,TBUX,T. Rowe Price Ultra Short-Term Bond ETF,Y
6423,TBX,ProShares Short 7 10 Year Treasury,Y
6424,TBXU,Direxion Daily Biotech Top 5 Bull 2X ETF,Y
6425,TCAF,T. Rowe Price Capital Appreciation Equity ETF,Y
6426,TCAI,Tortoise AI Infrastructure ETF,Y
6427,TCAL,T. Rowe Price Capital Appreciation Premium Income ETF,Y
6428,TCBX,"Third Coast Bancshares, Inc. Common Stock",N
6429,TCHP,T. Rowe Price Blue Chip Growth ETF,Y
6430,TCI,"Transcontinental Realty Investors, Inc. Common Stock",N
6431,TCPA,TransCanada PipeLines Limited 6.250% Junior Subordinated Notes due 2085,N
6432,TCPB,Thrivent Core Plus Bond ETF,Y
6433,TCV,Towle Value ETF,Y
6434,TD,Toronto Dominion Bank (The) Common Stock,N
6435,TDAQ,TappAlpha Innovation 100 Growth & Daily Income ETF,Y
6436,TDAX,TDAQ Lift ETF,Y
6437,TDAY,"USA TODAY Co., Inc. Common Stock",N
6438,TDC,Teradata Corporation Common Stock,N
6439,TDEC,FT Vest Emerging Markets Buffer ETF - December,Y
6440,TDF,"Templeton Dragon Fund, Inc. Common Stock",N
6441,TDG,Transdigm Group Incorporated Common Stock,N
6442,TDOC,"Teladoc Health, Inc. Common Stock",N
6443,TDS,"Telephone and Data Systems, Inc. Common Shares",N
6444,TDS$U,"Telephone and Data Systems, Inc. Depositary Shares, Each Representing a 1/1,000th Interest in a 6.625% Series UU Cumulative Redeemable Perpetual Preferred Stock",N
6445,TDS$V,"Telephone and Data Systems, Inc. Depositary Shares, Each Representing a 1/1,000th Interest in a 6.000% Series VV Cumulative Redeemable Perpetual Preferred Stock",N
6446,TDTF,Northern Trust iBoxx 5-Year Target Duration TIPS ETF,Y
6447,TDTT,Northern Trust iBoxx 3-Year Target Duration TIPS ETF,Y
6448,TDV,ProShares S&P Technology Dividend Aristocrats ETF,Y
6449,TDVG,T. Rowe Price Dividend Growth ETF,Y
6450,TDVI,FT Vest Technology Dividend Target Income ETF,Y
6451,TDW,Tidewater Inc. Common Stock,N
6452,TDY,Teledyne Technologies Incorporated Common Stock,N
6453,TE,T1 Energy Inc. Common Stock,N
6454,TEC,Harbor Transformative Technologies ETF,Y
6455,TECB,iShares U.S. Tech Breakthrough Multisector ETF,Y
6456,TECK,Teck Resources Ltd Ordinary Shares,N
6457,TECL,Direxion Daily Technology Bull 3X ETF,Y
6458,TECS,Direxion Technology Bear 3X ETF,Y
6459,TEI,"Templeton Emerging Markets Income Fund, Inc. Common Stock",N
6460,TEK,iShares Technology Opportunities Active ETF,Y
6461,TEL,TE Connectivity plc Ordinary Shares,N
6462,TELG,Leverage Shares 2X Long TEL Daily ETF,Y
6463,TEMC,Corgi TEM 2x Daily ETF,Y
6464,TEMD,Templeton Emerging Markets Debt ETF,Y
6465,TEMR,T. Rowe Price Emerging Markets Equity Research ETF,Y
6466,TEMT,Tradr 2X Long TEM Daily ETF,Y
6467,TEMX,Touchstone Sands Capital Emerging Markets ex-China Growth ETF,Y
6468,TEN,Tsakos Energy Navigation Ltd Common Shares,N
6469,TEN$E,"Tsakos Energy Navigation Ltd Series E Fixed-to-Floating Rate Cumulative Redeemable Perpetual Preferred Shares, par value $1.00",N
6470,TEN$F,"Tsakos Energy Navigation Ltd Series F Fixed-to-Floating Rate Cumulative Redeemable Perpetual Preferred Shares, par value $1.00",N
6471,TEND,iShares Large Cap 10% Target Buffer Dec ETF,Y
6472,TENJ,iShares Large Cap 10% Target Buffer Jun ETF,Y
6473,TENM,iShares Large Cap 10% Target Buffer Mar ETF,Y
6474,TEO,Telecom Argentina SA,N
6475,TEQI,T. Rowe Price Equity Income ETF,Y
6476,TERC,Corgi TER 2x Daily ETF,Y
6477,TESC,Corgi TSLA 2x Daily ETF,Y
6478,TESL,Simplify Volt TSLA Revolution ETF,Y
6479,TEST,YieldMax TSLA Performance & Distribution Target 25 ETF,Y
6480,TETH,21Shares Ethereum ETF,Y
6481,TEUP,T-REX 2X Long TE Daily Target ETF,Y
6482,TEVA,Teva Pharmaceutical Industries Limited American Depositary Shares,N
6483,TEX,Terex Corporation Common Stock,N
6484,TEXU,Direxion Daily Energy Top 5 Bull 2X ETF,Y
6485,TFC,Truist Financial Corporation Common Stock,N
6486,TFC$I,Truist Financial Corporation Depositary Shares,N
6487,TFC$O,"Truist Financial Corporation Depositary Shares, Each Representing a 1/1,000th Interest in a Share of Series O Non-Cumulative Perpetual Preferred Stock",N
6488,TFC$R,"Truist Financial Corporation Depositary Shares, each representing 1/1,000th interest in a share of Series R Non-Cumulative Perpetual Preferred Stock",N
6489,TFFI,Chesapeake Trend-Following Fixed Income ETF,Y
6490,TFI,State Street SPDR Nuveen ICE Municipal Bond ETF,Y
6491,TFII,TFI International Inc. Common Shares,N
6492,TFIN,"Triumph Financial, Inc. Common Stock",N
6493,TFIN$,"Triumph Financial, Inc. Depositary Shares, Each Representing a 1/40th Interest in a Share of 7.125% Series C Fixed-Rate Non-Cumulative Perpetual Preferred Stock",N
6494,TFJL,Innovator 20  Year Treasury Bond 5 Floor ETF - July,Y
6495,TFLO,iShares Treasury Floating Rate Bond ETF,Y
6496,TFLR,T. Rowe Price Floating Rate ETF,Y
6497,TFPM,Triple Flag Precious Metals Corp. Common Shares,N
6498,TFPN,Blueprint Chesapeake Multi-Asset Trend ETF,Y
6499,TFX,Teleflex Incorporated Common Stock,N
6500,TG,Tredegar Corporation Common Stock,N
6501,TGB,Trekor Metals Limited Common Shares,N
6502,TGE,The Generation Essentials Group Class A Ordinary Shares,N
6503,TGE.W,"The Generation Essentials Group Warrants, each whole warrant exercisable for one Class A Ordinary Share",N
6504,TGEN,Tecogen Inc. Common Stock,N
6505,TGLB,T. Rowe Price Global Equity ETF,Y
6506,TGLR,Wedbush LAFFER TENGLER New Era Value ETF,Y
6507,TGLS,Tecnoglass Holdings Inc. Common Stock,N
6508,TGRT,T. Rowe Price Growth ETF,Y
6509,TGRW,T. Rowe Price Growth Stock ETF,Y
6510,TGS,Transportadora de Gas del Sur SA TGS Common Stock,N
6511,TGT,Target Corporation Common Stock,N
6512,THC,Tenet Healthcare Corporation Common Stock,N
6513,THD,iShares MSCI Thailand ETF,Y
6514,THEQ,T. Rowe Price Hedged Equity ETF,Y
6515,THG,Hanover Insurance Group Inc,N
6516,THIR,THOR Index Rotation ETF,Y
6517,THLV,THOR Equal Weight Low Volatility ETF,Y
6518,THM,"International Tower Hill Mines, Ltd. Ordinary Shares (Canada)",N
6519,THMR,THOR AdaptiveRisk Dynamic ETF,Y
6520,THNQ,ROBO Global Artificial Intelligence ETF,Y
6521,THNR,Amplify Weight Loss Drug & Treatment ETF,Y
6522,THO,"Thor Industries, Inc. Common Stock",N
6523,THOR,Thornburg Premium Income Builder ETF,Y
6524,THQ,abrdn Healthcare Opportunities Fund Shares of Beneficial Interest,N
6525,THRO,iShares U.S. Thematic Rotation Active ETF,Y
6526,THTA,SoFi Enhanced Yield ETF,Y
6527,THW,abrdn World Healthcare Fund Shares of Beneficial Interest,N
6528,THY,Toews Agility Shares Dynamic Tactical Income ETF,Y
6529,THYF,T. Rowe Price U.S. High Yield ETF,Y
6530,TIC,"TIC Solutions, Inc. Common Stock",N
6531,TIER,T. Rowe Price International Equity Research ETF,Y
6532,TII,Titan Mining Corporation Common Shares,N
6533,TIIV,AAM Todd International Intrinsic Value ETF,Y
6534,TILL,Teucrium Agricultural Strategy No K-1 ETF,Y
6535,TILT,Northern Trust Morningstar US Market Factor Tilt ETF,Y
6536,TIMB,TIM S.A. American Depositary Shares (Each representing 5 Common Shares) ,N
6537,TIME,Clockwise U.S. Core Equity ETF,Y
6538,TINS,Templeton International Insights ETF,Y
6539,TINT,ProShares Smart Materials ETF,Y
6540,TINY,ProShares Nanotechnology ETF,Y
6541,TIP,iShares TIPS Bond ETF,Y
6542,TIPA,Northern Trust 2030 Inflation-Linked Distributing Ladder ETF,Y
6543,TIPB,Northern Trust 2035 Inflation-Linked Distributing Ladder ETF,Y
6544,TIPC,Northern Trust 2045 Inflation-Linked Distributing Ladder ETF,Y
6545,TIPD,Northern Trust 2055 Inflation-Linked Distributing Ladder ETF,Y
6546,TIPX,State Street SPDR Bloomberg 1a??10 Year TIPS ETF,Y
6547,TIPZ,PIMCO Broad U.S. TIPS Index Exchange-Traded Fund,Y
6548,TISI,"Team, Inc. Common Stock",N
6549,TJAN,Innovator Equity Defined Protection ETF - 2 Yr to January 2027,Y
6550,TJUL,Innovator Equity Defined Protection ETF - 2 Yr to July 2027,Y
6551,TJUN,FT Vest Emerging Markets Buffer ETF - June,Y
6552,TJX,"TJX Companies, Inc. (The) Common Stock",N
6553,TK,Teekay Corporation Ltd. Common Stock,N
6554,TKC,Turkcell Iletisim Hizmetleri AS Common Stock,N
6555,TKNQ,Amplify Tokenization Technology Leaders ETF,Y
6556,TKNZ,T. Rowe Price Active Crypto ETF,Y
6557,TKO,"TKO Group Holdings, Inc. Class A Common Stock",N
6558,TKR,Timken Company (The) Common Stock,N
6559,TLCI,Touchstone International Equity ETF,Y
6560,TLDR,The Laddered T-Bill ETF,Y
6561,TLH,iShares 10-20 Year Treasury Bond ETF,Y
6562,TLK,"PT Telekomunikasi Indonesia, Tbk",N
6563,TLTD,Northern Trust Morningstar Developed Markets ex-US Factor Tilt ETF,Y
6564,TLTE,Northern Trust Morningstar Emerging Markets Factor Tilt ETF,Y
6565,TLTI,NEOS Enhanced Income 20+ Year Treasury Bond ETF,Y
6566,TLTP,Amplify TLT U.S. Treasury 12% Option Income ETF,Y
6567,TLTW,iShares 20+ Year Treasury Bond BuyWrite Strategy ETF,Y
6568,TLTX,Global X Treasury Bond Enhanced Income ETF,Y
6569,TLYS,"Tilly's, Inc. Common Stock",N
6570,TM,Toyota Motor Corporation Common Stock,N
6571,TMAR,FT Vest Emerging Markets Buffer ETF - March,Y
6572,TMAT,Main Thematic Innovation ETF,Y
6573,TMDE,TMD Energy Limited Ordinary Shares,N
6574,TMDV,ProShares Russell US Dividend Growers ETF,Y
6575,TME,"Tencent Music Entertainment Group American Depositary Shares, each representing two Class A Ordinary Shares",N
6576,TMF,Direxion Daily 20-Yr Treasury Bull 3x Shrs,Y
6577,TMFC,Motley Fool 100 Index ETF,Y
6578,TMFE,Motley Fool Capital Efficiency 100 Index ETF,Y
6579,TMFG,Motley Fool Global Opportunities ETF,Y
6580,TMFM,Motley Fool Mid-Cap Growth ETF,Y
6581,TMFS,Motley Fool Small-Cap Growth ETF,Y
6582,TMFX,Motley Fool Next Index ETF,Y
6583,TMGN,TappAlpha Cboe Magnificent 10 Growth & Daily Income ETF,Y
6584,TMH,Toyota Motor Corporation ADRhedged,Y
6585,TMLP,Tortoise MLP ETF,Y
6586,TMO,Thermo Fisher Scientific Inc Common Stock,N
6587,TMP,Tompkins Financial Corporation Common Stock,N
6588,TMQ,Trilogy Metals Inc. Common Stock,N
6589,TMSL,T. Rowe Price Small-Mid Cap ETF,Y
6590,TMV,Direxion Daily 20-Year Treasury Bear 3X,Y
6591,TMVE,Thrivent Mid Cap Value ETF,Y
6592,TNA,Direxion Small Cap Bull 3X ETF,Y
6593,TNC,Tennant Company Common Stock,N
6594,TNET,"TriNet Group, Inc. Common Stock",N
6595,TNGY,Tortoise Energy ETF,Y
6596,TNK,Teekay Tankers Ltd.,N
6597,TNL,Travel   Leisure Co. Common  Stock,N
6598,TNUK,Tortoise Nuclear Renaissance ETF,Y
6599,TOAK,Manager Directed Portfolios Twin Oak Short Horizon Absolute Return ETF,Y
6600,TOAO,Twin Oak Active Opportunities III ETF,Y
6601,TOCT,Innovator Equity Defined Protection ETF - 2 Yr to October 2027,Y
6602,TOGA,Managed Portfolio Series Tremblant Global ETF,Y
6603,TOK,iShares MSCI Kokusai ETF,Y
6604,TOL,"Toll Brothers, Inc. Common Stock",N
6605,TOLL,Tema Monopolies and Oligopolies ETF,Y
6606,TOLZ,ProShares DJ Brookfield Global Infrastructure ETF,Y
6607,TONT,Graf Global Corp. Class A ordinary shares,N
6608,TONT.U,"Graf Global Corp. Units, each consisting of one Class A ordinary share and one-half of one redeemable warrant",N
6609,TONT.W,"Graf Global Corp. Warrants, each whole warrant exercisable for one Class A ordinary share at an exercise price of $11.50 per share",N
6610,TOON,"Kartoon Studios, Inc. Common Stock",N
6611,TOPC,iShares S&P 500 3% Capped ETF,Y
6612,TOPP,Toppoint Holdings Inc. Common Stock,N
6613,TOPS,"TOP Ships, Inc. Common Stock",N
6614,TOPT,iShares Top 20 U.S. Stocks ETF,Y
6615,TOPW,Roundhill Top WeeklyPay ETF,Y
6616,TOS,Twin Oak Strategic Solutions ETF,Y
6617,TOST,"Toast, Inc. Class A Common Stock",N
6618,TOT,LionShares U.S. Equity Total Return ETF,Y
6619,TOTL,State Street DoubleLine Total Return Tactical ETF,Y
6620,TOTR,T. Rowe Price Total Return ETF,Y
6621,TOUS,T. Rowe Price International Equity ETF,Y
6622,TOV,JLens 500 Jewish Advocacy U.S. ETF,Y
6623,TOVX,"Theriva Biologics, Inc. Common Stock",N
6624,TOXR,21Shares XRP ETF,Y
6625,TP,Ticketplus Ltd. Ordinary Shares,N
6626,TPAY,Roundhill S&P 500 Target 10 Managed Distribution ETF,Y
6627,TPB,"Turning Point Brands, Inc. Common Stock",N
6628,TPC,Tutor Perini Corporation Common Stock,N
6629,TPEI,MicroSectors -3x Short Taiwan ETNs,Y
6630,TPET,Trio Petroleum Corp. Common Stock,N
6631,TPFC,Timothy Plan Free Cash Flow ETF,Y
6632,TPFG,Timothy Plan Free Cash Flow Growth ETF,Y
6633,TPFI,Timothy Plan Fixed Income ETF,Y
6634,TPHD,Timothy Plan High Dividend Stock ETF,Y
6635,TPIF,Timothy Plan International ETF,Y
6636,TPL,Texas Pacific Land Corporation Common Stock,N
6637,TPLC,Timothy Plan US Large/Mid Cap Core ETF,Y
6638,TPLX,Corgi TPL 2x Daily ETF,Y
6639,TPOR,Direxion Daily Transportation Bull 3X ETF,Y
6640,TPR,"Tapestry, Inc. Common Stock",N
6641,TPRY,VistaShares Target 15 TEPRTantrum Contrarian Distribution ETF,Y
6642,TPSC,Timothy Plan US Small Cap Core ETF,Y
6643,TPTS,"Terra Property Trust, Inc. 7.00% Senior Secured Notes due 2029",N
6644,TPUT,T. Rowe Price Capital Appreciation Market Opportunities ETF,Y
6645,TPVG,TriplePoint Venture Growth BDC Corp. Common Stock,N
6646,TPYP,Tortoise North American Pipeline ETF,Y
6647,TPZ,Tortoise Electrification Infrastructure ETF,Y
6648,TR,"Tootsie Roll Industries, Inc. Common Stock",N
6649,TRAD,APEX Tech Acquisition Inc. Ordinary Shares,N
6650,TRAD.R,"APEX Tech Acquisition Inc. Rights, each entitling the holder to receive one-fourth (1/4) of one ordinary share",N
6651,TRAD.U,"APEX Tech Acquisition Inc. Units, each consisting of one Class A ordinary share and one right to receive one sixth (1/6) of a Class A ordinary share",N
6652,TRAK,"ReposiTrak, Inc. Common Stock",N
6653,TRC,Tejon Ranch Co Common Stock,N
6654,TREX,"Trex Company, Inc. Common Stock",N
6655,TRFK,Pacer Data and Digital Revolution ETF,Y
6656,TRFM,AAM Transformers ETF,Y
6657,TRGP,"Targa Resources, Inc. Common Stock",N
6658,TRIN,Trinity Capital Inc. Common Stock,N
6659,TRIO,MC Trio Equity Buffered ETF,Y
6660,TRLV,Trulieve Cannabis Corp. Subordinate Voting Shares,N
6661,TRN,"Trinity Industries, Inc. Common Stock",N
6662,TRND,Pacer Trendpilot Fund of Funds ETF,Y
6663,TRNI,Trinity Capital Inc. 7.875% Notes Due 2029,N
6664,TRNO,Terreno Realty Corporation Common Stock,N
6665,TRNZ,Trinity Capital Inc. 7.875% Notes due 2029,N
6666,TROT,Invesco MSCI Treasury Duration Rotation ETF,Y
6667,TROX,Tronox Holdings plc Ordinary Shares (UK),N
6668,TRP,TC Energy Corporation Common Stock,N
6669,TRPA,Hartford AAA CLO ETF,Y
6670,TRSY,Xtrackers US 0-1 Year Treasury ETF,Y
6671,TRT,Trio-Tech International Common Stock,N
6672,TRTN$A,Triton International Limited 8.50% Series A Cumulative Redeemable Perpetual  Preference Shares,N
6673,TRTN$B,Triton International Limited 8.00% Series B Cumulative Redeemable Perpetual Preference Shares,N
6674,TRTN$C,Triton International Limited 7.375% Series C Cumulative Redeemable Perpetual Preference Shares,N
6675,TRTN$D,Triton International Limited 6.875% Series D Cumulative Redeemable Perpetual Preference Shares,N
6676,TRTN$E,Triton International Limited 5.75% Series E Cumulative Redeemable Perpetual Preference Shares,N
6677,TRTN$F,Triton International Limited 7.625% Series F Cumulative Redeemable Perpetual Preference Shares,N
6678,TRTN$G,Triton International Limited 7.500% Series G Cumulative Redeemable Perpetual Preference Shares,N
6679,TRTX,"TPG RE Finance Trust, Inc. Common Stock",N
6680,TRTX$C,"TPG RE Finance Trust, Inc. 6.25% Series C Cumulative Redeemable Preferred Stock, $0.001 par value per share",N
6681,TRTY,Cambria Trinity ETF,Y
6682,TRU,TransUnion Common Stock,N
6683,TRV,"The Travelers Companies, Inc. Common Stock",N
6684,TRX,TRX Gold Corporation Common Stock,N
6685,TS,Tenaris S.A. American Depositary Shares,N
6686,TSCV,Thrivent Small Cap Value ETF,Y
6687,TSEC,Touchstone Securitized Income ETF,Y
6688,TSEG,Leverage Shares 2X Long TSEM Daily ETF,Y
6689,TSEP,FT Vest Emerging Market Buffer ETF - September,Y
6690,TSES,Truth Social American Energy Security ETF,Y
6691,TSEU,Tradr 2X Long TSEM Daily ETF,Y
6692,TSI,"TCW Strategic Income Fund, Inc. Common Stock",N
6693,TSIB,Direxion TSLA Defined Income Boost ETF,Y
6694,TSIC,Truth Social American Icons ETF,Y
6695,TSII,REX TSLA Growth & Income ETF,Y
6696,TSLI,ProShares Ultra TSLA,Y
6697,TSLP,Kurv Yield Premium Strategy Tesla (TSLA) ETF,Y
6698,TSLT,T-REX 2X Long Tesla Daily Target ETF,Y
6699,TSLW,Roundhill TSLA WeeklyPay ETF,Y
6700,TSLX,"Sixth Street Specialty Lending, Inc. Common Stock",N
6701,TSLY,YieldMax TSLA Option Income Strategy ETF,Y
6702,TSLZ,T-Rex 2X Inverse Tesla Daily Target ETF,Y
6703,TSM,Taiwan Semiconductor Manufacturing Company Ltd.,N
6704,TSME,Thrivent Small-Mid Cap Equity ETF,Y
6705,TSMY,YieldMax TSM Option Income Strategy ETF,Y
6706,TSN,"Tyson Foods, Inc. Common Stock",N
6707,TSNF,Truth Social American Next Frontiers ETF,Y
6708,TSOL,21Shares Solana ETF,Y
6709,TSPA,T. Rowe Price U.S. Equity Research ETF,Y
6710,TSPX,Twin Oak Active Opportunities ETF,Y
6711,TSQ,"Townsquare Media, Inc. Class A Common Stock",N
6712,TSRS,Truth Social American Red State REITs ETF,Y
6713,TSSD,Truth Social American Security & Defense ETF,Y
6714,TSXD,Direxion Daily Semiconductors Top 5 Bear 2X ETF,Y
6715,TSXU,Direxion Daily Semiconductors Top 5 Bull 2X ETF,Y
6716,TSYW,Roundhill Treasury Bond WeeklyPay ETF,Y
6717,TT,Trane Technologies plc,N
6718,TTAM,Titan America SA Common Shares,N
6719,TTC,Toro Company (The) Common Stock,N
6720,TTDU,T-REX 2X Long TTD Daily Target ETF,Y
6721,TTE,TotalEnergies SE Ordinary Shares,N
6722,TTI,"Tetra Technologies, Inc. Common Stock",N
6723,TTMX,Tradr 2X Long TTMI Daily ETF,Y
6724,TTOP,21Shares FTSE Crypto 10 Index ETF,Y
6725,TTT,ProShares UltraPro Short 20 Year Treasury,Y
6726,TTXD,Direxion Daily Technology Top 5 Bear 2X ETF,Y
6727,TTXU,Direxion Daily Technology Top 5 Bull 2X ETF,Y
6728,TU,Telus Corporation Ordinary Shares,N
6729,TUA,Simplify Short Term Treasury Futures Strategy ETF,Y
6730,TUSB,Thrivent Ultra Short Bond ETF,Y
6731,TUSI,Touchstone Ultra Short Income ETF,Y
6732,TUYA,"Tuya Inc. American Depositary Shares, each representing one Class A Ordinary Share",N
6733,TV,Grupo Televisa S.A.B. Common Stock,N
6734,TVAL,T. Rowe Price Value ETF,Y
6735,TVC,Tennessee Valley Authority Common Stock,N
6736,TVE,Tennessee Valley Authority,N
6737,TWI,"Titan International, Inc. (DE) Common Stock",N
6738,TWLO,Twilio Inc. Class A Common Stock,N
6739,TWM,ProShares UltraShort Russell2000,Y
6740,TWN,"Taiwan Fund, Inc. (The) Common Stock",N
6741,TWO,Two Harbors Investment Corp,N
6742,TWO$A,Two Harbors Investments Corp 8.125% Series A Fixed-to-Floating Rate Cumulative Redeemable Preferred Stock ($25.00 liquidation preference per share),N
6743,TWO$B,Two Harbors Investments Corp 7.625% Series B Fixed-to-Floating Rate Cumulative Redeemable Preferred Stock,N
6744,TWO$C,Two Harbors Investments Corp 7.25% Series C Fixed-to-Floating Rate Cumulative Redeemable Preferred Stock,N
6745,TWOD,Two Harbors Investments Corp 9.375% Senior Notes due 2030,N
6746,TWOX,iShares Large Cap Accelerated Outcome ETF,Y
6747,TWSC,Corgi TSM 2x Daily ETF,Y
6748,TX,"Ternium S.A. Ternium S.A. American Depositary Shares (each representing ten shares, USD1.00 par value)",N
6749,TXBC,21Shares FTSE Crypto 10 ex-BTC Index ETF,Y
6750,TXNM,"TXNM Energy, Inc. Common Stock",N
6751,TXNU,Direxion Daily TXN Bull 2X ETF,Y
6752,TXO,"TXO Partners, L.P. Common Units Representing Limited Partner Interests",N
6753,TXS,Texas Capital Texas Equity Index ETF,Y
6754,TXT,Textron Inc. Common Stock,N
6755,TXXI,BondBloxx IR+M Tax-Aware Intermediate Duration ETF,Y
6756,TY,Tri Continental Corporation Common Stock,N
6757,TY$,Tri Continental Corporation Preferred Stock,N
6758,TYA,Simplify Intermediate Term Treasury Futures Strategy ETF,Y
6759,TYD,Direxion Daily 10-Yr Treasury Bull 3x Shrs,Y
6760,TYG,Tortoise Energy Infrastructure Corporation Common Stock,N
6761,TYL,"Tyler Technologies, Inc. Common Stock",N
6762,TYLD,Cambria Tactical Yield ETF,Y
6763,TYLG,Global X Information Technology Covered Call & Growth ETF,Y
6764,TYO,Direxion Daily 10-Yr Treasury Bear 3x Shrs,Y
6765,TYYY,xETFs TSLA Daily Income ETF,Y
6766,TZA,Direxion Small Cap Bear 3X ETF,Y
6767,U,Unity Software Inc. Common Stock,N
6768,UA,"Under Armour, Inc. Class C Common Stock",N
6769,UAA,"Under Armour, Inc. Class A Common Stock",N
6770,UAC,United Acquisition Corp. I Class A Ordinary Shares,N
6771,UAC.U,"United Acquisition Corp. I Units, each consisting of one Class A ordinary share and one-quarter of one redeemable warrant",N
6772,UAC.W,"United Acquisition Corp. I Warrants, each whole warrant exercisable for one Class A ordinary share at an exercise price of $11.50",N
6773,UAMY,United States Antimony Corporation Common Stock,N
6774,UAN,"CVR Partners, LP Common Units representing Limited Partner Interests",N
6775,UAPR,Innovator U.S. Equity Ultra Buffer ETF - April,Y
6776,UAUG,Innovator U.S. Equity Ultra Buffer ETF - August,Y
6777,UAVS,"AgEagle Aerial Systems, Inc. Common Stock",N
6778,UBER,"Uber Technologies, Inc. Common Stock",N
6779,UBEW,Roundhill UBER WeeklyPay ETF,Y
6780,UBOT,"Direxion Daily Robotics, Artificial Intelligence & Automation Index Bull 2X ETF",Y
6781,UBR,ProShares Ultra MSCI Brazil Capped,Y
6782,UBS,UBS Group AG Registered Ordinary Shares,N
6783,UBT,ProShares Ultra 20+ Year Treasury,Y
6784,UCB,"United Community Banks, Inc. Common Stock",N
6785,UCC,ProShares Ultra Consumer Discretionary,Y
6786,UCIB,"ETRACS UBS Bloomberg Constant Maturity Commodity Index (CMCI) Total Return ETN Series B due April 5, 2038",N
6787,UCO,ProShares Ultra Bloomberg Crude Oil,Y
6788,UCON,First Trust Smith Unconstrained Bond ETF,Y
6789,UCOP,ProShares Ultra Copper K-1 Free ETF,Y
6790,UCTX,Corgi UCTT 2x Daily ETF,Y
6791,UDEC,Innovator U.S. Equity Ultra Buffer ETF - December,Y
6792,UDI,USCF Dividend Income Fund,Y
6793,UDIV,Franklin U.S. Core Dividend Tilt Index ETF,Y
6794,UDN,Invesco DB USD Index Bearish ETF,Y
6795,UDOW,ProShares UltraPro Dow30,Y
6796,UDR,"UDR, Inc. Common Stock",N
6797,UE,Urban Edge Properties Common Shares of Beneficial Interest,N
6798,UEC,Uranium Energy Corp. Common Stock,N
6799,UFEB,Innovator U.S. Equity Ultra Buffer ETF - February,Y
6800,UFI,"Unifi, Inc. New Common Stock",N
6801,UFOD,Tuttle Capital UFO Disclosure ETF,Y
6802,UGA,United States Gasoline Fund LP,Y
6803,UGE,ProShares Ultra Consumer Staples,Y
6804,UGI,UGI Corporation Common Stock,N
6805,UGL,ProShares Ultra Gold,Y
6806,UGLD,Direxion Daily Gold Bull 2X ETF,Y
6807,UGP,Ultrapar Participacoes S.A. (New) American Depositary Shares (Each representing one Common Share),N
6808,UHAL,U-Haul Holding Company Common Stock,N
6809,UHAL.B,U-Haul Holding Company Series N Non-Voting Common Stock ,N
6810,UHS,"Universal Health Services, Inc. Common Stock",N
6811,UHT,Universal Health Realty Income Trust Common Stock,N
6812,UI,Ubiquiti Inc. Common Stock,N
6813,UIS,Unisys Corporation New Common Stock,N
6814,UJAN,Innovator U.S. Equity Ultra Buffer ETF - January,Y
6815,UJB,ProShares Ultra High Yield ETF,Y
6816,UJUL,Innovator U.S. Equity Ultra Buffer ETF - July,Y
6817,UJUN,Innovator U.S. Equity Ultra Buffer ETF - June,Y
6818,UL,Unilever PLC American Depositary Shares (each representing One Ordinary Share),N
6819,ULE,ProShares Ultra Euro,Y
6820,ULS,UL Solutions Inc. Class A Common Stock,N
6821,ULST,State Street Ultra Short Term Bond ETF,Y
6822,ULTY,YieldMax Ultra Option Income Strategy ETF,Y
6823,UMAC,"Unusual Machines, Inc. Common Stock",N
6824,UMAL,Defiance Daily Target 2X Long UMAC ETF,Y
6825,UMAR,Innovator U.S. Equity Ultra Buffer ETF - March,Y
6826,UMAY,Innovator U.S. Equity Ultra Buffer ETF - May,Y
6827,UMC,United Microelectronics Corporation (NEW) Common Stock,N
6828,UMCU,Tradr 2X Long UMC Daily ETF,Y
6829,UMCX,Corgi UMC 2x Daily ETF,Y
6830,UMDD,UltraPro MidCap400,Y
6831,UMH,"UMH Properties, Inc. Common Stock",N
6832,UMH$D,"UMH Properties, Inc. 6.375% Series D Cumulative Redeemable Preferred Stock, Liquidation Preference $25 per share",N
6833,UMI,USCF Midstream Energy Income Fund ETF,Y
6834,UN,Corgi UNH 2x Daily ETF,Y
6835,UNF,Unifirst Corporation Common Stock,N
6836,UNFI,"United Natural Foods, Inc. Common Stock",N
6837,UNG,United States Natural Gas Fund LP,Y
6838,UNH,UnitedHealth Group Incorporated Common Stock (DE),N
6839,UNHU,Direxion Daily UNH Bull 2X ETF,Y
6840,UNHW,Roundhill UNH WeeklyPay ETF,Y
6841,UNL,United States 12 Month Natural Gas Fund,Y
6842,UNM,Unum Group Common Stock,N
6843,UNMA,Unum Group 6.250% Junior Subordinated Notes due 2058,N
6844,UNOV,Innovator U.S. Equity Ultra Buffer ETF - November,Y
6845,UNP,Union Pacific Corporation Common Stock,N
6846,UNX,Tradr 2X Long U Daily ETF,Y
6847,UOCT,Innovator U.S. Equity Ultra Buffer ETF - October,Y
6848,UP,Wheels Up Experience Inc. Class A Common Stock,N
6849,UPAL,ProShares Ultra Palladium K-1 Free ETF,Y
6850,UPAR,UPAR Ultra Risk Parity ETF,Y
6851,UPGD,Invesco Bloomberg Analyst Rating Improvers ETF,Y
6852,UPLT,ProShares Ultra Platinum K-1 Free ETF,Y
6853,UPRO,ProShares UltraPro S&P 500,Y
6854,UPS,"United Parcel Service, Inc. Common Stock",N
6855,UPSC,Corgi UPST 2x Daily ETF,Y
6856,UPSD,Aptus Large Cap Upside ETF,Y
6857,UPSX,Tradr 2X Long UPST Daily ETF,Y
6858,UPV,ProShares Ultra FTSE Europe,Y
6859,UPW,ProShares Ultra Utilities,Y
6860,URA,Global X Uranium ETF,Y
6861,URAA,Direxion Daily Uranium Industry Bull 2X ETF,Y
6862,URAN,Themes Uranium & Nuclear ETF,Y
6863,URE,ProShares Ultra Real Estate,Y
6864,URG,Ur Energy Inc Common Shares (Canada),N
6865,URI,"United Rentals, Inc. Common Stock",N
6866,URNM,Sprott Uranium Miners ETF,Y
6867,URSP,ProShares Ultra S&P 500 Equal Weight,Y
6868,URTH,iShares MSCI World ETF,Y
6869,URTY,ProShares UltraPro Russell2000,Y
6870,USA,Liberty All-Star Equity Fund Common Stock,N
6871,USAC,"USA Compression Partners, LP Common Units Representing Limited Partner Interests",N
6872,USAI,Pacer American Energy Infrastructure ETF,Y
6873,USAS,"Americas Gold and Silver Corporation Common Shares, no par value",N
6874,USAX,Tradr 2X Long USAR Daily ETF,Y
6875,USB,U.S. Bancorp Common Stock,N
6876,USB$A,"U.S. Bancorp Depositary Shares, Each representing a 1/100th interest in a share of Series A Non-CumulativePerpetual Pfd Stock",N
6877,USB$H,U.S. Bancorp Depositary Shares repstg 1/1000th Pfd Ser B,N
6878,USB$P,"U.S. Bancorp Depositary Shares each representing a 1/1,000th interest in a share of Series K Non-Cumulative Perpetual Preferred Stock",N
6879,USB$Q,"U.S. Bancorp Depositary Shares, Each Representing a 1/1,000th Interest in a Share of Series L Non-Cumulative Perpetual Preferred Stock",N
6880,USB$R,"U.S. Bancorp Depositary Shares, Each Representing a 1/1,000th Interest in a Share of Series M Non-Cumulative Perpetual Preferred Stock",N
6881,USB$S,"U.S. Bancorp Depositary Shares, each representing a 1/1,000th interest in a share of Series O Non-Cumulative Perpetual Preferred Stock",N
6882,USBC,"USBC, Inc. Common Stock",N
6883,USCA,Xtrackers MSCI USA Climate Action Equity ETF,Y
6884,USCI,United States Commodity Index Fund ETV,Y
6885,USD,ProShares Ultra Semiconductors,Y
6886,USDU,WisdomTree Bloomberg U.S. Dollar Bullish Fund,Y
6887,USE,USCF Energy Commodity Strategy Absolute Return Fund,Y
6888,USEP,Innovator U.S. Equity Ultra Buffer ETF - September,Y
6889,USEW,Cambria US EW ETF,Y
6890,USFD,US Foods Holding Corp. Common Stock,N
6891,USFE,First Eagle US Equity ETF,Y
6892,USFR,WisdomTree Floating Rate Treasury Fund,Y
6893,USG,USCF Gold Strategy Plus Income Fund,Y
6894,USHY,iShares Broad USD High Yield Corporate Bond ETF,Y
6895,USL,United States 12 Month Oil,Y
6896,USLN,iShares Broad USD Floating Rate Loan ETF,Y
6897,USLV,Direxion Daily Silver Bull 2X ETF,Y
6898,USMD,CoreValues America First Technology ETF,Y
6899,USMF,WisdomTree U.S. Multifactor Fund,Y
6900,USMV,iShares MSCI USA Min Vol Factor ETF,Y
6901,USNA,"USANA Health Sciences, Inc. Common Stock",N
6902,USNG,Amplify Samsung U.S. Natural Gas Infrastructure ETF,Y
6903,USNZ,Xtrackers Net Zero Pathway Paris Aligned US Equity ETF,Y
6904,USO,United States Oil Fund,Y
6905,USPH,"U.S. Physical Therapy, Inc. Common Stock",N
6906,USPX,Franklin U.S. Equity Index ETF,Y
6907,USRT,iShares Core U.S. REIT ETF,Y
6908,USSE,Segall Bryant & Hamill Trust Segall Bryant & Hamill Select Equity ETF,Y
6909,USSG,Xtrackers MSCI USA Selection Equity ETF,Y
6910,UST,ProShares Ultra 7-10 Year Treasury,Y
6911,USX,Corgi Total U.S. Market 2x Daily ETF,Y
6912,UTES,Virtus Reaves Utilities ETF,Y
6913,UTF,"Cohen & Steers Infrastructure Fund, Inc Common Stock",N
6914,UTG,Reaves Utility Income Fund Common Shares of Beneficial Interest,N
6915,UTI,Universal Technical Institute Inc Common Stock,N
6916,UTL,UNITIL Corporation Common Stock,N
6917,UTSL,Direxion Daily Utilities Bull 3X ETF,Y
6918,UTZ,Utz Brands Inc Class A Common Stock ,N
6919,UUP,Invesco DB USD Index Bullish Fund ETF,Y
6920,UUPP,Principal CLO ETF,Y
6921,UUU,"Universal Safety Products, Inc. Common Stock",N
6922,UUUC,Corgi UUUU 2x Daily ETF,Y
6923,UUUU,Energy Fuels Inc Ordinary Shares (Canada),N
6924,UVE,UNIVERSAL INSURANCE HOLDINGS INC Common Stock,N
6925,UVIX,2x Long VIX Futures ETF,Y
6926,UVV,Universal Corporation Common Stock,N
6927,UVXY,ProShares Ultra VIX Short Term Futures ETF,Y
6928,UWM,ProShares Ultra Russell2000,Y
6929,UWMC,UWM Holdings Corporation Class A Common Stock,N
6930,UX,Roundhill Uranium ETF,Y
6931,UXAP,FT Vest U.S. Equity Uncapped Accelerator ETF - April,Y
6932,UXI,ProShares Ultra Industrials,Y
6933,UXJA,FT Vest U.S. Equity Uncapped Accelerator ETF - January,Y
6934,UXJL,FT Vest U.S. Equity Uncapped Accelerator ETF - July,Y
6935,UXOC,FT Vest U.S. Equity Uncapped Accelerator ETF - October,Y
6936,UXRP,ProShares Ultra XRP ETF,Y
6937,UYG,ProShares Ultra Financials,Y
6938,UYM,ProShares Ultra Materials,Y
6939,UZD,"Array Digital Infrastructure, Inc. 6.250% Senior Notes due 2069",N
6940,UZE,"Array Digital Infrastructure, Inc. 5.500% Senior Notes due 2070",N
6941,UZF,"Array Digital Infrastructure, Inc. 5.500% Senior Notes due 2070",N
6942,V,Visa Inc.,N
6943,VABS,Virtus Newfleet ABS/MBS ETF,Y
6944,VAC,Marriott Vacations Worldwide Corporation Common Stock,N
6945,VACI,Viking Acquisition Corp. I Class A Ordinary Shares,N
6946,VACI.U,"Viking Acquisition Corp. I Units, each consisting of one Class A ordinary share and one-third of one Warrant",N
6947,VACI.W,Viking Acquisition Corp. I Warrants to purchase one Class A Ordinary Share,N
6948,VAIE,VegaShares US Equity Autocallable Income ETF,Y
6949,VAL,Valaris Limited Common Shares,N
6950,VAL.W,Valaris Limited Warrants,N
6951,VALE,VALE S.A.  American Depositary Shares Each Representing one common share,N
6952,VALQ,American Century U.S. Quality Value ETF,Y
6953,VAMO,Cambria Value and Momentum ETF,Y
6954,VATE,INNOVATE Corp. Common Stock,N
6955,VAW,Vanguard Materials ETF,Y
6956,VB,Vanguard Morningstar Small-Cap ETF,Y
6957,VBF,Invesco Bond Fund Common Stock,N
6958,VBK,Vanguard Morningstar Small-Cap Growth ETF,Y
6959,VBND,Vident U.S. Bond Strategy ETF,Y
6960,VBR,Vanguard Morningstar Small-Cap Value ETF,Y
6961,VBX,Corgi U.S. Small-Cap 2x Daily ETF,Y
6962,VCEB,Vanguard ESG U.S. Corporate Bond ETF,Y
6963,VCHY,Vanguard U.S. High-Yield Corporate Bond Index ETF,Y
6964,VCLN,Virtus Duff & Phelps Clean Energy ETF,Y
6965,VCOB,Voya Core Bond ETF,Y
6966,VCR,Vanguard Consumer Discretion ETF,Y
6967,VCRM,Vanguard Core Tax-Exempt Bond ETF,Y
6968,VCV,Invesco California Value Municipal Income Trust Common Stock,N
6969,VCX,"Fundrise Innovation Fund, LLC Common Shares of Limited Liability Company Interests",N
6970,VDC,Vanguard Consumer Staples ETF,Y
6971,VDE,Vanguard Energy ETF,Y
6972,VDG,Vanguard Developed Markets ex-US Growth Index ETF,Y
6973,VDI,Virtus International Dividend ETF,Y
6974,VDIG,Vanguard Wellington Dividend Growth Active ETF,Y
6975,VDV,Vanguard Developed Markets ex-US Value Index ETF,Y
6976,VEA,Vanguard FTSE Developed Markets ETF,Y
6977,VECA,Vernal Capital Acquisition Corp. Ordinary Shares,N
6978,VECA.R,"Vernal Capital Acquisition Corp. Rights, each right entitling the holder to receive one-fourth (1/4) of one Ordinary Share",N
6979,VECA.U,"Vernal Capital Acquisition Corp. Units, each consisting of one ordinary share and one right",N
6980,VEEV,Veeva Systems Inc. Class A Common Stock,N
6981,VEGA,AdvisorShares STAR Global Buy-Write ETF,Y
6982,VEGI,iShares MSCI Agriculture Producers ETF,Y
6983,VEGN,US Vegan Climate ETF,Y
6984,VEL,"Velocity Financial, Inc. Common Stock",N
6985,VELL,Defiance Daily Target 2X Long VELO ETF,Y
6986,VEM,Virtus Emerging Markets Dividend ETF,Y
6987,VEMY,Virtus Stone Harbor Emerging Markets High Yield Bond ETF,Y
6988,VENU,Venu Holding Corporation Common Stock,N
6989,VERS,ProShares Metaverse ETF,Y
6990,VET,Vermilion Energy Inc. Common (Canada),N
6991,VETZ,Academy Veteran Bond ETF,Y
6992,VEU,Vanguard FTSE All World Ex US ETF,Y
6993,VEXC,Vanguard Emerging Markets Ex-China ETF,Y
6994,VFC,V.F. Corporation Common Stock,N
6995,VFH,Vanguard Financials ETF,Y
6996,VFMF,Vanguard U.S. Multifactor ETF,Y
6997,VFMO,Vanguard U.S. Momentum Factor ETF,Y
6998,VFMV,Vanguard U.S. Minimum Volatility ETF,Y
6999,VFQY,Vanguard U.S. Quality Factor ETF,Y
7000,VFVA,Vanguard U.S. Value Factor ETF,Y
7001,VG,"Venture Global, Inc. Class A common stock",N
7002,VGHY,Vanguard High-Yield Active ETF,Y
7003,VGI,Virtus Global Multi-Sector Income Fund Common Shares of Beneficial Interest,N
7004,VGK,Vanguard FTSEEuropean ETF,Y
7005,VGM,Invesco Trust for Investment Grade Municipals Common Stock (DE),N
7006,VGMS,Vanguard Multi-Sector Income Bond ETF,Y
7007,VGNT,Versigent PLC Ordinary Shares,N
7008,VGRO,Virtus Silvant Growth Opportunities ETF,Y
7009,VGT,Vanguard Information Tech ETF,Y
7010,VGVT,Vanguard Government Securities Active ETF,Y
7011,VGZ,Vista Gold Corp Common Stock,N
7012,VHI,"Valhi, Inc. Common Stock",N
7013,VHT,Vanguard Health Care ETF,Y
7014,VIA,"Via Transportation, Inc. Class A Common Stock",N
7015,VIAG,Leverage Shares 2X Long VIAV Daily ETF,Y
7016,VICE,AdvisorShares Vice ETF,Y
7017,VICI,VICI Properties Inc. Common Stock,N
7018,VIDA,VIDA Global Inc. Class A Common Stock,N
7019,VIDI,Vident International Equity Strategy ETF,Y
7020,VIG,Vanguard Div Appreciation ETF,Y
7021,VII,Viking Acquisition Corp. II Class A Ordinary Shares,N
7022,VII.U,"Viking Acquisition Corp. II Units, each consisting of one Class A ordinary share and one-third of one Warrant",N
7023,VII.W,Viking Acquisition Corp. II Warrants to purchase one Class A Ordinary Share,N
7024,VIK,Viking Holdings Ltd Ordinary Shares,N
7025,VIOG,Vanguard S&P Small-Cap 600 Growth ETF,Y
7026,VIOO,Vanguard S&P Small-Cap 600 ETF,Y
7027,VIOV,Vanguard S&P Small-Cap 600 Value ETF,Y
7028,VIPS,"Vipshop Holdings Limited American Depositary Shares, each representing two ordinary shares",N
7029,VIRT,"Virtu Financial, Inc. Class A Common Stock",N
7030,VIS,Vanguard Industrials ETF,Y
7031,VIST,"Vista Energy S.A.B. de C.V. American Depositary Shares, each representing one series A share, with no par value",N
7032,VIV,Telefonica Brasil S.A. American Depositary Shares (Each representing One Common Share),N
7033,VIXM,VIX Mid-Term Futures ETF,Y
7034,VIXY,VIX Short-Term Futures ETF,Y
7035,VKI,Invesco Advantage Municipal Income Trust II Common Shares of Beneficial Interest (DE),N
7036,VKQ,Invesco Municipal Trust Common Stock,N
7037,VLLU,Harbor AlphaEdge Large Cap Value ETF,Y
7038,VLN,Valens Semiconductor Ltd. Ordinary Shares,N
7039,VLO,Valero Energy Corporation Common Stock,N
7040,VLRS,"Controladora Vuela Compania de Aviacion, S.A.B. de C.V. American Depositary Shares, each representing ten (10) Ordinary Participation Certificates",N
7041,VLT,Invesco High Income Trust II,N
7042,VLTO,Veralto Corp Common Stock ,N
7043,VLU,State Street SPDR S&P 1500 Value Tilt ETF,Y
7044,VLUE,iShares MSCI USA Value Factor ETF,Y
7045,VMAX,Hartford US Value ETF,Y
7046,VMC,Vulcan Materials Company (Holding Company) Common Stock,N
7047,VMI,"Valmont Industries, Inc. Common Stock",N
7048,VMO,Invesco Municipal Opportunity Trust Common Stock,N
7049,VMRK,Vivmark Residential Common Shares of Beneficial Interest,N
7050,VMSB,Voya Multi-Sector Income ETF,Y
7051,VNAM,Global X MSCI Vietnam ETF,Y
7052,VNIE,Vontobel International Equity Active ETF,Y
7053,VNLA,Janus Henderson Short Duration Income ETF,Y
7054,VNM,VanEck Vietnam ETF,Y
7055,VNO,Vornado Realty Trust Common Stock,N
7056,VNO$L,Vornado Realty Trust Pfd Ser L %,N
7057,VNO$M,"Vornado Realty Trust 5.25% Series M Cumulative Redeemable Preferred Shares of Beneficial Interest, liquidation preference $25.00 per share, no par value per share",N
7058,VNO$N,"Vornado Realty Trust 5.25% Series N Cumulative Redeemable Preferred Shares of Beneficial Interest, liquidation preference $25.00 per share",N
7059,VNO$O,"Vornado Realty Trust 4.45% Series O Cumulative Redeemable Preferred Shares, Liquidation Preference $25.00 Per Share",N
7060,VNQ,Vanguard Real Estate ETF,Y
7061,VNRX,VolitionRX Limited Common Stock,N
7062,VNSE,Natixis Vaughan Nelson Select ETF,Y
7063,VNT,Vontier Corporation Common Stock ,N
7064,VNTG,Vantage Corp Class A Ordinary Shares,N
7065,VO,Vanguard Morningstar Mid-Cap ETF,Y
7066,VOC,VOC Energy Trust Units of Beneficial Interest,N
7067,VOE,Vanguard Morningstar Mid-Cap Value ETF,Y
7068,VOO,Vanguard S&P 500 ETF,Y
7069,VOOG,Vanguard S&P 500 Growth ETF,Y
7070,VOOV,Vanguard S&P 500 Value ETF,Y
7071,VOOX,Corgi U.S. Large-Cap 2x Daily ETF,Y
7072,VOT,Vanguard Morningstar Mid-Cap Growth ETF,Y
7073,VOX,Vanguard Communication Services  ETF,Y
7074,VOXP,Vox Populi ETF,Y
7075,VOYA,"Voya Financial, Inc. Common Stock",N
7076,VOYA$B,"Voya Financial, Inc. Depositary Shares, each representing a 1/40th interest in a share of 5.35% Fixed-Rate Reset Non-Cumulative Preferred Stock, Series B",N
7077,VOYG,"Voyager Technologies, Inc. Class A Common Stock",N
7078,VPC,Virtus Private Credit Strategy ETF,Y
7079,VPFF,Virtus InfraCap Preferred and Income Securities ETF,Y
7080,VPG,"Vishay Precision Group, Inc. Common Stock",N
7081,VPL,Vanguard FTSE Pacific ETF,Y
7082,VPU,Vanguard Utilities ETF,Y
7083,VPV,Invesco Pennsylvania Value Municipal Income Trust Common Stock (DE),N
7084,VPX,Variant Perception Cycle Aware US Equity ETF,Y
7085,VRAI,Virtus Real Asset Income ETF,Y
7086,VRC,Corgi VRT 2x Daily ETF,Y
7087,VRP,Invesco Variable Rate Preferred ETF,Y
7088,VRT,"Vertiv Holdings, LLC Class A Common Stock",N
7089,VRTS,"Virtus Investment Partners, Inc. Common Stock",N
7090,VSDB,Vanguard Short Duration Bond ETF,Y
7091,VSDM,Vanguard Short Duration Tax-Exempt Bond ETF,Y
7092,VSGX,Vanguard ESG International Stock ETF,Y
7093,VSH,"Vishay Intertechnology, Inc. Common Stock",N
7094,VSHY,Virtus Newfleet Short Duration High Yield Bond ETF,Y
7095,VSLU,Applied Finance Valuation Large Cap ETF,Y
7096,VSS,Vanguard FTSE All-Wld ex-US SmCp Idx ETF,Y
7097,VST,Vistra Corp. Common Stock,N
7098,VSTS,Vestis Corporation Common Stock,N
7099,VSXY,Victorias Secret & Co. Common Stock ,N
7100,VT,Vanguard Total World Stock Index ETF,Y
7101,VTAK,"Catheter Precision, Inc. Common Stock",N
7102,VTEB,Vanguard Tax-Exempt Bond ETF,Y
7103,VTEC,Vanguard California Tax-Exempt Bond ETF,Y
7104,VTEI,Vanguard Tax-Managed Funds Vanguard Intermediate-Term Tax-Exempt Bond ETF,Y
7105,VTEL,Vanguard Long-Term Tax-Exempt Bond ETF,Y
7106,VTES,Vanguard Wellington Fund Vanguard Short-Term Tax Exempt Bond ETF,Y
7107,VTEX,VTEX Class A Common Shares,N
7108,VTG,Vanguard Total Treasury ETF,Y
7109,VTI,Vanguard Morningstar Total Stock Market ETF,Y
7110,VTMX,"Corporacion Inmobiliaria Vesta, S.A.B de C.V. American Depositary Shares, each representing ten (10) Common Shares",N
7111,VTN,Invesco Trust for Investment Grade New York Municipals Common Stock,N
7112,VTOL,"Bristow Group, Inc. Common Stock",N
7113,VTP,Vanguard Total Inflation-Protected Securities ETF,Y
7114,VTR,"Ventas, Inc. Common Stock",N
7115,VTS,"Vitesse Energy, Inc. Common Stock",N
7116,VTV,Vanguard Morningstar Value ETF,Y
7117,VUG,Vanguard Morningstar Growth ETF,Y
7118,VUS,Virtus US Dividend ETF,Y
7119,VUSB,Vanguard Ultra-Short Bond ETF,Y
7120,VUSE,Vident U.S. Equity Strategy ETF,Y
7121,VUSG,Vanguard Wellington U.S. Growth Active ETF,Y
7122,VUSI,Voya Ultra Short Income ETF,Y
7123,VUSV,Vanguard Wellington U.S. Value Active ETF,Y
7124,VV,Vanguard Morningstar Large-Cap ETF,Y
7125,VVR,Invesco Senior Income Trust Common Stock (DE),N
7126,VVV,Valvoline Inc. Common Stock,N
7127,VVX,"V2X, Inc. Common Stock",N
7128,VWO,Vanguard FTSE Emerging Markets ETF,Y
7129,VXF,Vanguard Extended Market ETF,Y
7130,VXX,iPath Series B S&P 500 VIX Short-Term Futures ETN,N
7131,VXZ,iPath Series B S&P 500 VIX Mid-Term Futures ETN,N
7132,VYLD,"Inverse VIX Short-Term Futures ETNs due March 22, 2045",Y
7133,VYM,Vanguard High Dividend Yield ETF,Y
7134,VYX,NCR Voyix Corporation Common Stock,N
7135,VZ,Verizon Communications Inc. Common Stock,N
7136,VZLA,Vizsla Silver Corp. Common Shares,N
7137,W,Wayfair Inc. Class A Common Stock,N
7138,WAB,Westinghouse Air Brake Technologies Corporation Common Stock,N
7139,WAGN,Pabrai Wagons ETF,Y
7140,WAL,Western Alliance Bancorporation Common Stock (DE),N
7141,WAL$A,"Western Alliance Bancorporation Depositary Shares, Each Representing a 1/400th Interest in a Share of 4.250% Fixed-Rate Non-Cumulative Perpetual Preferred Stock, Series A",N
7142,WANT,Direxion Daily Consumer Discretionary Bull 3X ETF,Y
7143,WAR,U.S. Global Technology and Aerospace & Defense ETF,Y
7144,WAT,Waters Corporation Common Stock,N
7145,WATS,Corgi Battery Energy Storage Systems ETF,Y
7146,WBI,WaterBridge Infrastructure LLC Class A Shares Representing Limited Liability Company Interests,N
7147,WBIF,WBI BullBear Value 3000 ETF,Y
7148,WBIG,WBI BullBear Yield 3000 ETF,Y
7149,WBIL,WBI BullBear Quality 3000 ETF,Y
7150,WBIY,WBI Power Factor High Dividend ETF,Y
7151,WBX,Wallbox N.V. Class A Ordinary Shares,N
7152,WCAP,WarCap Unconstrained Equity ETF,Y
7153,WCC,"WESCO International, Inc. Common Stock",N
7154,WCEO,Hypatia Women CEO ETF,Y
7155,WCME,First Trust WCM Developing World Equity ETF,Y
7156,WCMG,First Trust WCM Global Equity ETF,Y
7157,WCMI,First Trust WCM International Equity ETF,Y
7158,WCN,"Waste Connections, Inc. Common Shares",N
7159,WCPB,Weitz Core Plus Bond ETF,Y
7160,WD,"Walker & Dunlop, Inc Common Stock",N
7161,WDAI,Pacer S&P World 3AI Top 300 ETF,Y
7162,WDCC,Corgi WDC 2x Daily ETF,Y
7163,WDCX,Tradr 2X Long WDC Daily ETF,Y
7164,WDE,Principal Securitized Debt ETF,Y
7165,WDEF,WisdomTree Europe Defense Fund,Y
7166,WDH,Waterdrop Inc. American Depositary Shares (each representing the right to receive 10 Class A Ordinary Shares),N
7167,WDI,Western Asset Diversified Income Fund Common Shares of Beneficial Interest,N
7168,WDIG,WisdomTree Efficient Rare Earth Plus Strategic Metals Fund,Y
7169,WDIV,State Street SPDR S&P Global Dividend ETF,Y
7170,WDNA,WisdomTree BioRevolution Fund,Y
7171,WDRN,"WisdomTree Physical AI, Humanoids and Drones Fund",Y
7172,WDS,"Woodside Energy Group Limited American Depositary Shares, each representing one Ordinary Share",N
7173,WDTE,Defiance S&P 500 Weekly Distribution ETF,Y
7174,WEA,Western Asset Bond Fund Share of Beneficial Interest,N
7175,WEAT,Teucrium Wheat Fund ETV,Y
7176,WEAV,"Weave Communications, Inc. Common Stock",N
7177,WEBL,Direxion Daily Dow Jones Internet Bull 3X ETF,Y
7178,WEBS,Direxion Daily Dow Jones Internet Bear 3X ETF,Y
7179,WEBX,Corgi Chinese Internet 2x Daily ETF,Y
7180,WEC,"WEC Energy Group, Inc. Common Stock",N
7181,WEED,Roundhill Cannabis ETF,Y
7182,WEEK,Roundhill Weekly T-Bill ETF,Y
7183,WEEL,Peerless Option Income Wheel ETF,Y
7184,WELD,Tema U.S. Manufacturing & Reshoring ETF,Y
7185,WELL,Welltower Inc. Common Stock,N
7186,WENC,West Enclave Merger Corp. Ordinary Shares,N
7187,WENC.R,"West Enclave Merger Corp. Rights, each Right to acquire one-tenth (1/10) of one Ordinary Share",N
7188,WENC.U,"West Enclave Merger Corp. Units, each consisting of one Ordinary Share and one Right to acquire one-tenth (1/10) of one Ordinary Share",N
7189,WEPN,Nicholas Defense and Rare Earth Income ETF,Y
7190,WES,"Western Midstream Partners, LP Common Units Representing Limited Partner Interests",N
7191,WEX,WEX Inc. common stock,N
7192,WF,Woori Financial Group Inc. American Depositary Shares (each representing three (3) shares of Common Stock),N
7193,WFC,Wells Fargo & Company Common Stock,N
7194,WFC$A,"Wells Fargo & Company Depositary Shares, each representing a 1/1,000th interest in a share of Non-Cumulative Perpetual Class A Preferred Stock, Series AA",N
7195,WFC$C,"Wells Fargo & Company Depositary Shares, each representing a 1/1,000th interest in a share of Non-Cumulative Perpetual Class A Preferred Stock, Series CC",N
7196,WFC$D,"Wells Fargo & Company Depositary Shares, each representing a 1/1,000th interest in  a share of Non-Cumulative Perpetual Class A Preferred Stock, Series DD",N
7197,WFC$L,"Wells Fargo & Company 7.50% Non-Cumulative Perpetual Convertible Class A Preferred Stock, Series L",N
7198,WFC$Y,"Wells Fargo & Company Depositary Shares, each representing a 1/1,000th interest in a share of Non-Cumulative Perpetual Class A Preferred Stock, Series Y",N
7199,WFC$Z,"Wells Fargo & Company Depositary Shares, each representing a 1/1,000th interest in a share of Non-Cumulative Perpetual Class A Preferred Stock, Series Z",N
7200,WFG,West Fraser Timber Co. Ltd Common stock,N
7201,WGO,"Winnebago Industries, Inc. Common Stock",N
7202,WH,"Wyndham Hotels & Resorts, Inc. Common Stock ",N
7203,WHD,"Cactus, Inc. Class A Common Stock",N
7204,WHG,Westwood Holdings Group Inc Common Stock,N
7205,WHK,WhiteHawk Minerals Corp Class A Common Stock,N
7206,WHR,Whirlpool Corporation Common Stock,N
7207,WHR$A,"Whirlpool Corporation Depositary Shares, each representing a 1/20th interest in a share of 8.50% Series A Mandatory Convertible Preferred Stock",N
7208,WIA,Western Asset Inflation-Linked Income Fund,N
7209,WINN,Harbor Long-Term Growers ETF,Y
7210,WIP,State Street SPDR FTSE International Government Inflation-Protected Bond ETF,Y
7211,WIT,Wipro Limited Common Stock,N
7212,WIW,Western Asset Inflation-Linked Opportunities & Income Fund,N
7213,WK,Workiva Inc. Class A Common Stock,N
7214,WKC,World Kinect Corporation Common Stock,N
7215,WLDR,Simplify Affinity World Leaders Equity ETF,Y
7216,WLDU,Leverage Shares 2x Long World Stock Daily ETF,Y
7217,WLK,Westlake Corporation Common Stock,N
7218,WLKP,Westlake Chemical Partners LP Common Units representing limited partner interests,N
7219,WLTG,WealthTrust DBS Long Term Growth ETF,Y
7220,WLY,"John Wiley & Sons, Inc. Common Stock",N
7221,WLYB,"John Wiley & Sons, Inc. Common Stock",N
7222,WM,"Waste Management, Inc. Common Stock",N
7223,WMB,"Williams Companies, Inc. (The) Common Stock",N
7224,WMK,"Weis Markets, Inc. Common Stock",N
7225,WMS,"Advanced Drainage Systems, Inc. Common Stock",N
7226,WMSB,Weitz Multisector Bond ETF,Y
7227,WMTI,REX WMT Growth & Income ETF,Y
7228,WNC,Wabash National Corporation Common Stock,N
7229,WNDR,Corgi Travel & Leisure ETF,Y
7230,WNTR,YieldMax MSTR Short Option Income Strategy ETF,Y
7231,WOLF,"Wolfspeed, Inc. Common Stock New",N
7232,WOMN,Impact Shares Women's Empowerment ETF,Y
7233,WOR,"Worthington Enterprises, Inc. Common Shares",N
7234,WPAC,White Pearl Acquisition Corp. Class A Ordinary Shares,N
7235,WPAC.R,"White Pearl Acquisition Corp. Rights, each right entitles the holder to receive one-fifth of one Class A ordinary share upon consummation of the initial business combination",N
7236,WPAC.U,"White Pearl Acquisition Corp. Units, each consisting of one Class A ordinary share and one right to receive one-fifth (1/5) of one Class A ordinary share",N
7237,WPC,W. P. Carey Inc. REIT,N
7238,WPM,Wheaton Precious Metals Corp Common Shares (Canada),N
7239,WPP,WPP plc American Depositary Shares,N
7240,WQTM,WisdomTree Quantum Computing Fund,Y
7241,WR,Corgi U.S. War Machine ETF,Y
7242,WRB,W.R. Berkley Corporation Common Stock,N
7243,WRB$E,W.R. Berkley Corporation 5.70% Subordinated Debentures due 2058,N
7244,WRB$F,W.R. Berkley Corporation 5.10% Subordinated Debentures due 2059,N
7245,WRB$G,W.R. Berkley Corporation 4.25% Subordinated Debentures due 2060,N
7246,WRB$H,W.R. Berkley Corporation 4.125% Subordinated Debentures due 2061,N
7247,WRBY,Warby Parker Inc. Class A Common Stock,N
7248,WRN,Western Copper and Gold Corporation Common Stock,N
7249,WS,"Worthington Steel, Inc. Common Shares",N
7250,WSDB,Weitz Short Duration Bond ETF,Y
7251,WSM,"Williams-Sonoma, Inc. Common Stock (DE)",N
7252,WSMD,Wasatch Small/Mid Cap ETF,Y
7253,WSO,"Watsco, Inc. Common Stock",N
7254,WSO.B,"Watsco, Inc. Class B Common Stock",N
7255,WST,"West Pharmaceutical Services, Inc. Common Stock",N
7256,WT,"WisdomTree, Inc. Common Stock",N
7257,WTAI,WisdomTree Artificial Intelligence and Innovation Fund,Y
7258,WTI,"W&T Offshore, Inc. Common Stock",N
7259,WTIB,USCF Oil Plus Bitcoin Strategy Fund,Y
7260,WTID,MicroSectors Energy 3X Inverse Leveraged ETNs,Y
7261,WTIU,MicroSectors Energy 3X Leveraged ETNs,Y
7262,WTLS,WisdomTree Efficient Long/Short U.S. Equity Fund,Y
7263,WTM,"White Mountains Insurance Group, Ltd. Common Stock",N
7264,WTMF,WisdomTree Managed Futures Strategy Fund,Y
7265,WTPI,WisdomTree Equity Premium Income Fund,Y
7266,WTRE,WisdomTree New Economy Real Estate Fund,Y
7267,WTRG,"Essential Utilities, Inc. Common Stock",N
7268,WTS,"Watts Water Technologies, Inc. Class A Common Stock",N
7269,WTTR,"Select Water Solutions, Inc. Class A common stock",N
7270,WTV,WisdomTree U.S. Value Fund,Y
7271,WU,Western Union Company (The) Common Stock,N
7272,WUGI,AXS Esoterica NextG Economy ETF,Y
7273,WULX,Tradr 2X Long WULF Daily ETF,Y
7274,WWJD,Inspire International ETF,Y
7275,WWR,"Westwater Resources, Inc. Common Stock",N
7276,WWW,"Wolverine World Wide, Inc. Common Stock",N
7277,WX,Corgi All World 2x Daily ETF,Y
7278,WXET,Teucrium 2x Daily Wheat ETF,Y
7279,WY,Weyerhaeuser Company Common Stock,N
7280,WYFL,Defiance Daily Target 2X Long WYFI ETF,Y
7281,WYY,WidePoint Corporation Common Stock,N
7282,WZRD,Opportunistic Trader ETF,Y
7283,XA,Corgi AI Cybersecurity ETF,Y
7284,XAGG,Eaton Vance Income Opportunities ETF,Y
7285,XAGI,Corgi AGIX 2x Daily ETF,Y
7286,XAIW,SpaceXAI Lab Ecosystem ETF,Y
7287,XAPR,FT Vest U.S. Equity Enhance & Moderate Buffer ETF - April,Y
7288,XAR,State Street SPDR S&P Aerospace & Defense ETF,Y
7289,XAUG,FT Vest U.S. Equity Enhance & Moderate Buffer ETF - August,Y
7290,XB,BondBloxx B-Rated USD High Yield Corporate Bond ETF,Y
7291,XBAP,Innovator U.S. Equity Accelerated 9 Buffer ETF - April,Y
7292,XBB,BondBloxx BB-Rated USD High Yield Corporate Bond ETF,Y
7293,XBFR,Innovator Equity Managed 10 Buffer ETF,Y
7294,XBI,State Street SPDR S&P Biotech ETF,Y
7295,XBIX,Corgi U.S. Biotech 2x Daily ETF,Y
7296,XBJA,Innovator U.S. Equity Accelerated 9 Buffer ETF - January,Y
7297,XBJL,Innovator U.S. Equity Accelerated 9 Buffer ETF - July,Y
7298,XBNB,Teucrium xETFs 2x Long Daily BNB ETF,Y
7299,XBOC,Innovator U.S. Equity Accelerated 9 Buffer ETF - October,Y
7300,XBOX,Roundhill Ultra Short Duration No Dividend Target ETF,Y
7301,XC,WisdomTree True Emerging Markets Fund,Y
7302,XCCC,BondBloxx CCC-Rated USD High Yield Corporate Bond ETF,Y
7303,XCEM,Columbia EM Core ex-China ETF,Y
7304,XCHG,AB US Equity ETF,Y
7305,XCLR,Global X S&P 500 Collar 95-110 ETF,Y
7306,XCOM,Corgi All Commodities 2x Daily ETF,Y
7307,XCOR,FundX ETF,Y
7308,XDAT,Franklin Exponential Data ETF,Y
7309,XDEC,FT Vest U.S. Equity Enhance & Moderate Buffer ETF - December,Y
7310,XDIV,Roundhill S&P 500 No Dividend Target ETF,Y
7311,XDQQ,Innovator Growth Accelerated ETF - Quarterly,Y
7312,XDSQ,Innovator U.S. Equity Accelerated ETF - Quarterly,Y
7313,XDTE,Roundhill S&P 500 0DTE Covered Call Strategy ETF,Y
7314,XEMD,BondBloxx JP Morgan USD Emerging Markets 1-10 Year Bond ETF,Y
7315,XEML,Xtrackers Europe Market Leaders ETF,Y
7316,XES,State Street SPDR S&P Oil & Gas Equipment & Services ETF,Y
7317,XEUR,Corgi Europe Equities 2x Daily ETF,Y
7318,XFEB,FT Vest U.S. Equity Enhance & Moderate Buffer ETF - February,Y
7319,XFIV,BondBloxx Bloomberg Five Year Target Duration US Treasury ETF,Y
7320,XFLH,XFLH Capital Corporation Ordinary Shares,N
7321,XFLH.R,XFLH Capital Corporation Rights to receive one-seventh (1/7) of one Ordinary Share,N
7322,XFLH.U,"XFLH Capital Corporation Units, each consisting of one Ordinary Share and one Right",N
7323,XFLT,XAI Floating Rate & Alternative Income Trust Common Shares of Beneficial Interest,N
7324,XFLX,FundX Flexible ETF,Y
7325,XHB,State Street SPDR S&P Homebuilders ETF,Y
7326,XHE,State Street SPDR S&P Health Care Equipment ETF,Y
7327,XHLF,BondBloxx Bloomberg Six Month Target Duration US Treasury ETF,Y
7328,XHOA,Corgi U.S. Real Estate 2x Daily ETF,Y
7329,XHR,"Xenia Hotels & Resorts, Inc. Common Stock",N
7330,XHS,State Street SPDR S&P Health Care Services ETF,Y
7331,XIDE,FT Vest U.S. Equity Buffer & Premium Income  ETF - December,Y
7332,XIDV,Franklin International Dividend Booster Index ETF,Y
7333,XIFR,"XPLR Infrastructure, LP Common Units representing limited partner interests",N
7334,XIGV,Defiance US 100 Tech Ex Software ETF,Y
7335,XIJN,FT Vest U.S. Equity Buffer & Premium Income ETF - June,Y
7336,XIMR,FT Vest U.S. Equity Buffer & Premium Income ETF - March,Y
7337,XISE,FT Vest U.S. Equity Buffer & Premium Income ETF - September,Y
7338,XITK,State Street SPDR FactSet Innovative Technology ETF,Y
7339,XIWC,Corgi U.S. Micro-Cap 2x Daily ETF,Y
7340,XJAN,FT Vest U.S. Equity Enhance & Moderate Buffer ETF - January,Y
7341,XJH,iShares ESG Select Screened S&P Mid-Cap ETF,Y
7342,XJR,iShares ESG Select Screened S&P Small-Cap ETF,Y
7343,XJUL,FT Vest U.S. Equity Enhance & Moderate Buffer ETF - July,Y
7344,XJUN,FT Vest U.S. Equity Enhance & Moderate Buffer ETF - June,Y
7345,XKRE,Corgi U.S. Regional Banks 2x Daily ETF,Y
7346,XLB,State Street Materials Select Sector SPDR ETF,Y
7347,XLBI,State Street Materials Select Sector SPDR Premium Income ETF,Y
7348,XLBX,Corgi U.S. Materials 2x Daily ETF,Y
7349,XLC,State Street Communication Services Select Sector SPDR ETF,Y
7350,XLCI,State Street Communication Services Select Sector SPDR Premium Income ETF,Y
7351,XLE,State Street Energy Select Sector SPDR ETF,Y
7352,XLEI,State Street Energy Select Sector SPDR Premium Income ETF,Y
7353,XLEX,Corgi U.S. Energy 2x Daily ETF,Y
7354,XLF,State Street Financial Select Sector SPDR ETF,Y
7355,XLFI,State Street Financial Select Sector SPDR Premium Income ETF,Y
7356,XLFX,Corgi U.S. Financials 2x Daily ETF,Y
7357,XLG,Invesco S&P 500 Top 50 ETF,Y
7358,XLI,State Street Industrial Select Sector SPDR ETF,Y
7359,XLII,State Street Industrial Select Sector SPDR Premium Income ETF,Y
7360,XLIX,Corgi U.S. Industrials 2x Daily ETF,Y
7361,XLK,State Street Technology Select Sector SPDR ETF,Y
7362,XLKI,State Street Technology Select Sector SPDR Premium Income ETF,Y
7363,XLKX,Corgi U.S. Technology 2x Daily ETF,Y
7364,XLP,State Street Consumer Staples Select Sector SPDR ETF,Y
7365,XLPX,Corgi U.S. Consumer Staples 2x Daily ETF,Y
7366,XLRE,State Street Real Estate Select Sector SPDR ETF,Y
7367,XLRI,State Street Real Estate Select Sector SPDR Premium Income ETF,Y
7368,XLSI,State Street Consumer Staples Select Sector SPDR Premium Income ETF,Y
7369,XLSR,State Street US Sector Rotation ETF,Y
7370,XLU,State Street Utilities Select Sector SPDR ETF,Y
7371,XLUI,State Street Utilities Select Sector SPDR Premium Income ETF,Y
7372,XLUX,Corgi U.S. Utilities 2x Daily ETF,Y
7373,XLV,State Street Health Care Select Sector SPDR ETF,Y
7374,XLVI,State Street Health Care Select Sector SPDR Premium Income ETF,Y
7375,XLVX,Corgi U.S. Healthcare 2x Daily ETF,Y
7376,XLY,State Street Consumer Discretionary Select Sector SPDR ETF,Y
7377,XLYI,State Street Consumer Discretionary Select Sector SPDR Premium Income ETF,Y
7378,XLYX,Corgi U.S. Consumer Discretionary 2x Daily ETF,Y
7379,XMAR,FT Vest U.S. Equity Enhance & Moderate Buffer ETF - March,Y
7380,XMAY,FT Vest U.S. Equity Enhance & Moderate Buffer ETF - May,Y
7381,XME,State Street SPDR S&P Metals & Mining ETF,Y
7382,XMHQ,Invesco S&P MidCap Quality ETF,Y
7383,XMLV,Invesco S&P MidCap Low Volatility ETF,Y
7384,XMMO,Invesco S&P MidCap Momentum ETF,Y
7385,XMPT,VanEck CEF Muni Income ETF,Y
7386,XMVM,Invesco S&P MidCap Value with Momentum ETF,Y
7387,XNAV,FundX Aggressive ETF,Y
7388,XNDX,Tradr 2X Long XNDU Daily ETF,Y
7389,XNOV,FT Vest U.S. Equity Enhance & Moderate Buffer ETF - November,Y
7390,XNTK,State Street SPDR NYSE Technology ETF,Y
7391,XOCT,FT Vest U.S. Equity Enhance & Moderate Buffer ETF - October,Y
7392,XOEF,iShares S&P 500 ex S&P 100 ETF,Y
7393,XOEX,Xtrackers S&P 100 Ex Top 20 ETF,Y
7394,XOM,ExxonMobil Holdings Corporation Common Stock,N
7395,XOMO,YieldMax XOM Option Income Strategy ETF,Y
7396,XONE,BondBloxx Bloomberg One Year Target Duration US Treasury ETF,Y
7397,XOP,State Street SPDR S&P Oil & Gas Exploration & Production ETF,Y
7398,XOVL,Defiance Daily Target 2X Long XOVR ETF,Y
7399,XPAV,Corgi U.S. Infrastructure 2x Daily ETF,Y
7400,XPAY,Roundhill S&P 500 Target 20 Managed Distribution ETF,Y
7401,XPER,Xperi Inc. Common Stock ,N
7402,XPEV,"XPeng Inc. American depositary shares, each representing two Class A ordinary shares",N
7403,XPH,State Street SPDR S&P Pharmaceuticals ETF,Y
7404,XPL,Solitario Resources Corp. Common Stock,N
7405,XPND,First Trust Expanded Technology ETF,Y
7406,XPO,"XPO, Inc. Common Stock",N
7407,XPOF,"Xponential Fitness, Inc. Class A Common Stock",N
7408,XPP,ProShares Ultra FTSE China 50,Y
7409,XPRO,Expro Ltd Ordinary Shares,N
7410,XQBT,Amplify Top 10 Quantum ETF,Y
7411,XQTM,Corgi Quantum Computing 2x Daily ETF,Y
7412,XRLX,FundX Conservative ETF,Y
7413,XRMI,Global X S&P 500 Risk Managed Income ETF,Y
7414,XRN,Chiron Real Estate Inc. Common Stock,N
7415,XRN$A,Chiron Real Estate Inc. Series A Cumulative Redeemable Preferred Stock,N
7416,XRN$B,"Chiron Real Estate Inc. 8.00% Series B Cumulative Redeemable Preferred Stock, $0.001 par value per share",N
7417,XRP,Bitwise XRP ETF,Y
7418,XRPM,Amplify XRP 3% Monthly Option Income ETF,Y
7419,XRPR,REX-Osprey XRP ETF,Y
7420,XRPZ,Franklin XRP ETF,Y
7421,XRT,State Street SPDR S&P Retail ETF,Y
7422,XSD,State Street SPDR S&P Semiconductor ETF,Y
7423,XSEM,Corgi U.S. Semiconductors 2x Daily ETF,Y
7424,XSEP,FT Vest U.S. Equity Enhance & Moderate Buffer ETF - September,Y
7425,XSHD,Invesco S&P SmallCap High Dividend Low Volatility ETF,Y
7426,XSHP,Kurv SpaceX Enhanced Income ETF,Y
7427,XSHQ,Invesco S&P SmallCap Quality ETF,Y
7428,XSLV,Invesco S&P SmallCap Low Volatility ETF,Y
7429,XSMO,Invesco S&P SmallCap Momentum ETF,Y
7430,XSOE,WisdomTree Emerging Markets Ex-State Owned Enterprises Fund,Y
7431,XSVM,Invesco S&P SmallCap Value with Momentum ETF,Y
7432,XSVN,BondBloxx Bloomberg Seven Year Target Duration US Treasury ETF,Y
7433,XSW,State Street SPDR S&P Software & Services ETF,Y
7434,XTAI,Corgi Taiwan 2x Daily ETF,Y
7435,XTAP,Innovator U.S. Equity Accelerated Plus ETF - April,Y
7436,XTEN,BondBloxx Bloomberg Ten Year Target Duration US Treasury ETF,Y
7437,XTJA,Innovator U.S. Equity Accelerated Plus ETF - January,Y
7438,XTJL,Innovator U.S. Equity Accelerated Plus ETF - July,Y
7439,XTL,State Street SPDR S&P Telecom ETF,Y
7440,XTN,State Street SPDR S&P Transportation ETF,Y
7441,XTNT,"Xtant Medical Holdings, Inc. Common Stock",N
7442,XTOC,Innovator U.S. Equity Accelerated Plus ETF - October,Y
7443,XTR,Global X S&P 500 Tail Risk ETF,Y
7444,XTRE,BondBloxx Bloomberg Three Year Target Duration US Treasury ETF,Y
7445,XTWO,BondBloxx Bloomberg Two Year Target Duration US Treasury ETF,Y
7446,XTWY,BondBloxx Bloomberg Twenty Year Target Duration US Treasury ETF,Y
7447,XUDV,Franklin U.S. Dividend Booster Index ETF,Y
7448,XUSP,Innovator Uncapped Accelerated U.S. Equity ETF,Y
7449,XV,Simplify Target 15 Distribution ETF,Y
7450,XVAP,FT Vest AAPL & Target Income ETF,Y
7451,XVNV,FT Vest NVDA & Target Income ETF,Y
7452,XVO,Corgi U.S. Mid-Cap 2x Daily ETF,Y
7453,XVTS,FT Vest TSLA & Target Income ETF,Y
7454,XVUG,Corgi U.S. Growth 2x Daily ETF,Y
7455,XVV,iShares ESG Select Screened S&P 500 ETF,Y
7456,XW,Corgi Ex-U.S. Equities 2x Daily ETF,Y
7457,XWNG,Amplify Top 10 Space ETF,Y
7458,XXI,"Twenty One Capital, Inc. Class A Common Stock",N
7459,XXRP,Teucrium 2x Long Daily XRP ETF,Y
7460,XXV,Simplify Ancorato Target 25 Distribution ETF,Y
7461,XYF,"X Financial American Depositary Shares, each representing six Class A Ordinary Shares",N
7462,XYL,Xylem Inc. Common Stock New,N
7463,XYLD,Global X S&P 500 Covered Call ETF,Y
7464,XYLG,Global X S&P 500 Covered Call & Growth ETF,Y
7465,XYZ,"Block, Inc. Class A Common Stock,",N
7466,XYZY,YieldMax XYZ Option Income Strategy ETF,Y
7467,XZO,"Exzeo Group, Inc. Common Stock",N
7468,YALA,"Yalla Group Limited American Depositary Shares, each representing one Class A Ordinary Share",N
7469,YALL,Truth Social God Bless America ETF,Y
7470,YANG,Direxion Daily FTSE China Bear 3X ETF,Y
7471,YBIT,YieldMax Bitcoin Option Income Strategy ETF,Y
7472,YBTC,Roundhill Bitcoin Covered Call Strategy ETF,Y
7473,YCBD,"cbdMD, Inc. Common Stock",N
7474,YCL,ProShares Ultra Yen,Y
7475,YCLO,Franklin BSP CLO ETF,Y
7476,YCS,ProShares UltraShort Yen New,Y
7477,YCY,AA Mission Acquisition Corp. II Class A Ordinary Shares,N
7478,YCY.U,"AA Mission Acquisition Corp. II Units, each consisting of one Class A ordinary share and one-half of one warrant",N
7479,YCY.W,"AA Mission Acquisition Corp. II Warrants, each whole warrant entitles to purchase one Class A ordinary share at a price of $11.50 per share",N
7480,YDEC,FT Vest International Equity Moderate Buffer ETF - December,Y
7481,YEAR,AB Ultra Short Income ETF,Y
7482,YELP,Yelp Inc. Common Stock,N
7483,YETH,Roundhill Ether Covered Call Strategy ETF,Y
7484,YETI,"YETI Holdings, Inc. Common Stock",N
7485,YEXT,"Yext, Inc. Common Stock",N
7486,YFFI,Indexperts Yield Focused Fixed Income ETF,Y
7487,YFYA,Yields for You Income Strategy A ETF,Y
7488,YGLD,Simplify Gold Strategy ETF,Y
7489,YINN,Direxion Daily FTSE China Bull 3X ETF,Y
7490,YJUN,FT Vest International Equity Moderate Buffer ETF - June,Y
7491,YLD,Principal Active High Yield ETF,Y
7492,YLDW,Westwood Enhanced Income Opportunity ETF,Y
7493,YLDY,Horizon High Income ETF,Y
7494,YMAG,YieldMax Magnificent 7 Fund of Option Income ETFs,Y
7495,YMAR,FT Vest International Equity Moderate Buffer ETF - March,Y
7496,YMAX,YieldMax Universe Fund of Option Income ETFs,Y
7497,YMM,Full Truck Alliance Co. Ltd. American Depositary Shares (each representing 20 Class A Ordinary Shares),N
7498,YOLO,AdvisorShares Pure Cannabis ETF,Y
7499,YOU,"Clear Secure, Inc. Class A Common Stock",N
7500,YPF,YPF Sociedad Anonima American Depositary Shares,N
7501,YRD,"Yiren Digital Ltd. American Depositary Shares, each representing two ordinary shares",N
7502,YSEP,FT Vest International Equity Buffer ETF - September,Y
7503,YSG,"Yatsen Holding Limited American Depositary Shares, each representing twenty (20) Class A Ordinary Shares",N
7504,YSPC,YieldMax SPCX Option Income Strategy ETF,Y
7505,YSS,York Space Systems Inc. Common Stock,N
7506,YUM,"Yum! Brands, Inc.",N
7507,YUMC,"Yum China Holdings, Inc. Common Stock",N
7508,YUNG,Corgi Longevity Consumer ETF,Y
7509,YXI,ProShares Short FTSE China 50,Y
7510,YYY,Amplify CEF High Income ETF,Y
7511,YYYM,Amplify Municipal CEF High Income ETF,Y
7512,ZALT,Innovator U.S. Equity 10 Buffer ETF - Quarterly,Y
7513,ZAPR,Innovator Equity Defined Protection ETF - 1 Yr April,Y
7514,ZAUG,Innovator Equity Defined Protection ETF - 1 Yr August,Y
7515,ZBH,"Zimmer Biomet Holdings, Inc. Common Stock",N
7517,ZCBA,Global X Zero Coupon Bond 2030 ETF,Y
7518,ZCBB,Global X Zero Coupon Bond 2031 ETF,Y
7519,ZCBC,Global X Zero Coupon Bond 2032 ETF,Y
7520,ZCBE,Global X Zero Coupon Bond 2033 ETF,Y
7521,ZCBF,Global X Zero Coupon Bond 2034 ETF,Y
7522,ZCBG,Global X Zero Coupon Bond 2035 ETF,Y
7523,ZDEK,Innovator Equity Defined Protection ETF - 1 Yr December,Y
7524,ZDGE,"Zedge, Inc. Class B Common Stock ",N
7525,ZDIS,Virtus Zevenbergen Discovery Growth ETF,Y
7526,ZECP,Zacks Earnings Consistent Portfolio ETF,Y
7527,ZEPP,"Zepp Health Corporation American depositary shares, each representing sixteen Class A ordinary shares",N
7528,ZETA,Zeta Global Holdings Corp. Class A Common Stock,N
7529,ZETX,Defiance Daily Target 2x Long ZETA ETF,Y
7531,ZFEB,Innovator Equity Defined Protection ETF - 1 Yr February,Y
7532,ZGN,Ermenegildo Zegna N.V. Ordinary Shares,N
7533,ZH,"Zhihu Inc. American Depositary Shares, each representing three (3) Class A Ordinary Shares",N
7534,ZHDG,ZEGA Buy and Hedge ETF,Y
7536,ZIG,The Acquirers Fund,Y
7537,ZIM,ZIM Integrated Shipping Services Ltd. Ordinary Shares,N
7538,ZINC,Zacks Income ETF,Y
7539,ZINN,Virtus Zevenbergen Innovative Growth ETF,Y
7540,ZIP,"ZipRecruiter, Inc. Class A Common Stock",N
7541,ZJAN,Innovator Equity Defined Protection ETF - 1 Yr January,Y
7542,ZJUL,Innovator Equity Defined Protection ETF - 1 Yr July,Y
7543,ZJUN,Innovator Equity Defined Protection ETF - 1 Yr June,Y
7544,ZKH,"ZKH Group Limited American Depositary Shares, each representing thirty-five (35) Class A Ordinary Shares",N
7545,ZMAR,Innovator Equity Defined Protection ETF - 1 Yr March,Y
7546,ZMAY,Innovator Equity Defined Protection ETF - 1 Yr May,Y
7547,ZNOV,Innovator Equity Defined Protection ETF - 1 Yr November,Y
7548,ZOCT,Innovator Equity Defined Protection ETF - 1 Yr October,Y
7549,ZONE,CleanCore Solutions Inc. Class B Common Stock,N
7550,ZROZ,PIMCO 25  Year Zero Coupon U.S. Treasury Index Exchange-Traded Fund,Y
7551,ZSB,USCF Sustainable Battery Metals Strategy Fund,Y
7552,ZSC,USCF Sustainable Commodity Strategy Fund,Y
7553,ZSEP,Innovator Equity Defined Protection ETF - 1 Yr September,Y
7554,ZSL,ProShares UltraShort Silver,Y
7555,ZTAX,X-Square Municipal Income ETF,Y
7557,ZTO,"ZTO Express (Cayman) Inc. American Depositary Shares, each representing one Class A ordinary share.",N
7558,ZTR,Virtus Total Return Fund Inc.,N
7559,ZTS,Zoetis Inc. Class A Common Stock,N
7560,ZVIA,Zevia PBC Class A Common Stock,N
7561,ZVOL,Volatility Premium Plus ETF,Y
7563,ZWS,Zurn Elkay Water Solutions Corporation Common Stock,N
